text,label
Pembayaran belum bisa pake QRIS pasti lahan korupsi... harga tiap aplikasi pembayaran pun beda mau jual aplikasi kan?. coment and rate star pun bisa di set guna user bot / ai...,APLIKASI
"Kenapa aplikasi tidak bisa guna pada saat luar negeri,, padahal ada slogan bisa guna mana saja dan kapan saja.",APLIKASI
Tidak ada respon sama sekali dari pihak PLN pengaduan dari kemarin sampai sekarang tidak ada tindak dari PLN malah pengaduan saya di batal buruk,LAYANAN
Saya mau pasang iconet pasti tidak pernah di proses sama pihak iconet ngestuck di verifikasi data,APLIKASI
Mahal banget pakai listrik udha rang tetep lebih mahal pas bayar dari bulan belum,LAYANAN
Belit belit anjing urus pasang listrik baru ama PLN kerja y pada ngentot,LAYANAN
Sampah,UMUM
"1 bulan lalu saya laku pengaduan di aplikasi lama sekali di tangan bsa smpek 1 minggu tidak ad tugas yang datang, telah saya telpon 123 bru gercep datang, lalu akhir januari kemarin jga saya laku pengaduan lagi di aplikasi tapi lama di tanganani, masa saya harus nelpon 123 lagi agar cepat di tangan berapa pulsa saya yang habis krna harus nelpon 123 terus? untuk apa ada aplikasi ini kalau tangan nya lambat dan musti nelpob 123 lagi! mohon di perbaiki lagi",LAYANAN
Aplikasi bobrok. kerja PLN nol besar putus sementara tanpa info apa dan cabut meter sekali lagi. tidak ada info apa gila. kelas perintah tapi kerja nol besar. moga tidak jadi di orang lain. sejak tanggal 30 januari hingga 1 februari belum di pasang kembali. seperti baru akan di pasang 10 hari depan sila bersenang-senang sulit hidup orang lain. saya buat 5 lapor pengaduan tapi hingga saat ini belum ada selesai,LAYANAN
Perbarui baru banyak bug-nya mana pembayaran di e-wallet hasil namun di aplikasi tiba-tiba di batal uang saya langsung hangus gabis retur,APLIKASI
"Jangan pakai aplikasi PLN mobile ini, aplikasi lambat, kerap masalah beli token gagal terus, tapi uang di potong, dan tidak kembali parah PLN no. lapor 3698770 sudah satu bulan uang tidak di kembali kapan di tindak lanjut nya? jangan mengada-ada ya PLN",APLIKASI
Lebih baik hapus fitur batal lapor dari pihak tugas karena sangat sering sekali tugas lapang batal lapor cara pihak dengan terang lapor batal langgan dan ujung tidak ada baik sehingga langgan harus ulang buat lapor 2 sampai 3 kali karena selalu batal tugas,LAYANAN
"Aplikasi PLN yang tidak ada manfaat untuk saya, sudah aju pasang baru lewat aplikasi harus tunggu verifikasi PLN unit, sudah 2 minggu tidak ada tindak lanjut, sudah buat lapor berkali-kali, mungkin harus guna calo",APLIKASI
Lambat,UMUM
"Aplikasi mobile PLN tgl 1 feb sore dalam pelihara saya terlunta-terlunta di rest area saat keluar kota karena aplikasi PLN dalam pelihara dan saya tidak bisa charge mobil,saat contac dengan cs live di tanggap dengan buat lapor helpdesk dan di suruh tunggu tanggap lapor 1 x 3 jam... yang benar saja 1 x 3 jam? 1 jam telah terus coba keluar masuk aplikasi baru bisa...",APLIKASI
"KWH meter rusak, sudah bulan lebih tidak ganti tidak ada berita sama sekali, sudah saya komplain ulang kali di PLN mobile ini juga tidak ada yang telpon saya tiba lapor saya selesai begitu saja.",LAYANAN
Gk guna lambat,LAYANAN
Jelek,UMUM
Aplikasi bobrok stuck di kode verifikasi ampas banget,APLIKASI
Kurang muas,UMUM
"Tiap bulan ke bulan pembayaran makin naik terus, kenap ya,padahal lampu alat dan alat listrik nya itu itu saja yang di guna",LAYANAN
Bagaimana ini aplikasi saldo saya yang harus masuk ke rekening malah ilang riwayat padahal itu sisa saldo ngecas mobil lwat aplikasi PLN bagaimana kalau sudah gini saya email pun gaada responnya... 60 rb itu lumayan buat saya ngecas mobil lagi kan. sakit orang indonesia suka tidak jujur tidak bertanggungjawab,APLIKASI
"Layan kurang baik, tiap bikin lapor pengaduan kurang transparan selalu di status batal oleh langgan namun belum ada tindak dari tugas",LAYANAN
Aplikasi gk jelas tiap scan ujung ujung anda di luar jangkau marah,APLIKASI
Mesti tidak perlu ada biaya admin,APLIKASI
Awal pengaduan saya sudah beri bintang 5 sejak hari pengaduan sampai sekarang belum juga laku kece pada meteran.saya sangat kecewa sudah mau satu minggu.akhirnya sya kasih bintang 1.,LAYANAN
"Saldo refund di tarik ke rekening,saldo sudah potong namun berhari-berhari belum masuk ke rekening,payah!",APLIKASI
"Layan PLN sangat minim tiap pagi pasti mati lampu khusus tiap hari senin pasti mati lampu PLN saya sudah konfirmasi dengan orang lapang tapi tidak langsung di gubris, saya mau absen online dari jam 06.30 sampai sekarang jam 07.54 masih tidak bisa di buka karega kendala signal jelek sebab lampu PLN mati. tidak perlu pihak plin klarifikasi sampai rumah saya mau minta bintang 5 di aplikasi PLN mobile, harus benah usaha kalian kenapa tiap pagi mati terus PLN",LAYANAN
Jd susah login,APLIKASI
"Login email tidak bisa langsung login nomor jadi di arah bukan ke login tapi create account, tolong fix kan bugnya",APLIKASI
"Segala hal dari PLN buruk, sudah tidak perlu saya jelas lagi",UMUM
"Adminnya lama banget, utama mba CC 54 sartika",LAYANAN
Tidak bisa daftar atau login,APLIKASI
"PLN sangat tidak rekomendasi, baru awal bulan listrik mati, nomor telepon pegawai nya tidak ada yang aktif, mati listrik tidak ada pemberitahuan dan mati jam jam, kalau sudah kayak gini siapa yang mau tanggung jawab!? bobrok banget",LAYANAN
Bajing,UMUM
Sangat buruk... layan tidak baik.buat pengaduan sampai 3-4 x tidak ada respon.malah di batal,LAYANAN
"Terus lapor ke PLN kait lama, telah 6 jam pengaduan nyata tidak ada lapor masuk. sebal",LAYANAN
"Sistem pengaduan sangat buruk,saya lapor 2 hari yang lalu sampai skrng belum ada",LAYANAN
Respon tugas buruk!,LAYANAN
Mengapa 2 bulan ini aplikasnya sulit di akses??,UMUM
"Aplikasi ini terlalu berat pas di buka, pakai yutube lancar saja buka PLN mobile tidak kuat/gak respon.",UMUM
Lama sekali tunggu pembayaran lewat aplikasi sampai saat sekarang ini,APLIKASI
"Listrik padam dari jam 18 sampai jam 22.52. sudah lapor 123 berkali-kali, suruh tunggu tanpa hasil. lapor di aplikasi di proses, sudah nyala. bohong!",LAYANAN
"Hari mati lampu tidak jelas! listrik bayar ini bukan gratis, rusak elektronik kalian buat lama",LAYANAN
Super slow respon,LAYANAN
"Makin lama, makin lama loadingnya.",UMUM
"Fitur live chat tidak guna, admin ai ngomong apa balas tidak hubung KWH error lapor dari jam 08.00 tidak ada tugas sama sekali datang sampai besok tidak niat kerja atau bagaimana",LAYANAN
"Kasi 1 dulu, dari kemarin sampai keluh pengaduan belum tangan",LAYANAN
Belum bisa bayar di app pake QRIS jadi masih ada biaya admin. bayar di va juga masih ada biaya admin,APLIKASI
"Rating 4,9 tapi layan dan fitur sering error tari uang pun error juga haduh, sudah ke ambil uang tapi tidak ada riwayat dan kirim pun belum juga",APLIKASI
Teralalu lambat tangan pengaduan periksa,LAYANAN
Kurang muas,UMUM
Sudah download masih saja sering mati lampu,LAYANAN
Cek madam sekitar tidak bisa,APLIKASI
"Tolong perbaiki kode perivikasi email lambat masuk, tidak bisa daftar",APLIKASI
Arus listrik sini tidak sampai 220 volt.madam terus lampu kandang sampai 22 jam padam,LAYANAN
"Sudah minggu minta pasang meter baru, tiap hari cuma balas 1 kalimat!",LAYANAN
Kami harap sbg masyarakat layan di benah khusus di desa desa,LAYANAN
"Aplikasi bagus banyak fiturnya, cuma masalah pengaduan sangat lambat sekali, pdam listrik smpai 3-4 jam belum juga nyala pdhal sudah pengaduan lewat aplikasi, kendala apa kita tidak diksih tau kalau dulu kita lapor di aplikasi tidak lama kita di whatsap dri pihak PLN untuk sekarang makin lambat tangan",LAYANAN
"Awal-awal download aplikasi ini sering bikin pengaduan madam listrik, dibalesnya cepat ama adminnya bahkan di telpon ampe 3 x tiap bikin pengaduan, e makin kesini makin tidak laden boro-boro di telpon direspon saja tidak tu pengaduan. sini sering banget mati lampu. heraan",LAYANAN
Kadang untuk hilang notifikasi periksa pada meter lama sekali untuk tunggu kode tampernya saya tunggu 5 jam untuk hal yang tidak pasti,LAYANAN
"Respon lambat, gilir gangguan lambat, gilir bayar gaboleh telat!",LAYANAN
Mati lampu jam 12 malam. saya ingin beli token di jam 00 18 wib namun dapat notifikasi transaksi layan PLN sedang tutup 23 40 - 00 15 wib anda dapat laku transaksi kembali telah waktu sebut mohon diperbaiki kerja itu kasihan yang mati lampu malam kerja nya tidak sesuai informasi penting yang laku terimakasih,APLIKASI
Pengaduan lama respon nya,LAYANAN
"Layan yang sangat buruk untuk sektor balikpapan utara kalimantan timur teknisi malas tidak mau kerja lapor jam 6 sore, datang besok subuh, sangat kecewa usaha listrik negara ini.",LAYANAN
"Tentang notifikasi kode lama dari malam tidak ada notifikasi padahal sudah benar nomernya tidak ada yang salah, lambat banget terus responnya lama tidak cepat",APLIKASI
Masih susah login belum bisa akses buat bayar tagihan listrik,APLIKASI
PLN blitar no respon,LAYANAN
"Pengaduan di PLN mobile otomatis selesai padahal belum ada tugas datang. kemarin saya sampai 3 x bikin pengaduan baru tugas datang 2 pengaduan belum nyata selesai padahal belum ada tugas yang datang. fitur chat dengan tugas juga tidak fungsi hari ini saya bikin pengaduan lagi karena nyata hasil kemarin listrik saya belum beres. telah mcb di KWH meter ganti kemarin, dari malam sampai pagi ini 4 x drop, mgkn mcb ganti juga lemah.",LAYANAN
Lama sekali sa tunggu nda datang,LAYANAN
"Saya kasih bintang 5 buat aplikasi karena cukup baik, tidak seperti layan PLN yang sangat buruk, terlalu sering mati listrik, entah hujan atau tidak. sangat kurang produktivitas karena saya harus henti kerja karena mati listrik. alhasil harus begadang untuk selesai",LAYANAN
Tangan lambat mulai tadi malam kilometer mati sampai sekarang belum ada tagan,LAYANAN
Respon lama,LAYANAN
"Pakai ktp subsidi tetap tidak bisa daftar KWH meter daya 450, padahal ktpnya belum pakai sama sekali",LAYANAN
"Saya beli token 200.0 sudah sesuai nominal dan nomor rekening nya. tapi tidak pembayaran tidak deteksi saya sudah chat bagi chat online nya, sudah sya kirim bukti transfer tapi ktnya tetap belum masuk masuk pmbayarannya. akhir kecewa.",APLIKASI
"Kerja yang tunjuk dalam menu pengaduan tidak mampu beri respon dari PLN ats keluh langgan siapa yang tangan masalah, apa solusi yang beri dan feedback langgan ats tangan pengaduan yang sampai",LAYANAN
"Pihak PLN tolong kalau ada baik atau putus arus listrik kasih tau lewat SMS atau apa yang penting ada pemberitahuan belum madam listrik khusus daerah yang dampak saja saya jengkel kerja di depan komputer tiba-tiba listrik mati beberapa detik lalu nyala lagi, terus mati lagi beberapa detik habis itu nyala lagi. kan kurang ajar bikin komponen komputer jadi cepat rusak. khusus kalau ada bencana tetap kasih tau telah biar masyarakat itu tidak sumpah serapah ke PLN",APLIKASI
Banyak trouble dan sring error. banyak kembali ke menu awal waktu masuk kode dan photo tamper di meter,APLIKASI
Di daerah kec camplong kab sampang kalau hujan mati hidup mati hidup bikin rusak k alat elektronik,LAYANAN
Layan live chat lambat verifikasi subsidi selalu gagal. padahal id ktp belum cek sudah daftar subsidi,LAYANAN
Tidak bisa login. loading terus,APLIKASI
"Sangat susah untuk buka aplikasi ini padahal sudah di perbarui otomatis,jaringanya muter muter terus dan proses lama,tolong diperbaiki agar lebih mudah menggunakanya",APLIKASI
"Saldo bank sudah potong tapi status masih nunggu pembayaran, korup amat token 20 ribu doang",APLIKASI
"Saya sudah 3 kali lapor gangguan listrik yang saya alami lewat aplikasi ini, yaitu sering laku madam listrik di daerah saya tanpa pemberitahuan. telah dapat nomor komplain, saya pantau terus tindak lanjut tapi sayang sekali tidak di perbarui aneh telah tunggu kurang lebih 3 jam sampai listrik padam. tiba-tiba lapor saya status ubah jadi batal oleh konsumen. padahal tidak pernh saya laku",LAYANAN
Responnya lama banget,LAYANAN
Beberapa kali error tidak dapat scan barcode untuk charge mobil EV kemudian tiap chat hotline baik lewat app atau sambung whatsapp tidak beri solusi sama sekali,APLIKASI
Bikin pusing cara daftar nya masukin kode harus extra cepat,APLIKASI
"Buat pengaduan kendala listrik, pas mau cek pengaduan malah gaada, apps error heran.",APLIKASI
Layan kurang muas listrik padam dari jam 19 00 hingga 23 45 blom juga tangan kecewa padahal buat usaha sampai ngantuk ditungguin gk datang tugas gk ada respon,LAYANAN
"Layan kurang, respon kurang cepat. tolong pihak PLN mobile untuk depan diperbaiki lagi sistem layan nya.",LAYANAN
Tiap ada lapor undur undur,LAYANAN
"Payah slow respon, baru tau afa pengaduan yang bisa di cancel pihak",LAYANAN
"Layan buruk,,, lapor server penuh tidak tanggap pajak buat apa",APLIKASI
"Instal aplikasi,daftar,transakai lewar ini aplikasi eh ada madam tidak kasih info.mbok yao kalau ada madam kasih info lewat aplikasi ini biar ada siap",APLIKASI
Daftar email sudah masuk kan verkali kali tidak dapat kode verifikasi terlalu rumit,APLIKASI
"Begini aplikasi perintah tidak aplikasi tidak website, masa mau login atau daftar saja susah",APLIKASI
Gajelas sudah beberapa akun email tapi tetap tidak ada notifikasi verivikasi ke email. dan bilang sudah di kirim via email,APLIKASI
Aplikasi tidak ada fungsi login saja tidak bisa. tidak niat buat aplikasi PLN,APLIKASI
"Benar saya malas kasih rating,berhubung saya alami kendala yang panjang hanya karena masalah sepele tapi gk juga ada penyelesaian,yg balasin lapor saya juga robot jd gk selesai tu urusan,ribet jdny!",LAYANAN
PLN medan selatan mmg hancur cara kerja ini kali dua listrik kami naik tagih dengan alas rumah pagar smntara biasa 450 ribu tagihan saya... sekarang 680 an... say tidak terima ya... tolong normal kembali tagihan saya... rumah rievera blok m no 86 bangun mulia amplas...,LAYANAN
"Buat ngecharge mobil di SPKLU terlalu sering error,nyantol di pembayaran terus gagal,eror no healthy upstream,can not connect upstream padahal fatal banget untung bawa portable,ngecharge di SPLU demi sambung hidup alhamdulillah nyampe rumah sisa 8,ac off, audio off, fan off, speed max 40 km/j 3 SPKLU error sama",APLIKASI
Aplikasi gagal tidak bisa sambung ke pembayaran,APLIKASI
Aplikasi lucu... masak lapor padam bisa batal tetapi alas batal oleh langgan padahal saya tidak pernah klik batal itu nama curang...,LAYANAN
"Lambat parah, buka history data ilang, super-super not recomended, mending beli di e-commerce, sama-sama kena admin tapi g lambat jijik kek ni aplikasi",UMUM
"Tidak bisa exit aplikasi lalu back button, harus guna home button",UMUM
Aceh padam,LAYANAN
"Error terus, nyata kelas PLN tidak bisa buat aplikasi ya",UMUM
"Tidak guna ngalami gangguan listrik jam 5 sore masih padam sendiri sementara rumah lain sudah pada nyala, sudah buat lapor lewat app ini cuman tanggap yang kata max 3 jam tangan nyata sampe pagi tidak ada tangan telp 123 juga hasil sama tidak ada tindak akhir jam 9 pagi ke kantor PLN tempat baru layan satpam yang jaga. dan yang bikin greget nyata tidak perlu ada tugas yang datang ke rumah listrik bisa nyala kalau seperti itu kenapa tidak segera tangan",LAYANAN
Nyesal,UMUM
Tarik saldo koq lama banget sekitar 5 hari. kaya jaman kuda gigit besi,APLIKASI
Mau lapor sampai di pilihn desa muat ulang terus aplikasi sampah,APLIKASI
Sering madam listrik di daerah jogja. tangan lama,LAYANAN
Kenapa metode beli token tidak ada pilih QRIS,APLIKASI
Charge di SPKLU putus sisa dana malah belum balik,APLIKASI
Gonta ganti sinyal mau masuk ke menu timeout terus,UMUM
Jelak aplikasi nya,UMUM
"Percuma ada aplikasi, kalau ujung²nya tetep suruh datang ke kantor... masih banyak oknum yang.?",UMUM
Kurang puas telah ada sistem verifikasi unit tempat masak mau minta ganti layan ke paska bayar suruh tambah daya,APLIKASI
Sayang tidak ada kanopinya.jadi kalau hujan tidak bisa di pakai.ruang tunggu juga tidak ad.tp satpam baik,UMUM
Nang lama,LAYANAN
Set mau bayar saja lama minta ampun... utama bisa pakai qiris... baya pakai dana harus masuk aktivitas dana dulu rumit mana keluar sendiri lagi kacauu...,APLIKASI
Susah masuk,APLIKASI
"Fitur chat putus-putus, fitur lacak tugas juga tidak fungsi...",UMUM
"Parumasan sodonghilir mati terus lampu hampir tiap malam,sekali mati satu hari tidak nyala nyala, lapor ke dekat kurang respon,iya.iya.iya di cek,hasill nihil,",LAYANAN
"Aplikasi PLN mobile bagus, untuk proses pasang KWH meter cepat dan saking cepat tugas lapang asal-asal pasang tanpa konfirmasi ke milik rumah mana yang harus 1300 dan 900. kemudian saya minta pindah kabel agar lebih tinggi karena tempel di atap rumah tetangga dan jawab itu salah awal pasang dari tugas awal dan tidak bisa diperbaiki dan yang lebih kejut lagi jawab dari tugas pasang dia takut jatuh karena tidak ada asuransi, apa benar seperti itu ya?",LAYANAN
"Lapor pju mati di tiang listrik PLN tidak bisa lapor listrik mati meter mcb ledak tidak bisa cuma di telpon di tanya habis itu bilang itu bukan tanggung jawab atau wenang kami, tidak guna aplikasi ini, layan fake",LAYANAN
Tidak bisa daftar,APLIKASI
"Maaf kasih bintang cuma 2 karena KWH meter selalu tunjuk kata periksa. tiap minggu sekali selalu seperti itu, pegawai memang kasih token tapi kadang besok tunjuk periksa lagi. sudah lapor kata ada masalah instalasi dan nyuruh saya minta tolong tetangga keluarga yang paham instalasi. meski ada yang bisa dan kalau ada rusa lagi yang ada pihak kami yang salah lalu apa guna nya pegawai PLN",LAYANAN
"Aplikasi tolol, bikin lapor tidak pernah ada yang dateng.",LAYANAN
PLN mobile sangat buruk,UMUM
Nelfon sama call center nya tele tele sampe pulsa habis kali kali,LAYANAN
Beli paket data aon 4 gb tidak masuk. parah. tidak di refund. moga balas allah swt.,APLIKASI
Tugas datang nya lama sampai 1 jam alas nya masih di jalan tapi waktu di telpon belum berangkat kecewa sekali saya sama layan PLN balikpapan,LAYANAN
Lapor PLN down tidak gubris malah adu selesai tapi lokasi listrik masih down.,LAYANAN
"Tukang listrik PLN kalau naik-naik atap rumah orang tengah malam minta izin dulu sama milik rumah tidak punya sopan santun! minta maaf pun tidak hingga selesai pergi begitu saja. kalau ada rusa rumah seperti bocor saat hujan, siapa yang mau tanggung jawab?!",LAYANAN
"Fungsi cek madam sekitar, lokasi slalu meleset jauh dari loasi kipadahal kalau di cek di layan sya lokasi sesuai.",APLIKASI
Faham kan?,UMUM
Tolong sampai kan masalah internet tidak becus bayar tgl 12 bulan kemarin mati dari tgl 8 tidak nyala juga,LAYANAN
Habis buat lapor gangguan terus masuk telpon scam modus tugas PLN tapi pakai nomor pribadi. minta nomor lapor tapi yang kirim kode OTP wa. tanya tugas darimana dia tau detail lapor alamat dan nama lapor nyata ada yang alam dengan saya. tolong benah internal bobrok banget kok bisa data langgan bocor! sudah kirim email pengaduan ke email PLN tapi jawab tidak hubung tidak mungkin orang luar tau data langgan tolong anggap serius masalah ini.,LAYANAN
"Kenapa pasang listrik di kota batam khusus nya di camat sei beduk lurah tanjung piayu sangat mahal untuk 10 a di patok harga rp. 3.500.0,- saya daftar lalu aplikasi kata desa/kelurahan tanjung piayu belum pilah unit, silah hubung PLN dekat - v 003 tolong di bantu pak/ibu yang hormat",APLIKASI
Status aplikasi bisa ganti batal langgan tapi bukan oleh langgan itu. aplikasi macam apa ini?,LAYANAN
Kacau,UMUM
"Push rank mati listrik, PLN anj marah",LAYANAN
"Halo min,,kenapa saya pakai aplikasi PLN mobile untuk lapor pengaduan tentang tali listrik di daerah desa selalu di batal pelanggan,,kata nya aplikasi PLN mobile bisa membantu,tpi kok tidak bisa?",LAYANAN
Respon time nya tolong di perbaiki. masa lapor jam 5 sore jam 7 sore belum dateng-dateng itu tugas PLN,LAYANAN
"Listrik mati, sudah lapor tapi detail alamat salah. sudah 4 hari tidak di progres.",LAYANAN
Mohon info dulu belum KWH nya ganti oleh PLN 1300 watt di rumah masih bis adi pqke buat ngelas mma sekarang telah ganti kok malah tidak bisa di pake... mohon solusi nya,LAYANAN
Tidak solutip,LAYANAN
Lambat dalam penanganan.bikin kesal,LAYANAN
"Pengaduan malah di batalin tidak ada respon, tak guna",LAYANAN
"Layan sangat lama lapor dengan aplikasi, whatsapp dan nomor telepon juga lamban. sudah jawab masi tanya melulu. kami butuh tangan khusus malah sepele dan bodoh apa fungsi kita bayar pajak kalau layan bodoh dan jengkel seperti ini",LAYANAN
Jelek,UMUM
"Tolong aplikasi nya di perbaiki, masuk ke pembayaran aplikasi loading terus buang waktu",APLIKASI
"Kelas layan live chat lambat loading dan nge lag, nunggu 1 - 2 menit tiap tulis chat. selalu keluar tulis customer seems to be disconnected from chat. aneh, kita online terus bilang disconnected. dia yang ilang-ilang kita nunggu respon kayak nunggu undi umrah",APLIKASI
"Aplikasi apa ini, sudah beli token tapi tidak mau kasi liat tokennya",APLIKASI
"Kirim tokennya lama, lebih cepat pake aplikasi lain pihak tiga",APLIKASI
"Busuk. beli token tidak keluar keluar nomor uang di bank sudah tarik tapi nomor token belum keluar. ngelakuin pengaduan malah bertele-tele, tidak kelar-kelar urus",APLIKASI
"Tegang listrik di tempat saya cuma 170 volt, sampai sekarang tidak ada solusi dari PLN masa kita yang suruh pasang tiang, mana itu pikir nya orang pln...kacau",LAYANAN
Sudah beli token 500 ribu. pakai fotur transfet cimb. sudah di transfet 500.114 gada ubah pas chat agen live bilang gada data kalau saya beli. helo. ini beneran aplikasi PLN mobile bukan ya rugi gua beli. mending beli di bank sekali mahal dikit gapapa yang penting tidak repot kaya sini gada mau kembali uang juga. kalau memang aplikasi belum sepenuh jadi. tidak usah di tambahin fitur fitur begini sudah bner ini cuma buat pengaduan doang tidak usah pake ada fitur beli,APLIKASI
Lambat...pengaduan pake telepon dulu ke costumer.bukannya sudah jelas ada alamat nya.ya kalau saya pas lagi pegang hp... kalau lagi jalan,LAYANAN
Tagihan saya ledak padahal rumah saya kosong sudah 3 bulan saya sudah konfirmasi ke PLN tanjung morawa tapi tidak ada jelas sampai hari ini di telpon sudah tidak mau angkat bingung harus bagaimana,LAYANAN
"Aplikasi sangat bantu cuma tolong bagi developer buatin agar bisa ganti email saya mau ubah email gk bisa, yang bisa cuma ubah nomor hp. tolong ya developer perbaiki fiturnya",APLIKASI
"Sedikit cerita, KWH meter saya muncul tanda periksa, telah di cek tugas nyata KWH meter sudah rusak terus listrik langsung tnp lewat KWH meter per tgl 11-1-2026 kemudian tgl 5-2-2026 KWH meter baru pasang pakai bulan biasa 150 rb buat beli token masih sisa hal ini periode tgl 11-2-2026 sampai 5-2-2026 belum genap 1 bulan sama PLN suruh bayar 205 rb! padahal pakai juga biasa saja",LAYANAN
Layan sangat lambat. nang juga lambat. nang belum selesai tapi notifikasi aplikasi minta selesai,LAYANAN
Lampu sering padam,LAYANAN
"Kecewa tangan lambat, fitur pengaduan kurang responsif sering error",LAYANAN
"Penangannan lambat,sdh lapor 2 x perihal putus alir listrik,sampai sekarang belum ada tugas yang dtng,lewat live chat maupun CC 123,kalau langgan telat bayar saja cepat mutusnya kalau sudah bayar slowres,payah",LAYANAN
"Aplikasi banyak manipulasi, pengaduan kali kali tidak ada tanggap aplikasi sama call 123 sama saja service pengaduan nya, apalagi tugas",LAYANAN
Bagaimana cerita tiap hari bisa rugi.,UMUM
Slow respon tugas,LAYANAN
"Untuk pihak teknisi di daerah saya kerja kurang,dan lapor selalu di tolak,mohon untuh evaluasi kerja PLN nya,kalo ada teknisi kurang profesional harus di tindak lanjut",LAYANAN
Layan sangat buruk hari malam mati lampu.percuma ada aplikasi PLN mobile pengaduan... bayar telat di denda mati lampu puluh jam di biar,LAYANAN
Layan buruk,LAYANAN
Gk bisa masuk,APLIKASI
Error tidak jelas,UMUM
"Kode verifikasi email tidak muncul-muncul, pengaduan lewat wa tidak atas masalah meter bunyi",APLIKASI
Respon lama ingin minta kode lama,APLIKASI
Tegang naik turu di rumah saya dan saat tetangga nyala blender rumah saya kena dan kabel listrik saya sudah saya ganti dari dulu yang bagus dan manggil PLN pun tidak guna mana orang cuek banget anjerr truss saya harus minta tolong siapa,LAYANAN
Cs nya di chat tidak solutif... tidak bisa kasih jelas yang jelas.,APLIKASI
"Dartar saja tidak bisa, itu kode OTP ke email cuma gimmick kah",APLIKASI
Komplain tidak atas hanya jawaban/respon yang tidak guna,LAYANAN
"Nyoba beli paket internet diapk ini, tau gagal, dana direfund tapi tidak semua, adm tidak kembali dana refund masuk ke saldo PLN dana tidak bisa tarik ke rekening karena kata minimal buat narik ke rek. kurang mesti min 25 rb, di coba buat beli pulsa atau paket internet saja nyata tidak bisa, pas mau co pilih pembayaran gk ada opsi pake saldo PLN di coba beli token listrik saja juga sama gk bisa, pas co gk ada opsi pake saldo PLN mau nyoba isi saldo PLN biar bisa tarik gk bisa juga.",APLIKASI
PLN mobile kok tidak ada pilih login dengan google jugak tidak ada pilih daftar guna email kok cuman nomor hp doang.? kurang bagus ini tidak ada pilih login dengan google atau daftar guna email.!,APLIKASI
Layan aplikasi PLN mobile sekarang buruk... daftar tambah daya untuk tarif bisnis dan sosial terlalu lama untuk nunggu verifikasi nya... saya daftar untuk area PLN cikokol... sudah 4 hari tidak ada jelas pegawai nya kerja nya apa ya... masa verifikasi tambah daya saja harus nunggu lama...,APLIKASI
"Layan PLN mobile brengsek mau hapus akun tidak bisa mau hapus id langgan tidak bisa pake registrasi ke ktp segala mau ubah nama id langgan tidak bisa, layan macam apa ini kok sulit brengsek! mengapa pake harus virefikasi ke ktp segala orang cuman buat ngecek ngecek doang saya buat akun PLN mobile ini lihat lihat doang ngecek tagihan kok sulit kayak gini layan brengsek orang PLN ini kurangajar. marah marah marah",APLIKASI
"OTP allo wallet sampe tidur tidak dateng-dateng juga. kalau sekira belum final aplikasi nya, mending tidak usah ada menu pembayaran via allo wallet",APLIKASI
Bagaimana ya kok sudah sampir minggu belum di pasang listrik saya,LAYANAN
"Sayang layan lambat sudah lapor listrik masalah tegang drop dari jam 1 ini sampai jam 5 juga belum datang tugas call center 123 tidak bisa d telp, dan tidak bisa chat tugas",LAYANAN
"Saya buat lapor listrik padam di aplikasi PLN mobile, tetapi batal otomatis oleh sistem padahal listrik belum nyala waktu dan tanggal juga tidak relevan, lapor tgl 11/02/2026 jam 14.38 wib tapi tindak buat jam 14.01 kan tidak sesuai. listrik sering padam, 1 minggu bisa 2 atau 3 kali tanpa pemberitahuan. layan cs online juga buruk, cs hanya dar basa basi baik akan kami tindak lanjut tapi lapor batal otomatis. kecewa",LAYANAN
Pengaduan di aplikasi sering batal otomatis. buruk.,LAYANAN
"Tangan sangat lambat, lapor jam 16.34 wib sampe jam 18.20 wib belum juga tangan",LAYANAN
Listrik sering padam tanpa sebab. bayar mahal dan kalau telat denda. tapi sering padam tanpa sebab,LAYANAN
"𝚔𝚘𝚔 𝚗𝚐𝚊𝚔 𝚋𝚒𝚜𝚊 𝚍𝚊𝚏𝚝𝚊𝚛...𝚙𝚊𝚜 𝚖𝚊𝚜𝚞𝚔𝚊𝚗 𝚎𝚖𝚊𝚒𝚕 𝚗𝚐𝚊𝚔 𝚋𝚒𝚜𝚊 𝚋𝚒𝚜𝚊,𝚝𝚘𝚕𝚘𝚗𝚐 𝚍𝚘𝚗𝚐 𝚙𝚕𝚗",APLIKASI
Telah lapor tidak ada pegawai PLN yang datang untuk perbaiki saat lapor lewat PLN mobile jaring sangat lambat. padahal sudah guna wifi/data pun tetap lambat,LAYANAN
"Aplikasi sangat buruk, tidak bisa perbarui nomer id meter",APLIKASI
Listrik tidak stabil,LAYANAN
Tidak pernah ubah harus 3 kali pangaduan atau harus marah dulu ke kantor plnnya baru datang? percuma aplikasi hapus saja jangan pernah suruh tugas kalian ngemis datang minta kasih bintang 5 ya...perbaiki aplikasi nya bukan tugas suruh ngemis,LAYANAN
"Aplikasi tak jelas, sudah minggu lumpuh total, bagus di uninstal saja",UMUM
Layan belit beli,LAYANAN
Percuma download mas mbak karena tugas lambat kecuali kenal karyawan plnya langsung sat set,LAYANAN
Slow respon dalam tangan,LAYANAN
Perbaiki lagi aplikasi buka atau mau beli token muter muter.,APLIKASI
"Solusi meter token, tiba lampu padam. sedang kiri kanan lampu tetangga nyala. terus tombol tidak bisa pencet cerah nya pakai mesin token listrik fix jelek mesin nya. bagus meter listrik abodemen.",LAYANAN
"Ini ya selalu masalah di banda aceh ini suka kli mati lampu daerah lain tidak pernah mati lampu cuman komplek ini selalu mati lampu heran klii respon dari PLN nya juga tidak ada, penanganana nyaa sangat lama PLN rusak PLN tidak usah unduh aplikasi ini sangat buruk kau hapus saja aplikasi kau ni ya buruk kli banda aceh ini macam masalah beda klii kayak daerah lain",LAYANAN
"Banyak SPKLU r 2 yang rusak, titik di gmap salah. tolong perbaiki agar kami guna tidak bingung ikut direction PLN yang di tuju, jgn kalah ama belah",APLIKASI
Bugg terus,UMUM
Aplikasi sering error,UMUM
Tolong aplikasi ini guna banyak orang tolong segera perbaiki. untuk akses pasang baru,APLIKASI
Aplikasi sering ngebug...ga bisa buka lemot...akun tiba-tiba keluar sendiri,UMUM
Terlalu sering gangguan aplikasi,UMUM
"Data langgan tiba tiba kosong, tiap transaksi selalu minta rating bintang",UMUM
Mau daftar tidak bisa,APLIKASI
Nanti saja,UMUM
Aplikasi tipu beli token sudah transfer namun token tidak kirim capek nanya ke cs tapi jawab mutar mutar dari kutub utara ke kutub selatan. bisnis monopoli listrik dengan layan tidak profesional.,APLIKASI
"Syarat turun daya terlalu dipersulit,harus pake surat tidak mampu lah,ini lah,itu lah,bukan nya mudah",APLIKASI
Tidak praktis,UMUM
Dari kemarin sudah kabar langsung ke PLN nya lagi. tapi tidak datang baik masalah putus kabel tiang listrik nya. kami rumah tidak bisa guna listrik sudah beberapa hari,LAYANAN
"Layan lama, pengaduan sangat lama di proses sudah tunggu berjam-jam tidak ada tugas yang datang",LAYANAN
Pengaduan KWH meter periksa selalu crash appnya. sekali sukses tidak ada tindak lanjut tugas rumah. tugas lapang hanya perbarui formalitas tidak sesuai fakta lapang,APLIKASI
Tidak bisa daftar dan kluar aplikasi sendri.,APLIKASI
Tidak langsung di tanggap listrik kami mati lama 5 jam kami cafee terus bayar token listrik nya kami tapi apa gk ada guna aplikasi nya gk ada bantu,LAYANAN
Aplikasi tolol masa dalam proses baik status bisa di ubah ubah sama adminya PLN padahal masalah listrik belum beres tapi status di batal birokrasi tolol bin dongo.,LAYANAN
"Beli token gagal, duit tidak balik, sial",APLIKASI
"Sering logout tidak jelas, proses login dan daftar jadi 1",UMUM
"Transaksi kedaluarsa, tapi saldo potong 50 rb tidak balik-balik. aplikasi tidak guna",APLIKASI
"Aplikasi PLN mobile sangat bantu dalam layan langgan listrik, PLN mobile baik",UMUM
"Hati hati dengan aplikasi ini, transaksi dengan status kedaluarsa uang tidak kembali aplikasi tipu live chat tidak tanggung jawab.",APLIKASI
Kenapa saya laku pembayaran tidak bisa. dan ada tulis kadaluarsa. dan kenp... tiap pembayaran kok makin naik... padahal pakai gk banyak. masak belum jatuh tempo sudah ada tagihan yang tinggi... mohon cerah,APLIKASI
Aplikasi jelek. saya langgan EV charge. kembali sisa dana ke rekening sampai sekarang belum sampai. sudah lewat batas waktu maksimal yang tentu PLN mobile. fitur-fitur di dalam aplikasi juga banyak yang tidak fungsi hanya cuma hias aplikasi. lebih baik pakai aplikasi swasta saja,APLIKASI
"Bintang 2 dulu, aplikasi nya berat dan lambat",UMUM
"Parah, ini kenapa tiap mau ngajukan periksa waktu selesai foto langsung keluar, tolong diperbaiki",APLIKASI
Usaha sendat barang jual rusak. lapor listrik turun daya dari pagi belum ada tindak,LAYANAN
Sangat bantu,UMUM
Tambah rumit kata mudah apa yang di mudah sudah d upload data d suruh pula ngantar,APLIKASI
"Aplikasi anj g,,rekonek terus saat chat.perusahaan taik",APLIKASI
"Aplikasi ini tidak guna tidak bisa masuk nomor identitas saya, tidak bisa pindai untuk apa aplikasi ini guna",APLIKASI
Respon layan dan pengaduan sangat lambat,LAYANAN
Tolong di perbaiki lgi aplikasi dapat banyak kendala,UMUM
"Kami sudah lapor belum di 123 via telfon seluler, bahwa ada tiang listrik milik PLN miring jalan soekarno hatta provinsi sulawesi tengah, kota palu, dekat lampu merah sigma, sampai saat ini belum ada baik itu bahaya guna jalan, karena khawatir jatuh atau tumbang, soal tiang sebut ada atas bukit, tiang miring arah jalan raya, mohon kepada pihak PLN pusat untuk segera laku baik hadap tiang sebut",LAYANAN
"Percuma buat lapor pengaduan di aplikasi ini, tidak ada tugas yang datang rumah",LAYANAN
Balikpapan selatan tidak ada respon,LAYANAN
Kerja buruk sudah di masuk lapor di hari senin sampe sekarang tidak ada,LAYANAN
Sudah isi token 200 gagal di proses uang nya tidak balik,APLIKASI
Tidak bisa masuk,APLIKASI
"Saya kasih bintang 1 dulu, karena cuman 1 kali saja di konfirmasi lapor saya",LAYANAN
"Belum diperbaiki, komplain malah di batal",LAYANAN
Aplikasi lambat nggk serius bikin aplikasi,UMUM
Aplikasi lambat kembang nggk niat loadingnya saja 1 jam parah. aplikasi nggk diseriusin asal ada. kacau.,UMUM
Saya lapor 3 hari tidak di tanggap,LAYANAN
"Lama tidak pake aplikasi ini, lisyrik rumah tidak pernah ada masalah... donlod aplikasi ini baru beberapa bulan eh malah kena tagihan tidak jelas kata pakai tak ukur gila memang. aplikasi yang rugi dan sangat tidak guna logika rumah hanaya ada 1 orang tua jadi tidak mungkin bobol listrik ato aneh aneh. toh biasa listrik bulan habis tidak sampe 200 k. aplikasi yang rugi tidak jelas, enak sendiri tanpa ada pemberitahuan apa apa tiba tiba tidak bisa isi token.",LAYANAN
So annoying now they ask you to register. i only need the app to check token purchase date,APLIKASI
Aju migrasi/tambah daya kenapa harus tunggu verifikasi dari kantor PLN dan tunggu verifikasi lama sekali...trs guna aplikasi ini apa...?,APLIKASI
Sedih banget jd wni. pajak potong tiap bulan tapi dapet fasilitas dasar saja bapuk begini. anggar diabisin buat mewah jabat tapi tanggung jawab 0.,UMUM
Tidak bsh daftar,APLIKASI
Tolong perbaiki bagi lapor madam loading lama tidak ada ujung padahal jaring bagus.,APLIKASI
"Perbarui disc, saya ksh bintang 1 jgn sruh-sruh tugas lagi dtg kerumah,krn saya tidak akn ubah ulas dalam minggu ini, senin-rabu padam listrik d pagi hari! hari ini sabtu,14 feb. padam listrik dari jam 6 pagi, sekitar jam 10 nyala hanya 10 menit kemudian padam lagi.sekitar jam 1 an nyala tapi hanya nyala 30 menit belum nyala smpai jam 15.34 dzalim banget masyaallah PLN gumbang cabang PLN up 3 indralaya. 3 xmelapor d aplikasi, 3 xdbatalkan! asip saya yang simpan untuk kerja basi.asip ku berhrga tidak ada yang jual asip itu!",LAYANAN
"Saya turunin ratingnya, ini aplikasi tiba tiba error saat butuh mau complain mati listrik tapi aplikasi ikut error juga",APLIKASI
"SPKLU citra 8 danau tidak fungsi dengan baik, saldo ovo sudah debet",LAYANAN
"Susah banget mau transaksi, cuma bisa va mandiri",APLIKASI
Sangat buruk layan,UMUM
"Percuma lapor d aplikasi ini maupun di 123. saya lapor dari jam tengah 10 malam sampai jam 12 malam tidak ada tangan telah saya ke kantor wilayah PLN kata mereka lapor ke bagi unit. belum sampai ke kantor unit nya. tugas tlp saya, kata mereka baru terima lapor terus lapor saya yang dari jam tengah 10 malam yang terima oleh cs PLN tidak sampai kah.memang sesuai slogan. usaha llin negara.",LAYANAN
Pembayaran listrik bulan januari lonjak drastis dengan jelas kurang tagihan di bulan belum apa ada salah pada catat meter. keluh sudah sampai masih tunggu jawab,LAYANAN
"Saya sudah buat adu namun belum ada tindakan.saya sudah telpon nomor adu namun di putus belum bicara selesai.samapau saat ini gangguan belum teratasi.listrik tegang naik turun,mati nyala meteran.sudha hari belum ada tindakan.selain dari nyaman langgan saya juga kawatir alat elektronik kena dampak dri tegang yang terang redup terus terus",LAYANAN
"Jelek minus bener minus dan gua bener ining ada audit besar besar di instansi PLN ini, gua keluh sini yang pertama listrik di daerah saya pelosok kabupaten rembang pokok serang amat lampu, dan mari lampu itu tidak terima menit bahkan sampai jam jam, terus untuk layan baik jugaa sangat lama sekali apalagi kalau mati pasti di jam² rawan mau tidur sekitar jam 9 nan, aku tidak mau ada kata minta maaf sini aku ken ada tingkat layan titik",LAYANAN
Perbarui rating baru unit PLN di tempat saya kerja tidak becus. tiap hari padam listrik. lapor via PLN mobile selalu batal oleh admin PLN tugas tidak pernah beri informasi tentang gangguan madam memang PLN layak dapat rating 1,LAYANAN
"Kami sudah lapor belum di 123 via telfon seluler, bahwa ada tiang listrik milik PLN miring jalan soekarno hatta provinsi sulawesi tengah, kota palu, dekat lampu merah sigma, sampai saat ini belum ada baik itu tiang bahaya guna jalan, karena khawatir jatuh atau tumbang, soal tiang sebut ada atas bukit, tiang miring arah jalan raya, mohon kepada pihak PLN pusat untuk segera laku baik hadap tiang sebut",LAYANAN
Tidak bisa login,APLIKASI
Uang saya ke sedot pea banget,APLIKASI
"Iconet parah banget g masa 3 hari wifi mati... komplain kesana kemari sampe telpon, jawab nya suruh nunggu... 3 hari loch... sungguh sangat kecewa langgan",LAYANAN
Adu tidak pernah ada lapor tindak lanjut. edit sekarang mau buat pengaduan pun loadingnya tidak selesai-selesai. tolong kerja bener-bener.,APLIKASI
Lambat,UMUM
Kocak mati listrik terus anj,LAYANAN
"The service was terrible. i reported my electricity problem power outage yesterday, february 14 th, 2026, and still no one from PLN has come to my house or even contacted me until today 15 february. i ve tried calling and reconfirming, but they just keep saying the same thing, and nothing s changed.",LAYANAN
"PLN tidak jelas,tidak di respon keluh yang saya alami.",LAYANAN
Tolong tambah lagi pilih login via google/email. sangat repot kalau cuma kasih satu jalur login. aplikasi jadi asa mundur fungsi,UMUM
"Loading lama walaupun sinyal bagus, cs ngak faham sama sekali kena listrik, bukan kasih solusi tambah buat emosi",LAYANAN
"Sangat buruk, aplikasi berat di handphone. dan listrik di desa galang adipala sering padam.",LAYANAN
Buruk,UMUM
"Mau lapor mati, loading terus bangkee",APLIKASI
Mau daftar metode pembayaran tidak bisa...payah,APLIKASI
Aplikasi jelek. error terus malu-maluin,UMUM
Aplikasi sampah,UMUM
Notifnya batal langgan aneh. padahal langgan nunggu tindak lanjut,LAYANAN
"Aplikasi sampah...! bayar kudu tepat. gilir mau bikin pengaduan di aplikasi, upload pengaduan sampe 5 menit lebih ujung gagal. parah lagi, sudah coba 3 kali, tetap sama saja. kalau jaring sya yang masalah saya pakai buka ytube, no buffer. wa, ig, dan sosmed lain lancar...",APLIKASI
"Mau hubung akun gopay, tombol tidak ada respon sama sekali. cuma teken dan balik lagi biasa",APLIKASI
Kirim pengaduan mohon tunggu terus. kirim email tidak ada respons.,LAYANAN
"Aplikasi masih belum siap untuk guna masal, asa berat dan sangat tidak layak untuk bumn kelas PLN",UMUM
Mohon diperbaiki layan nya untuk ulp sukadana up 3 metro layan sangat lambat dan tidak ada komfirmasi ke langgan sama sekali kena gangguan yang sedang jadi mohon bantu evaluasi nya rekan,LAYANAN
Sudah laku pembayaran kok tidak di pasang pasang terus di aplikasi tulis pasang telah selesai padahal di lokasi belum ada teknisi laku pasang kilometer padahal sudah bayar lunas lalu aplikasi PLN mobil dan sudah lapor 4 kali di aplikasi namun terang tulis langgan batal lapor dan saya tidak rasa batal lapor saya,LAYANAN
"Aplikasi tidak guna sudah lapor listrik konslet namun gk ada yang dateng, tapi status di aplikasi dalam kerja tugas saja tidak dateng, kerja dari mana",LAYANAN
Sangat lama proses verifikasi data ubah daya,APLIKASI
Tgl 15/02/2026 pagi tidak bisa laku isi token dengan pemberitahuan blokir saat itu juga ecek masalah nyata ada tagsul yang harus bayar yang harus pada saat ganti dari prabayar ke token langgan diberitahukan. untuk tagsul bulan ikut telah guna token. tagih juga tidak ada. tetiba sudah blokir saja tgl 15/02 sudah laku pengaduan layan sampai saat ini 16/02/2006 belum ada selesai sdngkan saya sudah laku 5 x pengaduan ke 0761 123,LAYANAN
Pas bikin lapor loading ros,APLIKASI
Pembayaran listrik bulan januari lonjak drastis dengan jelas kurang tagihan di bulan belum apa ada salah pada catat meter. keluh sudah sampai masih tunggu jawab,LAYANAN
"Telah di update,membuat lapor gangguan PLN jadi susah,untuk keluar dari aplikasi harus pakek tombol home ada yang tahu kenapa?",UMUM
"Layan adu dari PLN ulp sungguminasa benar-benar buruk, tangan ganggun sangat lama tapi yang paling buruk adalah adu kait madam yang sudah lapor sering batal cara pihak beberapa alas yang pernah saya dapat adalah 1. karena sudah ada adu rupa tapi bukan wajar kalau ada adu dari beberapa langgan daerah sebut kan langgan bukan cuma 1 orang 2. karena tugas sedang laku kece maka saya suruh sabar dan adu batal",LAYANAN
"Dari tadi pas selesai foto kode untuk periksa selalu di bawa ke menu utama, jadi ulang saat guna bagi pengaduan selalu di bawa ke menu utama telah foto kode untuk kendala meter periksa, belum ngak pernah kendala saat foto kode nya mohon",APLIKASI
"Kok tidak bisa di pake komplen tag lokasi error pwe,",APLIKASI
"Aplikasi bagus,respon live chat ok,penanganan pengaduan dari tim lapang yang payah,informasi live chat dengan real actual tangan pengaduan lapang tidak sinkron,tim lapang slow respon,pengaduan sudah lebih dari 5 jam tidak tangan",LAYANAN
Pengaduan sekarang harus via tlp. di aplikasi tidak ada lagi,APLIKASI
Saya adu gk ada respon,LAYANAN
"Jadi lampu padam di lat. godu jam pukul 09 30, daerah nias selatan, sampai sekarang listrik belum pulih.",LAYANAN
Pemberitahuan dapat poin per - 300 poin... tapi poin nya tidak ada...,APLIKASI
Aplikasi PLN lambat dan susah untuk panggil,LAYANAN
Tolong ini kenapa aplikasi nya kenapa yaa? mau kirim pengaduan madam cuma ada tulis mohon tunggu terus dari pagi sampai malam. mohon segera ditindaklanjuti,APLIKASI
Guna aplikasi apa kalau mau pengaduan padam malah tunggu tidak bisa keluarin nomor pengaduan? makin kesini makin tidak guna aplikasiny kk,APLIKASI
"Aplikasi lambat, saat laku pengaduan selalu gagal",APLIKASI
Respon lambat,LAYANAN
"Aplikasi busuk, PLN payah. area sering trouble flicker dan low voltage tapi tiap bikin pengaduan di aplikasi selalu coba lagi coba lagi.",APLIKASI
"Tangan call center lambat, beberapa kali hubung call center selalu 12 jam bru dtg pdhal lapor korslet listrik dari PLN",LAYANAN
1.konfirmasi untuk tangan gangguan apabila lebih dari 3 jam belum tangan selalu error. ini sudah lama dan belum ada baik sehingga guna paksa untuk konfirmasi bahwa tangan gangguan selesai dalam 3 jam. 2. apabila tangan gangguan lama biasa idari tugas informasi bahwa gangguan luas padahal kondisi lapang tidak sesuai. 3. lebih fair jika tampil ada informasi urut tangan gangguan yang masuk tiap unit tangan gangguan.,LAYANAN
"Token gagal tapi saldo potong kembali dana susah,prosedur rumit banget",APLIKASI
Lapor listrik padam seluruh wilayah rumah malah tidak bisa. loading. mohon tunggu. bagaimana lapor bisa sampai dan tangan kalau gitu...?,APLIKASI
"Buat harap ingin komplain pakai ini, just forget about it. padahal cm ingin komplain rumit banget daftar sana sini, buang-buang waktu, kuota, tenaga. sudah gitu 123 juga harus pake pulsa sendiri, ya i mean zaman sekarang orang mana yang masih nyimpen pulsa. sudah gtu instagram juga dibatasin, kek mana coba.",APLIKASI
Aplikasi error tidak bisa buat lapor dan lihat tiket lapor,APLIKASI
"Alam akhir dorong saya tulis review untuk improvement, karena jadi yang ulang saya lapor madam lwt PLN mobile jam 2-jam 2.00. saya bangun jam 4.00 listrik masih padam. yang buat saya kaget adalah status lapor batal tanpa tindak lanjut nyata. padahal, saya tidak batal lapor tidak ada tugas yang hubung kemudian saya lapor lwt telp email, dan tugas datang dengan segera. histori lapor di aplikasi yang tidak akurat hanya muncul bagi dapat buat bias nilai kpi.",LAYANAN
"Aplikasi tidak guna tidak bisa buka tidak bisa dilogin, habisin duit negara saja",APLIKASI
Aplikasi tolol g guna masih mending vendor lain kembali dana di saldo aplikasi minggu tidak masuk-masuk sampai skrng belum juga masuk aplikasi g jelas,APLIKASI
Woi pengaduan saya direspon... aplikasi sampah slow respon banget dari td malem tidak ada yang dateng bilang cuma 3 jam tapi tidak ada respon sama sekali...,LAYANAN
"Tiap lengkap data yang sesuai dengan ktp, selalu bilang lengkap nik yang daftar padahal data yang isi sudah sesuai dengan data asli.",APLIKASI
Aplikasi sering error. tidak bisa di andal gilir lapor keluh kata tugas harus ke aplikasi PLN mobile. tapi aplikasi nya busuk,APLIKASI
"Aplikasi paling buruk ini 2 kali transaksi beli token, ket pembayaran hasil tetapi kode token tidak ikan kalau memang lagi maitance tidak usah se licik picik ini paham",APLIKASI
Lambat banget njs,UMUM
Kelas PLN model nya kek gini ampun. respon lambat banyak gangguan segala macem. mau charge mobil sudah top up malah tidak masuk di aplikasi. di mobile banking nya sudah hasil tapi komplen di tanggapin nya lama sekali. ampun sudah,APLIKASI
"Perbarui malah jadi tolol, tidak bisa bikin lapor periksa aplikasi lambat parah...",APLIKASI
"Pengaduan lama proses, kurang lebih 3 jam tapi kok jam jam tidak ada gera",LAYANAN
Aplikasi makin lama makin lambat,UMUM
"Hati-hati jika transaksi gagal, saldo tidak kembali. sudah komplain ribu kali tidak ada jelas",APLIKASI
"Mantap masyarakat jadi bantu sekali tidak perlua kesna kesini lagi buat layan pln.,tapi sering banget spaneng",LAYANAN
"Tugas ramah, tapi membwv mcb jelek. dmn mcb kualitas bagus! apa stock kosong. kok begitu. krg nyaman. listrik nyala, ntar mati lagi.",LAYANAN
Lambat parah listrik mati hidup di suruh tunggu kaga dateng gilir bakar PLN memang mau tanggung jawab,LAYANAN
Terllau lambat njing,UMUM
Kenapa sekarang pengaduan hapus,APLIKASI
Aju refund sudah 4 hari dari tgl 15 feb ngk masuk-masuk juga,APLIKASI
"Tiap hari lapor trafo ledak tapi tidak ada tangan yang tepat. habis diperbaiki besok ledak lagi, gitu saja ros",LAYANAN
Aplikasi parah. lambat mau pengaduan tulis no hp email no meter dan segala macam. kita tidak apal begitu buka jendela misal wa buat buka no wa no meter. tampil kembali ke menu awal yang tulis ilang semua. ulang lagi ilang lagi,APLIKASI
"Mau pencet pengaduan lama, tolong diperbaiki aplikasi",APLIKASI
Ampas,UMUM
Oke,UMUM
App rusak,LAYANAN
Aplikasi gk ad guna buat lapor pengaduan sudah 4 hari gk ad respon,LAYANAN
"Beli token pake allo gagal terus, kadaluarsa, ada yang sama?",APLIKASI
"Biasa, produk pemerintah.jadinya ya aplikasi busuk. dana 1 m,cari tenaga it yang murah 200 jt an,buat bikin aplikasi. . jadi ya bobrok.",UMUM
"Mati lampu dari jam 12.30,, telfon PLN jam 14.30. sampai jam 19.00 tidak ada yang tindak lanjut padahal lain nyala, hanya 2 kampung yang mati lampu, bagaimana ini,,",LAYANAN
"Tidak jelas tidak ada pemberitahuan pelihara tau-tau mau lapor madam dari jam 12 sampai sekarang tidak nyala-nyala,emangnya ada masalah apa sampai listrik padam lama banget.pas batre hp mau habis mau cas tidak bisa!",APLIKASI
"Login mudah, tapi waktu mau laku pengaduan madam malah lambat banget aplikasi mungkin bisa tingkat lagi aplikasi dan layan",APLIKASI
Kalau butuh selalu error lapor lalu aplikasi juga lama,UMUM
Banyak coba lagi,UMUM
"Layan pengaduan sangat samgat lambat, saya lapor jaring listrik warung masi goreng saya mati,mosok harus nunggu 3 jam baru tugas datang, pelayananya kurang bagus,saya kasih bintang 1 saja",LAYANAN
"Niat bikin aplikasi kaga sudah bikin lapor pengaduan 3 kali tapi masih saja tidak dateng dateng ni tugas mana tidak bisa lihat lagi detail adu hadeh, bikin aplikasi yang benar",LAYANAN
"Dari jam 3 sore, lapor lewat aplikasi tapi tidak ada notifikasi lanjut progres layan yang jelas, dan ujung harus telp call center PLN sempai 3 x beri ganti nomor kode keluh sampai jam 11 malam pun tugas belum datang untuk tangan 8 jam tanpa tangan padahal lokasi rumah di area kota dan tidak dalam ada bencana atau hujan",LAYANAN
"Aplikasi tidak jelas, mau pengaduan malah muter-muter, sudah di bersihin cache masih sama saja coba telpon call center tidak bisa, aduh plis mentang-mentang bumn tanpa saing begitu ya layan",APLIKASI
"Pembayaran kadaluwarsa wae,, tekaharti ah",APLIKASI
Kurang ada solusi lapang semua tugas selalu jawab .bukan wewenang saya. aplikasi juga lambat dan super lambat masuk pengaduan suruh isi id langgan terus. aplikasi kok muter muter lambat kaya telkomsel. kalau nelpon 123 dengerin musik dulu lalu tanya tele tele hingga habis pulsa lama 7 menit. aplikasi layan buruk yang pernah ku instal di hp. sisarankan guna aplikasi new mobile PLN tapi masuk ke pengaduan malah hang! admin medsos juga slow respon.,APLIKASI
"Aplikasi tidak jelas, mau pengaduan malah muter-muter, sudah di bersihin cache masih sama saja coba telpon call center tidak bisa, aduh plis mentang-mentang bumn tanpa saing begitu ya layan",APLIKASI
Beberapa kali pengaduan selalu batal oleh langgan padahal dari pihak kami tidak ernah batal pengaduan,LAYANAN
Ruwet,UMUM
"Aplikasi gk guna, percuma lapor, lewat dari 3 jam belum d tangan lapor balik juga gk bisa",LAYANAN
Mau ngelacak doang loading nya lama banget ini yang rating akun fake ya? wkwkwkwkw,UMUM
"Aplikasi bagus, layan kecewa sudah 4 jam madam status tugas masih dalam jalan",LAYANAN
Lambat,UMUM
"Tugas banyak yang nipu, aplikasi banyak bug... lengkap PLN",LAYANAN
"Aplikasi bobrok,lapor pengaduan 2 x di riwayat pengaduanya tidak ada",APLIKASI
Error,UMUM
Gk ada guna nya aplikasi PLN mobile ini. buat lapor karena listrik padam seta hujan lebat dn yang padam juga cmn rmh ku sndri... di suruh nunggu respon 45 mnt ktnya... dn tindak paling lama 3 jam. smpe pgi cuk nunggu nya dalam gelap gulita. gk ada respon apa juga anjir. jdi ini fungsi ngelapor apa weyy. lapor gk di terima. mna aplikasi nya berat lagi itu muat data terus pas mau ngecek padahal jaring bagus. perbaiki dulu nohh aplikasi kamu baru buka jasa bantu orang ramai. respon cepat heleh menyenye nyata,LAYANAN
"Respon lama mati listrik di kuta selatan dari kmaren tidak ada penanganan,,status dalam kerja tapi nga ada tugas yang datang",LAYANAN
Mohon di perbaiki sistem pembayarannya...saya aju pasang baru lewat aplikasi supaya lebih aman dan cepat...eh malah dipersulit...saya hub ke kantor unit...kata mereka harus tunggu 4 bulan lagi...karena kami aju dan bayar lewat aplikasi...makanya proses SLO nya lama...dan pembayaran belum masuk ke kantor unit...ini kenapa ya?,LAYANAN
"Layan pasang baru KWH meter di PLN mobile masalah aplikasi henti sampai tentu titik lokasi, selanjunya tidak respon walaupun peta sudah kita geser ke titik lokasi pasang tombol lanjut selau abu abu, alias tidak respon. layan PLN mobile sangat kecewa buruk",UMUM
"Mau cek guna PLN loading tidak kelar, logout dan login lagi loading-loading doank, live chat tidak jalan.aplikasi baik dengan budget besar",UMUM
"PLN kerja tidak becus tiap hari selalu mati listrik, bikin rugi konsumen, buat alat elektronik saya jadi mudah rusak, ganggu usaha orang saja",LAYANAN
"Aplikasi pasang baru KWH meter di PLN mobile masalah hanya sampai tentu titik lokasi pasang lanjut selalu time out, peta tidak pernah muncul",UMUM
"Layan pengaduan sangat sangat lambat, saya lapor jaring listrik warung masi goreng saya mati,mosok harus nunggu 3 jam,, pelayananya kurang bagus,saya kasih bintang 1 saja,tolong tegur tugas jaga tgl 18.februari 2026,jam 18,saya di kerjain,sy tunggu 3 jam nyata lapor saya gk di sampai ke tugas pln,petugas tidak ada yang datang,,akhirnya saya ke PLN dekat marah",LAYANAN
"Masang KWH baru 1200 va total 2,4 jt pilih sama instalasi tidak bisa di pilih, jdi otomatis sama instaalisnya jdi mahal not rekomen aplikasi nya buat masang baru, padahal pas ke loket kata bisa tanpa instalasi, di apknya mlh wajib, kalau tidak di centang instalasi tidak bisa lanjut mohon",APLIKASI
Error lambat payah,UMUM
"Layan listrik di kabupaten pulau sangihe sangat kecewa madam jadi ulang kali dengan tegang tidak stabil naik-turun sehingga sebab rusa pada perangkat elektronik dan rugi materi bagi masyarakat. lalu aplikasi PLN mobile, kami harap ada jelas transparan dan solusi konkret agar gangguan ini segera tangan cara serius dan lanjut",LAYANAN
Server perbaiki,UMUM
PLN babi,UMUM
"Tidak jelas, tiba-tiba bayar listrik mahal banget, beberapa bulan akhir pakai listrik sudah rang eh tau harga listrik malah lebih mahal dari bulan-bulan akhir jangan begitu pak ke rakyat kecil",LAYANAN
"Saya sudah lapor PLN untuk pengaduan ganti mcb 4 bulan yang lalu krna mcb yang rusak dan skrang listrik di loss sama PLN dan sampai sekarang belum di tindak lanjut sudah lapor di 123 sampai buat 3 lapor pun belum ada tindak lanjut, ada wa dari teknisi unit anti gresik tapi telah di wa sudah tidak respon lagi, belum ada tindak lanjut kok bisa lapor di aplikasi sudah selesai, woey saya listrik ini bayar bukan minta, bagaimana si layan PLN",LAYANAN
Mati lampu sering. matiin 10 detik pun puas kalian binatang,LAYANAN
Baru mau nyoba beli token karena lebih murah... tapi gagal 2 x... aplikasi lambat error.aplikasi tidak recomended. mending di cut... bikin sampah d hp,APLIKASI
"Banyak sekali bug nya, kalian tidak bisa perbaiki apa bagaimana",UMUM
"Komplain uda 10 menit cuma loading muter tidak terkirim,ayolaah. padahal paket data ada, bisa buat ngapa in.",APLIKASI
"Mati listrik hampir 5 jam, padahal tidak ada pemberitahuan apa, kira manusia gowa tidak butuh listrik",LAYANAN
Lapor PLN belum datang datang,LAYANAN
Loading mohon tunggu terus terlalu lama,UMUM
Saya buat pengaduan masalah token listrik tidak bisa di isi belum ada tindak lanjut tangan tapi status lapor tiba-tiba ubah batal langgan layan kecewa,APLIKASI
"Saya kasih bintang 2, karena sya buat mohon tambah daya tapi sudah 3 minggu mcb nya belum ganti tetapi status di aplikasi sudah selesai. untung komunikasi dengan tugas PLN via wa cukup baik.",LAYANAN
Bulan ramadhan sekarang pak.waktu buka lampu di matikan.tolong di perbaiki jaring pak.ndk pohon yang di bersih kan. ulp pariaman.,LAYANAN
"Parah, aplikasi tidak guna",UMUM
Tidak bisa report pengaduan,APLIKASI
Chat lapor pengaduan terlalu lambat. tidak ada fasilitas telepon pengaduan,LAYANAN
Susah daftar kalau pake hp 1 karena waku di minta kode dari imel saya harus masuk ke imel untuk mlihatnya begitu balik lagi ke apps hrus daftar ulang dari awal lagi bigitu terus rumit ni apps daftar,APLIKASI
Aplikasi yang sangat buruk bli token saldo di ambil token gagal kalau bisa jangan di download,APLIKASI
Layan pasang baru jelek rumit dan juga lama.,APLIKASI
Manis di awal doang,UMUM
Layan ulp kosambi karawang kurang efesien dalam proses pasang baru.,LAYANAN
"Tidak suka sama staf PLN rayon tabing sumatra barat kota padang,karna proses verifikasi PLN unit terlalu lama,mohon untuk di cepat proses verifikasi PLN unit kait dengan fast respon",APLIKASI
"Tidak suka sama staf PLN rayon tabing sumatra barat kota padang,karna proses verifikasi PLN unit terlalu lama,mohon untuk di cepat proses verifikasi PLN unit kait dengan fast respon",APLIKASI
"Tidak suka sama staf PLN rayon tabing sumatra barat kota padang,karna proses verifikasi PLN unit terlalu lama,mohon untuk di cepat proses verifikasi PLN unit kait dengan fast respon",APLIKASI
"Tidak suka sama staf PLN rayon tabing sumatra barat kota padang,karna proses verifikasi PLN unit terlalu lama,mohon untuk di cepat proses verifikasi PLN unit kait dengan fast respon",APLIKASI
"Tidak suka sama staf PLN rayon tabing sumatra barat kota padang,karna proses verifikasi PLN unit terlalu lama,mohon untuk di cepat proses verifikasi PLN unit kait dengan fast respon",APLIKASI
"Tidak suka sama staf PLN rayon tabing sumatra barat kota padang,karna proses verifikasi PLN unit terlalu lama,mohon untuk di cepat proses verifikasi PLN unit kait dengan fast respon",APLIKASI
Bukin aplikasi kalau g bisa g usah suruh lporan padam pakai aplikasi klik desa muat ulang terus jelek baget,APLIKASI
Yang waras ya that simple...,UMUM
"Tidak suka sama staf PLN rayon tabing sumatra barat kota padang,karna proses verifikasi PLN unit terlalu lama,mohon untuk di cepat proses verifikasi PLN unit kait dengan fast respon",APLIKASI
Sigap,UMUM
Layan pasang baru unit PLN kosambi karawang jelek... rumit tidak efesien.,LAYANAN
Layan ulp kosambi karawang bobrok,LAYANAN
Maaf saya rubah bintang satu. karena akhir akhir ini aplikasi sangat buruk. masak buat lapor belum selesai aplikasi keluar sendiri terus. sampai di perbarui tetap. di instal ulang juga tetap.,APLIKASI
Aplikasi lambat mohon tunggu terus! padahal sinyal bagus!,UMUM
Aplikasi ngelag gk jelas banget,UMUM
Aplikasi telek habis pengaduan malah error tidak jelas,APLIKASI
App lambat pengaduan sudah 2 jam tidak bisa-bisa.,APLIKASI
Tidak jelas,UMUM
Benar benar adu selalu di batal,LAYANAN
Aplikasi bug dan sering maintenance,UMUM
"Beberapa kali telah perbarui aplikasi pengaduan responnya lambat,hanya mutar terus",APLIKASI
Memang jos,LAYANAN
Lama banget respon nya,LAYANAN
"Aplikasi aneh tidak guna, banyak bug, proses lama, hambat kerja",UMUM
Makin bobrok untuk pengaduan makin lambat,LAYANAN
"Error tidak bisa bayar listrik, payah.",APLIKASI
Acces denied terus. aneh kelas PLN aplikasi magang,UMUM
"Aplikasi cacat, mau bayar tagih saja ngelag muter muter terus",APLIKASI
"Jelek banget sumpah, beli token sini saldo potong tapi token belum muncul, minta bantu live chat, malah gtu aplikasi slow respon parah buruk",APLIKASI
Tokennya keluar lama,APLIKASI
Mau bayar tagihan tidak bisa sudah beberapa hari sampai akhir nya lewat tanggal 20 bulan yang lalu masih bisa palai briva,APLIKASI
Sering ngelag dan error,UMUM
"Janji 3 x jam, sampai sekarang belum ditangepin lbh dari 13 jam",LAYANAN
"Aplikasi apa ini, bagi pengaduan sudah kirim muter-muter saja tidak jelas dan tiba-tiba hilang gagal, ulang lagi masih kayak gitu, mohon tindak lanjut",APLIKASI
"Prosedur tangan dan pelanan,sangat lama",LAYANAN
Data isi token akhir ko tidak perbarui ya?,APLIKASI
"Tambah fitur fitur spesifikasi baru dan lebih lengkap. moga depan aplikasi nya lebih bagus,lebih dinamis,serta layan lapor gangguan bisa lebih cepat dan tepat, moga dapat harga diskon 50 .",UMUM
"Jika mau upload pengaduan madam selalu buat tidak terupload, sengaja buat seperti ini atau alergi dengan pengaduan?",APLIKASI
Bagaimana status gagal pembayaran hasil saldo tidak bisa balik,APLIKASI
"Saya langgan daya 1300 va di wilayah bagelen 2 gedong tata sawar saya cek kode 41 tegang hanya 196 volt. elektronik sering mati dan restart sendiri. informasi dari warga sekitar, bagi wilayah desa kami juga alami hal yang sama. mohon segera laku kece dan baik karena khawatir rusak alat elektronik. mohon segera nang sudah lama sekali tidak ada nang kami bayar rutin. telat bayar listrik di cabut. pajak besar. tapi layan tidak sua",LAYANAN
"PLN gajelas! saya telfon 123 untuk tanya kait id pembayaran listrik pascabayar namun notifikasi di aplikasi tiba-tiba selesai tanpa bantu masalah sama sekali. telfon dua kali dan proses lagi namun ujung sama, kasus selesai tanpa bantu apa pun. telah itu tidak bisa telfon lagi. masa saya harus ganti meter listrik dengan yang baru?!",LAYANAN
"PLN gajelas! saya telfon 123 untuk tanya kait id pembayaran listrik pascabayar namun notifikasi di aplikasi tiba-tiba selesai tanpa bantu masalah sama sekali. telfon dua kali dan proses lagi namun ujung sama, kasus selesai tanpa bantu apa pun. telah itu tidak bisa telfon lagi. masa saya harus ganti meter listrik dengan yang baru?!",LAYANAN
"PLN gajelas! saya telfon 123 untuk tanya kait id pembayaran listrik pascabayar namun notifikasi di aplikasi tiba-tiba selesai tanpa bantu masalah sama sekali. telfon dua kali dan proses lagi namun ujung sama, kasus selesai tanpa bantu apa pun. telah itu tidak bisa telfon lagi. masa saya harus ganti meter listrik dengan yang baru?!",LAYANAN
"PLN gajelas! saya telfon 123 untuk tanya kait id pembayaran listrik pascabayar namun notifikasi di aplikasi tiba-tiba selesai tanpa bantu masalah sama sekali. telfon dua kali dan proses lagi namun ujung sama, kasus selesai tanpa bantu apa pun. telah itu tidak bisa telfon lagi. masa saya harus ganti meter listrik dengan yang baru?!",LAYANAN
"PLN gajelas! saya telfon 123 untuk tanya kait id pembayaran listrik pascabayar namun notifikasi di aplikasi tiba-tiba selesai tanpa bantu masalah sama sekali. telfon dua kali dan proses lagi namun ujung sama, kasus selesai tanpa bantu apa pun. telah itu tidak bisa telfon lagi. masa saya harus ganti meter listrik dengan yang baru?!",LAYANAN
"PLN gajelas! saya telfon 123 untuk tanya kait id pembayaran listrik pascabayar namun notifikasi di aplikasi tiba-tiba selesai tanpa bantu masalah sama sekali. telfon dua kali dan proses lagi namun ujung sama, kasus selesai tanpa bantu apa pun. telah itu tidak bisa telfon lagi. masa saya harus ganti meter listrik dengan yang baru?!",LAYANAN
"PLN gajelas! saya telfon 123 untuk tanya kait id pembayaran listrik pascabayar namun notifikasi di aplikasi tiba-tiba selesai tanpa bantu masalah sama sekali. telfon dua kali dan proses lagi namun ujung sama, kasus selesai tanpa bantu apa pun. telah itu tidak bisa telfon lagi. masa saya harus ganti meter listrik dengan yang baru?!",LAYANAN
"Guna fitur live chat, tapi saat proses cakap dengan cs langsung tiba-tiba halaman chat tutup langsung tidak bisa akses ulang, apakah karena jam istirahat cakap dengan konsumen langaung tutup cara pihak sangat tidak profesional",APLIKASI
"Aplikasi tipu gaes hati hati, beli token sudah di tf status langsung gagal saldo potong dichat cs suruh tunggu ke tunggu kamu kira lagi tidak make listrik ya tolol, dan satu lagi kenapa rating nya 4,9? karena pake jasa buzzer bintang 5 buat naiking ratting apps nya",APLIKASI
"Beli pulsa lalu PLN mobile ini, pembayaran via mobile banking, telah pembayaran selesai dan hasil dana sudah potong saya cek aplikasi PLN mobile status gagal... kapok dan pasti akhir untuk guna aplikasi ini",APLIKASI
"Aplikasi dan sigap tugas ok. tapi kalau sekali putus meski langsung bayar, nyala lama. kayak sengaja gitu. meski tagihan sudah bayar status tidak bisa nyala otomatis kayak indihome. tolong lbh tingkat ini rugi konsumen! apa susah nyalain balik listrik masa nunggu 3-4 jam? kendala apa harus beli kabel baru?!",LAYANAN
Menu pengaduan loading nya lama banget,APLIKASI
"Min tolong bantu! saya sudah aju pasang sejak 11 januari 2026 sampai saat ini 21 februari 2026 belum ada lepastian prmasangan. mohon bantu min, apakah ada mungkin tipu di aplikasi ini ya? saya rasa tidak ya min,, atau bagaimana. tunggu terimakasih",LAYANAN
Belum di segel sudah bayar. tapi tetep di segel listrik tidak ada pemberitahuan kalau di segel listrik masih tunggu dari jam 9 pagi-7 malam. hasil ke live chat nya nihil solusi hanya di anjur sabar untuk tunggu karena kalau lambat bayar 1 x 24 jam harus tunggu informasi untuk cabut segel. masalah sini adalah saya sudah bayar belum di segel tapi saya laku hina ini dari PLN kenapa hina? saya tunggu tapi tidak ada informasi sama sekali kalau di segel.,LAYANAN
Cuma kios token harga murah saya kira isi lalu aplikasi bisa perbarui token otomatis ke meter tanpa input... nyata harus input manual.,UMUM
"Tegaangan listrik di dusun karang sari rt 007 rw 003 desa bagelen camat gedong tatan, tidak setabil elektronik sering mati dan balian sudah rusak",LAYANAN
"Lampu di daerah kami mati terus saat mau buka puasa, tolong kenapa seperti ini",LAYANAN
Loding ya lama,UMUM
Tidak ada tindak banyak alas,LAYANAN
Saya guna PLN tanpa subsidi. tolong layan banding lurus. jangan sering mati tanpa sebab. nuwun,LAYANAN
Aplikasi sangat kecewa selalu lambat dalam merespon dan lambat saya bikin pengaduan masalah KWH meter tapi tiba tiba batal oleh pihak PLN sangat kecewa,LAYANAN
PLN janc k kode verifikasi email tidak masuk masuk. gathel,APLIKASI
"Tidak bisa login, payah",APLIKASI
Tugas sudah datang dan ngecek mereka ramah!tapi tidak ada tindak lanjut kata rusa dari dalam bangun saran untuk cari teknisi yang bisa perbaiki karena rusa bukan dari jalur PLN dn KWH normal! apakah itu sudah sesuai sop? terus yang benernya tugas PLN apa kalau cuma ngecek terus balik lagi suruh perbaiki sama pihak ke 3 saya saja bisa ngelamar jadi tugas PLN,LAYANAN
Tolong perbaiki aplikasi error tiap bikin lapor PLN mobile stak di mohon tunggu saja,APLIKASI
Aplikasi jelek,LAYANAN
Pengaduan belum tindak lanjut tetapi di aplikasi sudah selesai...,LAYANAN
"Aplikasi ini sangat manfaat bantu masyarakat, tapi kenpa lama sekali ya tugas lapang mau-mau jam mnunggu, smentara di aplikasi pengaduan kterangan nya dalam kerja tugas PLN tapi nyata tugas PLN belum dtang juga lokasi saya mohon dperbaiki mngenai ini, terimakasih",LAYANAN
"Kurang senang pengaduan live chat nya, hanya suruh tunggu entah sampai kapan, dan hanya suruh cek cara kala tidak ada selesai masalah, lambat",LAYANAN
Lambat di tanggapin,LAYANAN
"2026 masih mati lampu, tidak ada baik kerja dari tahun ke tahun",LAYANAN
Sering macet,UMUM
Mati lamputeros godean sleman,LAYANAN
"Tidak bisa buka ktny hp ud tidak support. gini ini kalau jabat pada hidup jauh di atas rakyatny, biasa gonta ganti sistem langsung k yang trbaru. jd skarang kalau tidak punya hp baru tidak punya akses k layan perintah marah marah harus andrioid 9 ke atas itu masalah cs. lagi itu app percuma lapor pengaduan tidak ada lanjut masih mending fitur live chatnya beneran lapor",APLIKASI
Aplikasi paling najis error mana mana susah minta ampun mau login doang susah error terus nyampe mampus korupsi saja tu duit perbaiki aplikasi itu gila,APLIKASI
Jelek aplikasi tidak mutu tiap kali beli token yang 20 rb selalu ada pemberitahuan kadaluwarsa... tidak jelas,APLIKASI
Aplikasi sampah. lambat parah. mau bayar saja susah. sampah,APLIKASI
"Pasang meter baru gagal, uang tidak kembali biadab kau PLN makan uang rakyat",LAYANAN
"Kalau aplikasi belum siap, jangan ada fitur swacam, swacam tidak masuk, akhir tagihan saya besar. lebih baik di catat sama tugas catat meter",LAYANAN
"Saat aplikasi memphoto meter beberapa kali salah karena otomatis angka merah selalu ikut catat belakang koma selalu itu, sehingga harus manual, tolong diperbaiki ingat kasihan orang-orang akan jebak angka merah sebut dengan tagihan yang bengkak tolong segera perbaiki",LAYANAN
"Kenapa tiap akun hanya bisa baca mandiri max 4 x? sedang target bo 250 lebih, harus kalau memang ada target atas rata-rata itu gausah kasih limit baca mandiri, hambat kerja",APLIKASI
Slow respon,LAYANAN
"Payah.karang aplikasi lambat pas masuk lagi susah banget.muter terus perbaiki bls tidak ngaruh boss.kendala bukan pada perangkat kami, perangkat kami sudah bagus semua. masalah nya kenapa aplikasi PLN ini tidak bisa pake wifi.pengenya data terus",UMUM
"Aplikasi payah. lapor tidak pernah di tindak lanjutin dari tugas buat aplikasi ini fungsi apa? biar cepat tapi malah sdm e malah masa bodo dengan keluh masyarakat, apalagi PLN manah surakarta, sudah lapor di fb,email,lewat aplikasi ini. tapi gangguan ya gang pernah di tindak lanjut ujung²nya yang perbaiki btl. fungsi aplikasi ini untuk apa? kalau sdm kerja masa bodo!",LAYANAN
"Lambat parah, ada jam lebih di SPKLU aplikasi loading terus sudah pembayaran, saldo uda masuk, tapi gagal terus ngecharge nya, aplikasi tidak jelas",APLIKASI
Tidak bisa buka dan tidak bisa running,APLIKASI
Suka error,APLIKASI
Aplikasi ini ngk bener.minta kode ct banya alasan.kalau ngk 9 tahap.kalau ngk tidak baca di vcc.,LAYANAN
Masih rating 1 karena pengaduan di aplikasi info sudah selesai padahal listrik belum nyala. ini apa yang selesai ya maksud,LAYANAN
Lasso leh ta tambah lebeh leg marah,UMUM
Pelayananya lambat,LAYANAN
Jelek sangat! layan tidak cepat jelek marah marah buruk,LAYANAN
Bagaimana ini kok pembyaran kadaluarsa padahal saldo sudah kurang untuk pembayaran token kecewa betul,APLIKASI
Najis rumit banget anj,UMUM
Lapor pengaduan mati lampu sudah 5 jam tidak ada tindak lanjut...,LAYANAN
Aplikasi tidak guna coz pengaduan tidak pernah layan,LAYANAN
Ini kenapa habis baharu tidak bisa cek riwayat ya,APLIKASI
Tolong untuk bagi yantek/petugas teknik nya... bila ada gangguan jaring listrik atau padam listrik... mohon segera di tindak lanjut bintang 1,LAYANAN
Siap,UMUM
Kenapa telah perbarui aplikasi di versi baru tidak bisa masuk ada tulis batas akses aplikasi? tolong solusi,APLIKASI
Sering error,UMUM
"Beli token tidak masuk, padahal status di banking succes, pengaduan di bantu klemar klemer pegawai nya, jadi bumn kok gitu banget lol, makanya merguikan negara terus PLN tidak pernah surplus buat bangun negara",APLIKASI
Kami kecewa dengan kerja PLN mati lampu tidak ada informasi atau umum di bikin lapor pengaduan tidak ada tindak tidak lapor masuk kasih langgan sekidit jelas gara gara lampu padam kami tidak bisa sahur,LAYANAN
Bikin pengaduan di my PLN perihall KWH meter mati. status di my PLN sedang di kerja lokasi tapi di lokasi gada tugas nya. dan konyol nya status ubah jadi nyala sementarra KWH masih mati total. parah parah,LAYANAN
𝐬𝐚𝐧𝐠𝐚𝐭 𝐦𝐞𝐦𝐛𝐚𝐧𝐭𝐮 𝐩𝐞𝐥𝐚𝐧𝐠𝐠𝐚𝐧 𝐝𝐚𝐥𝐚𝐦 𝐦𝐞𝐥𝐚𝐤𝐮𝐤𝐚𝐧 𝐛𝐞𝐫𝐛𝐚𝐠𝐚𝐢 𝐭𝐫𝐚𝐧𝐬𝐚𝐤𝐬𝐢 𝐦𝐞𝐧𝐲𝐚𝐧𝐠𝐤𝐮𝐭 𝐤𝐞𝐥𝐢𝐬𝐭𝐫𝐢𝐤𝐚𝐧,UMUM
"Kenapa PLN jadi sering mati lampu di wilayah perwira bekas utara ya.?,alasan nya pemeliharaan,dll asa kaga kelar-kelar itu kerjaan.?,tolong kalau mau mati lampu jangan sering lama-lama kita orang kerja kantor dan rumah jadi hambat aktifitas saya jika lagi banyak tugas yang harus saya kerja dirumah...mana kalau mati lampu bisa sampai 3 jam - 4 jam. terima kasih",LAYANAN
PLN mobael pancen joos,UMUM
"Swacam nya banyakin lagi batas woii jangan 4 doangg, cape ini daftar akun terus",APLIKASI
Aplikasi bangsad. rumit amat,UMUM
"Tolong di tingkat lagi kerja sudah buat pengaduan masih saja tanggap lama, apalagi PLN saparua aduh tiap hari mati lampu terus tiap hari juga buat lapor tetap saja banyak alas tolong di cek itu pihak PLN saparua mengapa saja kerja yang becus gitu! ini alamat lengkap provinsi malu kabupaten malu tengah, camat saparua timur, kelurahan/desa ullath",LAYANAN
"Hari ini saya lapor gangguan listrik mati, sampai 2 x saya lapor stt nyala sementara tapi tugas ngk ada yang kelokasi,jelek sekali layan gangguan PLN",LAYANAN
Suruh kerja kamu profesional tidak pernah sakit hati ini sama mereka,LAYANAN
Lama tidak di tangan kalau mati listrik,LAYANAN
"Respon lama dan jawab template, kadang misinformasi sudah nyala padahal belum. perbaiki listrik juga lama banget gilir nagih nomor 1 buset.",LAYANAN
Indonesia negara hukum. assalamualaikum?!?!?! tidak jelas banget. tiba tiba dapet email verifikasi tengah malem punya akun PLN mobile plus langsung auto punya akun icon cash.,APLIKASI
"Di jawa bagi kota saja tangan lama, bagaimana kalau di daerah pencil",LAYANAN
Mati lampu sampe tengah malem tidak ada baik najis,LAYANAN
Moderland dari siang sampe saat ini belum nyala listrik.,LAYANAN
Hallo bisa di hapus saja aplikasi ini? aplikasi tidak guna sangat tidak guna tiap pengaduan saya selalu di manipulasi.,LAYANAN
Aplikasi kecewa banyak gaya nya.daftar pasang baru ada saja kendala nya.saya sangat kecewa,APLIKASI
Tiba tiba tidak bisa isi token... cek kata ada tagihan dari tahun 2017... slama ini bagaimana ko bisa isi token... aneh,LAYANAN
Sangat lambat dalam tangan sudah lapor dari jam 21.00 sampai jam 04.00 belum ada tindak lanjut,LAYANAN
"PLN ulp sampit sulit pasang baru dan tambah daya, hapus saja aplikasi nya ini",LAYANAN
"Aplikasi sangat buruk, saldo sudah potong token tidak masuk gagal. koruptor PLN mobil",APLIKASI
Masuk kenapa lambat sekali ya,APLIKASI
"Beberapa kali lapor tidak ada tanggapan,status di aplikasi lapor batal padahal saya tidak pernah batal laporan.pernah juga sekali lapor nyata tugas plnnya dateng karena telpon tetangga yang bayar",LAYANAN
"Respon lambat lambat rumah saya sudah lama padem baru ada respon, smoga depan bisa merespon dengan lebih cepat",LAYANAN
Telah perbarui jd jelek. pemberitahuan pakai KWH untuk yang voucher jd tidak ada! buruk,APLIKASI
Hati hati transaksi token PLN bayar tapi ternotice gagal dana tidak bisa kembali,APLIKASI
Susah foto scan meter,APLIKASI
Pengaduan ke cs selalu tidak bisa dan respon lambat tidak ada solusi apa guna nya kerja bagai cs kalau tidak bisa kasih solusi? mending hapus saja aplikasi ini tidak mutu,LAYANAN
Kembali saldo saya. saya isi pulsa lalu aplikasi PLN mobile malah gagal saldo tidak kunjung di kembali saya isi pulsa 200 rbu tidak kecil,APLIKASI
Buruk,UMUM
Aplikasi ngelek sangat jelek,UMUM
Minggu ngajukan pasang baru dak ada progres sama sekali,LAYANAN
PLN mobael pancen jooss,UMUM
"Aplikasi skala nasional tapi server kecil-kecilan? bikin mohon saja butuh berjam-berjam bahkan hitung hari dengan hasil selalu gagal, selalu dalih antusiasme sangat tinggi? percuma harus pakai aplikasi tapi hasil nol. mending offline di kantor saja! kecewa",APLIKASI
Aplikasi sering erorr cok,UMUM
"Tambah mundur aplikasi, pasca perbarui aplikasi malah tidak bisa cek tagihan dan pakai per bulan, hah antusias apa biasa tidak pernah gini kok",APLIKASI
Sangat buruk tidak guna bukan mudah malah susah aplikasi tidak layak saya sangat kecewa jangan pernah download aplikasi ini busukk sekali,UMUM
"Jadwal matlis gk jelas, sering banget mati adminnya kalau tanya diem saja",LAYANAN
Tidak ada titik temu buat laporan.gak ada respon,LAYANAN
Pegawai live chatnya lucu kalau tidak faham service jangan jadi call center,LAYANAN
Listrik sering padam bayar tidak boleh telat ya PLN tolol ini,LAYANAN
"Tidak jelas,, 2 hari sejak tgl pengaduan belum juga ada tugas datang, bayar listrik juta",LAYANAN
"Nunggu kembali dana nya payah amat, suruh tunggu 3-4 hari gakda kabar, dichat lagi pun disuruu tunggu ke tunggu. aplikasi tolol gilir kasih bintang 1 langsung di telpon , buzzer semua anjg yang ngasih bintang 5 bayar berapa itu",APLIKASI
"Layan buruk, di telp dan di chat di aplikasi dari pagi tidak ada tugas yang datang. akhir bekal youtube kerjain listrik sendiri untuk pasang mcb.",LAYANAN
"Sudah sering buat pengaduan listrik padam, tapi lapor batal tulis di batal oleh langgan padahal. langgan tidak pernah batal lapor apakah manipulasi data?",LAYANAN
"Tidak semua orang guna hp dengan ram tinggi, perbarui paksa bikin susah guna ram kecil",APLIKASI
"Aplikasi sangat tidak bantu sudah buat lapor di aplikasi tetap saja suruh kantor buat lapor baru. guna aplikasi apa, kalau masih harus kantor",LAYANAN
"Sakit lama kumat kembali.aplikasi nya sedang maintenance, lampu pun padam.siang padam karena kabel putus,malam ini padam tidak tau karena apa.sudah bosan dan capek untuk PLN ini.terutama ulp manggar.kerja raut yang jadi pimpin nya pun songong.apalagi bagi yang menghandle rating aplikasi nya.bikin janji,ditunggu tidak ad kabar berita dan tidak datang, 4 hari kemudian baru nguber mau datang.bukan kalian saja yang sibuk, saya juga sibuk.gak mungkin tunggu kalian terus",LAYANAN
Apa guna aplikasi ini bikin lapor listrik padam 3 jam belum ada tanggap tugas teknisi...tetep saja lambat nang,LAYANAN
"Karena saldo saya belum kembali bintang 1 saja. tgl 1 februari 2026, saldo saya hilang. transaksi sudah sukses, tapi tidak bisa start charging. akhir bayar lagi.",APLIKASI
Aplikasi gj saldo sudah potong tapi token tidak masuk,APLIKASI
Sudah 3 kali lapor tidak ada teknisi yang datang,LAYANAN
"Aplikasi tidak jelas,riwayat isi tidak perbarui sudah 1 bulan...di live chat tanya riwayat isi lama 1 bulan,malah balik nanya mulu,lah kalau orang inget dan tau waktu tanggal isi lewat apa juga tidak nanya x,karena orang lupa dan mau liat riwayat tapi tidak update,di live chat juga tidak jelas malah balik nanya terus",APLIKASI
"Sangat buruk, sudah 4 hari mcb rusak karena kena rembes air hujan dan tugas bilang suruh nunggu mcb nya dari kantor sampai sekarang belum ada kabar, akhir usaha laundry saya tidak bisa operasi mesti layan kalian sangat buruk!",LAYANAN
Pelihara lama sekali g bisa login banyak iklan,APLIKASI
Aplikasi dikit error dikit error,UMUM
Tidak ada solusi yang dapat bantu,LAYANAN
Saya belum bisa ngasi ful bintang karena riwayat beli no token nya belum bisa lihat,APLIKASI
"Lapor listrik mati, petugaa belum ada yang datang rumah tapi lapor di aplikasi sudah tangan bagaimana ini pelayannannya PLN",LAYANAN
"Layan buruk, tidak ada satu yang datang saat di minta baik kabel meter di dalam aplikasi ini juga gitu cuma buat akal saja olah tulis nya sedang diperbaiki padahal belum sama sekali dan tidak ada tangan juga di tempat jadi",LAYANAN
"Tgl 23 - 26 listrik kita padam, lapor sudah kita buat, telphone ke 123 juga sudah, jawab hanya di tunggu saja. malu saya tamu yang inap di lokasi. kalau kita lambat bayar tanpa konfirmasi putus ketika begitu ada kalau next ada ubah ke lebih baik bintang saya ikan pasti 5",LAYANAN
"Jujur, aplikasi bagus. tapi sop aplikasi nya untuk pasang sambung baru tidak jelas. dan layan jelek sekali, pada akhir tetap ke PLN dekat sudah 10 hari tidak ada gera dan langsung ke PLN dekat dan minta tunggu lgi paling cepat 5 hari kerja paling cepat ktanya mnunggu manager ttd dan lain-lain susah amat sop nya, ini aplikasi pajang saja kah? PLN unlam bjm, tolong kerja profesional anak buah khusus yang wa saya atas nama PLN kok susah hubung karena sblmnya dia yang wa",APLIKASI
Kenapa yang saya ngak bisa masuk saja dari kemarin sudah coba apakah aplikasi masih fungsi,APLIKASI
Stlh perbarui daftar pasang baru susah,APLIKASI
Kabupaten kotabaru tiap hari mati lampu jam jam. usaha milik negara kenapa selalu punya kualitas kayak thai.,LAYANAN
Aplikasi nya tidak bisa ecek,UMUM
Tipu,UMUM
"Posisi meter akir bulan lalu tidak hubung ke posisi awal bulan jalan alhasil, tagihan bengkak sudah komplain 3 x tidak ada tindak lanjut kecewa",LAYANAN
"Lampu selalu mati dan tangan lama,sda brpa hari ini selalu madam",LAYANAN
"Saya lapor ke pengaduan karena masalah listrik mati ke PLN mobile dari siang sampai malam masih belum ada respon, tolong ya pihak PLN cepat dalam menindaklanjuti keluh yang ada!",LAYANAN
Layan buruk uang saya tidak kembali padahal itu salah aplikasi,APLIKASI
Mahal. kau masih bilang rugi?,UMUM
Tangan lambat. lapor jam 11 siang. jam 22.13 belum ada yang tangan,LAYANAN
"Layan sangat buruk hubung layan teknisi tidak kunjung datang serta jawab yang hanya tunggu 3 jam, selak rumah terbakarbbaru teknisi datang",LAYANAN
Susah buat daftar verifikasi email OTP tidak ada kirim padahal email sudah benar,APLIKASI
Kalau jam malam memang aplikasi tidak bisa login ya? ini mau isi karena tiba tokennya habis malah tidak bisa masuk padahal internetnya pake kuota,APLIKASI
Lambat gera tugas nya aplikasi tidak bikin tugas daerah jadi lebih kompeten,LAYANAN
Aplikasi nya sudah cukup baik tapi tugas di lapang nya kurang profesional bahkan sampai batal tiket dan kes biar langgan tidak layan dengan baik. tolong di laku baik hal ini,LAYANAN
"Tangan masalah tidak solutip, birokrasi jelek, sudah komplain juga tidak di atasj, tidak di bantu cuma di dengerin doang tidak ada baik masalah, tapi mau bagaimana lagi, sedia layan listrik rumah di monopoli ama ni usaha",APLIKASI
"PLN gila,baru telat 7 hari itu saya minta ringan besok saya bayar tapi listrik saya malah mau putus",LAYANAN
"Sangat lambat makin kesini makin gajelas,,",UMUM
"Tidak bisa download invoice di fitur aktivitas, padahal baru h 1",UMUM
"Aplikasi error listrik sudah di bayar lunas malah ada tagihan bulan yang sudah di bayar, ngaco ah bumn",APLIKASI
Saya buat pengaduan 2 x tapi terus z tugas PLN g ada dtng baik tapi d aplikasi status buat olah sudah di kerja dan di perbaiki... ini apa 2 an kerja begitu... coba buat aplikasi yang langgan bisa approve benar sudah kerja atau tidak... supaya kerja juga bisa tingkat bukan cuma klik dari sana z padahal belum ada kerja bulak balik telp k cs tapi cma gitu-gitu z...,LAYANAN
Usaha perintah yang monopoli namun tidak profesional,UMUM
Buruk buruk buruk,UMUM
Sudah 3 x ganti jaring belum template banget jawab sekali masuk malah kena limit 10 x kode verifikasi. nunggu 1 x 24 jam padahal sampai hari ini doang periode catat mandiri bagaimana ini solusi,APLIKASI
Habis di perbarui kok hilang semua history beli pulsa. nama di akun tidak muncul. pas mau masuk lagi email di anggap sudah daftar padahal masuk pakai no hp sendiri,APLIKASI
Aplikasi bobrok,UMUM
"Aplikasi sampah, lambat login susah, brengsek",UMUM
Tidak bisa login dengan akun saya,APLIKASI
"Mau daftar, suruh masukin email padahal email sudah benar tapi kode verifikasi nya tidak masuk. kali nyoba tetap saja gk ada masuk kode verifikasi nya. sulit banget, sudah suruh login pake nomor wa, pake email juga. rumit",APLIKASI
"Tidak jelas sistem login, 1. menu login masuk tidak jelas walau login dengan email sudah daftar 2. login daftar email baru, pesan verif ke email tidak ada di mana",APLIKASI
Saldo saya yang ada di dalam tel saya yakin ini ada oknum main,APLIKASI
"Sekarang buat pengaduan liatrik padam susah, harus telpon call center harus email, kalau dulu bisa langsung dari sistem",APLIKASI
"Biasa bumn budget aplikasi langit kualitas abal abal, buat login pakai OTP no telp sudah sesuai tapi masuk email lalu sudah daftar dan tidak bisa log in. abang it yang ganteng tolong buat pilih untuk login pakai no telp atau email, jangan kamu paksa nomor telp terus email musti baru! login email tapi no telp kosong paksa perbarui dan balik nya login nomor telp tapi email kosong paksa perbarui untuk link email dengan no telp / identitas. jangan cuma gedein budget tapi kualitas nya abal abal!",APLIKASI
"Sampah tidak guna mo log in ajh susah, banget tol",APLIKASI
Kacau lambat banget apknya,UMUM
Apa ini aplikasi mau beli token loading nya lama banget,UMUM
Lambat banget ini aplikasi. nelpon call centernya pulsa habis 11.0 tidak sampai selesai sudah hbis segtu pulsa ku. paksa instal aplikasi PLN malah aplikasi lambat banget,UMUM
"Habis perbarui malah tambah loading, fitur jadi rumit",UMUM
So many bugs,UMUM
Error ini tidak bisa mau beli token,UMUM
Disuru perbarui app. telah di perbarui langsung ke kick logout. mau usaha login tidak bisa. ketika masuk nomor hasil lalu masuk email daftar jwbannya email sudah daftar bagaimana database nya,APLIKASI
Telah perbarui login malah tidak bisa masuk pakai email.,APLIKASI
Ini kenapa tidak bisa isi token? beberapa hari unauthorized,APLIKASI
"Jadi tanggal 27 februari 2026, telah saya laku pengaduan listrik padam, dan hendak saya lihat kembang pengaduan nyata akun saya hilang, tidak bisa di akses, saya keluar akun bisa keluar, lalu saya masuk lagi sudah tidak bisa. apakah akun saya di blacklist?",APLIKASI
Ini ngebug atau bagaimana daritadi mo isi token gabisa-gabisa. tulis unauthorized,UMUM
"Dear developer. nomor saya dan email saya sudah pasang dan benar. tapi tidak bisa login. anda blg single login. saya minta nomor sudah saya kasih, minta email sudah saya kasih. dan dua akses itu sudah saya daftar akun saya.",APLIKASI
Beli pulsa gagal tapi saldo nya gk kembali,APLIKASI
Aplikasi taik. aku buat lapor madam listrik tidak ada selesai nya. malah tiba-tiba di aplikasi bilang saya sudah batal pengaduan nya. tidak relevan.,LAYANAN
PLN psyah...sering mati lampu...bayar telat denda,LAYANAN
PLN di karawang di bulan ramadhan ini sering mati listrik di saat saat krusial pas buka puasa dan taraweh. PLN ganggu aktifitas ibadah umat muslim.,LAYANAN
Saya bagai langgan rasa sangat rugi rena padam lampu daerah saya tiap hari.kadang mlm alamat.desa banjarsari rt 05 rw 02 kec.sampanahan kan.kotabaru. kalsel,LAYANAN
Tugas nya punya otak tidak waktu orang sahur malah madam kalau tidak bisa kerja ganti saja pegawai cari yang bisa estimasi waktu.,LAYANAN
"Aplikasi sampah buang-buang anggar mau lapor rusa via live chat tampil malah blank putih... tidak usah nyalahin hp atau internet saya,karena ini saya coba guna android dan internet yang sudah cukup bagus",APLIKASI
Sangat sangat tidak bantu aplikasi di buat tengah matang. pengaduan susah. usaha elit kelas PLN punya aplikasi kaya telor stgah mateng.,APLIKASI
Tidak bisa download invoice...sangat kecewa,UMUM
"Aplikasi yang sangat sangat buruk. 2 x gagal beli token sini di hari yang sama. dengan sabar saya buat pengaduan, suruh nunggu 3-4 hari kerja. sabar tunggu sampai 2 minggu, pengaduan saya tidak ditindaklanjuti. adu pun juga pake live chat yang sangat pusing customer, karena tiap ganti agent tanya kronologis casenya apa. padahal mereka bisa cek riwayat chat pengaduan belum benar benar",APLIKASI
SPKLU masjid agung at-tin tidak fungsi dengan baik,LAYANAN
Sangat butul saat lapor listrik padam di area tempat di suruh download aplikasi tapi pas proses aju malah tidak sedia di lokasi anda,APLIKASI
Kelas aplikasi usaha negara jelek banget najis,UMUM
"Mati lampu lebih dari satu jam, bikin lapor di aplikasi PLN mobile status selalu cancel wo, live chat cs muter-muter template jawab tanya mati lampu kenapa selalu jawab template, tangan selalu muter-muter begitu. minimal cs informatif kalau tanya itu jawab sesuai real case jangan pake bahasa template.",LAYANAN
Aplikasi sangat bagus tapi sayang sdm tidak pada lapor pengaduan sampai 2 kali dari pagi sampai sore belum juga direspon.,APLIKASI
"Tidak user friendly, tidak cocok untuk mereka yang kurang paham aplikasi atau awam. menu yang perlu di isi akan hilang saat konfirmasi, selalu minta upgrade akun meski sudah upgrade, konfirmasi terlalu lama. harus aplikasi mudah proses untuk langgan tidak malah repot",APLIKASI
"Saya beli token listrik dengan pembayaran lalu dana,,sudah laku transaksi saldo dana saya sudah potong namun status bayar gagal,,kalo transaksi gagal tapi kenapa saldo saya hilang?",APLIKASI
Layan PLN area cengkareng parah sudah minta adu keluh di aplikasi gk di tindak lanjut dan di batal di riwayat adu tera telah di batal karena langgan gk bisa di hubung padahal di chat saja kita bales peyugas minta share location juga di kirim,LAYANAN
"Saya pasang listrik subsidi, telah pasang 2 bulan subsidi cabut bangke memang",LAYANAN
"Sulit di perbarui sekarang banyak maintenance nya mau cek IDPEL pun loading, telah loading tidak muncul kacau ini aplikasi",UMUM
Pengaduan via aplikasi sangat low respon,LAYANAN
"Kenapa sekarang app ini tidak bisa di guna padahal belum memang sangat bantu banget. mohon segera di kembali lagi seperti semula,krna ini bisa jadi sarana layan hadap masyarakat",UMUM
"Aplikasi tidak bisa buat id langgan saya dapat fasilitas, terang remaja terus bagaimana mau dipake... cleqr cache, delete input lagi juga percuma. padahal id langgan dua tidak ada masalah.",APLIKASI
"Kenapa tiap tahun layan PLN makin tidak respon ya? sudah lapor pake aplikasi, di suruh nunggu tugas hubung tidak kunjung datang. padahal masalah dari tiang listrik.",LAYANAN
Ini bagaimana kok swacam tidak bisa buka alas angka stand meter kurang dari bulan lalu tolong diperbaiki,APLIKASI
Pembayaran guna QRIS mohon tambah,APLIKASI
Ini kenapa minta perbarui kali kali baru saja perbarui belum detik minta perbarui lagi,UMUM
"Ulang di 2026! rumah kosong 1 bulan tagihan 400 k! kontak live chat di aplikasi bolak balik customer seems to be disconnected. edit januari 2024 mana yang kata koreksi tagihan? makan duit haram enak ya? - rumah kosong 19 hari, masa tagihan listrik 700 k kayak kalau tinggal full? ac mati, elektronik mati semua. makan duit haram tidak berkah woi. bisa ya kasih keluarga duit haram? enak ya? enak ya moroti rakyat? mentang-mentang listrik cuma dari PLN terus tagihan enak jidat kalian.",LAYANAN
Sudah lapor berkali-kali tidak direspon,LAYANAN
Aplikasi apa bikin pin kok muncul notifikasi tidak boleh masukin angka bagaimana cara kocak,APLIKASI
Kurang,UMUM
Tidak bisa masuk ke aplikasi nya,APLIKASI
"Butuh verifikasi email, tapi kode OTP tidak masuk ke email yang daftar",APLIKASI
Aplikasi sangat lambat,UMUM
"Pembayaran masih sulit isi saldo, mesti juga ada QRIS",APLIKASI
Error terus scan SPKLU sudah perbarui baru rasa tidak kompatible. akan rubah ketika sudah di fix kan,APLIKASI
"Tangan sangat lamban padahal beli listrik tidak berhutang,tetapi tanggap begitu lambat",LAYANAN
"Aplikasi tidak jelas, ada tagihan, saya mau bayar, tapi tidak bisa. terang selalu gagal muat data, isi pake m-banking, tulis id langgan salah. padahal sudah cek ribu kali, itu id langgan benar memang sampah.",APLIKASI
Apa customer service nya lambat banget padahal sini mau complain hadeh,LAYANAN
Verifikasi jadi ladang pungli,UMUM
"Hampir tiap hari mati lampu di komplek saya, parah skali",LAYANAN
"Respon lambat percuma instal aplikasi ini, mati lampu lama tangan",LAYANAN
"Data swacam aku lagi-lagi tidak pakai data swacam tanggal 27 februari 2026 jam 19 23. dengan alas aku catat meter di luar biasa aku catat meter biasa kata PLN pagi dan siang hari. sedang pada 27 februari 2026, aku catat meter pada malam hari. aku tau sebab karena tugas PLN ingin cepat pulang kerja dan tanggal 28 februari 2026 adalah hari sabtu. hari libur kerja. memang enak jadi pegawai PLN ya. semena-mena. dan tanggal 27 februari 2026 itu akhir jam 23 59. marah",LAYANAN
Habis d perbarui malah jadi jelek. tidak ada info tinggal brapa hari lagi habis tokenny. terus riwayat beli token juga gk k perbarui trakhir pas sblm perbarui aplikasi. padahal baru saja ngisi tapi tidak k catat.,APLIKASI
Daftar pasang baru sekarang lebih rumit,APLIKASI
Ora kalap verifikasi email ora di kei wes dicoba-dicoba terus ora iso,APLIKASI
Tolong min untuk unit kerja ulp pancur batu... bila ada madam di sebar pemberitahuan pemdaman nya... ini tidak ada pemberitahuan... masyarakat sangat kecewa min,APLIKASI
"F 0 h,",UMUM
"Kenapa ada tulis lambat 0 hari warna merah? ganggu pandang padahal saya selalu langsung bayar tiap kali ada tagihan baru. meski 0 hari, tapi marna merah, tapi sangat ganggu seolah-olah saya tidak atur bayar",UMUM
"Minta baharu terus, padahal sudah baharu foto ktp dan selfi pake ktp,",UMUM
"Balesan cs lama,",LAYANAN
"Maaf ku kasi b 1, soal ku sudah bayar tagihan tapi listrik rumah ko padam ya, sudah pake pengaduan tapi respon lama, tidak ada tanggap bikinn rumit orang saja kalau ada tindak lanjut nanti aku kasi tambah bintang nya, sekarang 1 dulu saja soal jelek",LAYANAN
Jangan pernah sambung/pasang baru lewat aplikasi ini...sy sudah bulan belum juga ada tugas pasang baru ke rmah sy...pdhl sudah bayar lunas...tetangga yang nyruh orang lain sudah terpasang...pakai aplikasi sbulan lebih belum pasang,LAYANAN
"Mau buat pengaduan susah banget padahal download aplikasi ini bayar loh,di tempat saya ad gangguan listrik dri kemren mlm itu lampu kedap kedip mati dan nyalah sendiri semua perabot gk bisa di pake seperti ac,kipas,lampu dll.heran banget sama tugas PLN buat konsumen ganggu banget krna bikin sakit mata dan ke panasan,masak gk tenang krna lampu mati hidup sendiri.tolong respon pengaduan saya lokasi jln manggis ll poncol bulak, kontra mama uce rt 04,rw 17 di tggu respon y segera.",APLIKASI
"Aplikasi tolol bodat, heh kalian develop pake otak. habis transaksi mengapa maksain ulas binatang itu. itu aku kasih ulas hina buat kalian. ganggu saja",UMUM
"PLN mobile tidak bisa di akses di luar negeri. ketika di guna di indonesia, aplikasi sat set. namun pada saat di akses di luar negeri, seperti yang linglung. hanya loading dan putar putar di situ saja tanpa hasil. ada yang tahu cara akses atau memang PLN batas jangkau guna aplikasi nya.",APLIKASI
Tidak stabil,UMUM
Tidak bisa login saat ada di luar indonesia. kecewa,APLIKASI
"Terlalu PLN singkawang. lampu padam terus. dalam minggu pasti adaa padam. jam jam 7 malam padam, ini jam 10 malam padam lagi. tiap hari inyan ke baik ye. bayak bayak",LAYANAN
Force close,UMUM
"Data swacam aku lagi-lagi tidak pakai data swacam tanggal 27 feb 2026 jam 19 23. dengan alas aku catat meter di luar biasa aku catat meter biasa kata PLN pagi dan siang hari. sedang pada 27 feb 2026, aku swacam pada malam hari. aku tau sebab benar karena tugas PLN ingin cepat pulang kerja dan tanggal 28 feb 2026 adalah hari sabtu. hari libur kerja. perbarui turut kalian alas PLN atas darimana dapat cs wahyudi. 1 mar 2026 22 30. cs fredy. 2 mar 2026 22 16",LAYANAN
"Layan PLN sangat sangat buruk, di aplikasi ada terang sedang diperbaiki tapi di nyata tak ada satu tugas PLN yang datang, tipu semua layan buruk tolong tingkat layan langgan",LAYANAN
Tidak jelas mau bayar pake bca saja ngebug,APLIKASI
Meter sangat lama di pasang.,LAYANAN
"Belum perbarui normal saja ini app, bisa foto meter cara mandiri, telah perbarui aplikasi jadi tidak bisa buka karena deteksi root padahal hp saya hanya custom rom tapi tidak di root, payah benar developer kamu bos.",APLIKASI
Listrik sering mati dadak bikin komponen elektronik di rumah pada rusak,LAYANAN
KWH tagih sama lapor PLN mobile tidak sama terus fungsi ini lapor via PLN mobil apa? sudah chat. silah kerja yang benar jangan KWH orang main tembak saja sudah sering begini,LAYANAN
Metode pembayaran cimb tunggu hingga 1 jam. padahal transfer sesuai. jam serba otomatis masih lambat nyata PLN,APLIKASI
Aju tambah jaring listrik sudah 5 bulan tidak ada jelas,LAYANAN
"App ngehek. berkali-kali stuck, tidak bisa upload syarat tambah daya. minta resize foto, tapi tidak selalu ada opsi ambil dari galeri. bikin susah! bayangin kalau guna orang-orang tua gaptek.",APLIKASI
Tidak bisa buat login sudah di perbarui masih saja tidak bisa,APLIKASI
Rincian tagihan tidak bisa buka,UMUM
"Kenapa id langgan saya selalu gagal muat titik lokasi? kalau lihat dari data diri id langgan titik koordinat ada di laut benua afrika, sudah di edit juga tidak berubah-ubah. payah.",APLIKASI
Aju balik nama sejak tgl 26 feb sampai saat ini belum ada perbarui status pagi hari tanya ke live chat buat tiket pengaduan untuk tindak lanjut tapi 2 jam kemudian tulis batal langgan yang saya sendiri tidak pernah batal that s really bad experience with this app. i cant believe why the process talking so long! everything move to digital but making people more difficult.,LAYANAN
Tidak tahu kenapa loading terus,UMUM
Layan lambat sangat buruk posisi mati lampu juga,LAYANAN
Sangat lambat proses kembali dana nya,APLIKASI
Baik bagus,UMUM
"Sudah di bayar pun tidak masuk tokennya,kenapa begitu?",APLIKASI
"Layan parah banget. dari jam 14.00 siang tempat saya mati listrik, saya buat pengaduan di aplikasi, tiba tiba di closed sama teknisi padahal listrik belum nyala, saya buat lapor lagi langsung di closed, dan saya mau buat lapor listrik padam yang tiga di jam 18.00 akun saya di block tidak bisa biat lapor aplikasi apa ini kocak",LAYANAN
Lapor mati lampu,LAYANAN
SPKLU r 2 kenapa ada alva numpang nyolok... yang harus umum malah jd kurang ada swasta nebeng,APLIKASI
Sering mati lampu,LAYANAN
"Di gaji dari pajak rakyat, kalau mati listrik pas hujan malas 2 an tangan hadehh",LAYANAN
Percuma listrik sering mati,LAYANAN
"Aplikasi tidak guna, mau pengaduan listrik mati saja susah",APLIKASI
"Listrik sering mati tiba tiba, kenapa ya padahal non subsidi dan bayar selalu lancar, kaya gini bikin boros",LAYANAN
Buat lapor madam listrik selalu tidak bisa loading terus!,APLIKASI
"Kira berguna,ternyata tidak dilayani,2 bulan mohon abai",LAYANAN
Tiap hari listrik mati terus,LAYANAN
Sudah mahal. loading nya lama-lama bngd. saya mau cas mobil saya. loading terus buka aplikasi lain sinyal kuat. buka aplikasi ini ngaco muter terus bumn kalau bikin aplikasi knpa si kocak-kocak ya,APLIKASI
"Maaf, kak maaf, kak maaf, kak , balas kalian itu otokrat, tau tidak dari dulu sampai sekarang, otoriter kalian tangan masalah langgan tidak ubah tau. silah kalian poles demikian cantik/tampan sini tapi otoriter kalian itu tak akan ubah benar jadi salah dan salah jadi benar, sama kalian. dan itu jadi karena kalian yang hanya tangan listrik indonesia. jadi terus saja kalian pake filter untuk wajah kalian. kami, langgan tau wajah kalian itu hanya efek kamera",UMUM
OTP ya tidak masuk masuk,APLIKASI
"Status tangan oleh tugas supaya selalu diupdate oleh petugas/admin agar langgan yang lapor ada gangguan tahu respon tangan dari pihak PLN pada aplikasi. fitur pengaduan 21.17 wib live chat 22.49 wib 23.04 wib, wa 23.22 wib kondisi malam hari, sedang tugas luar daerah, di rumah cuma ada istri anak.",LAYANAN
"Fitur di dalam app memang lihat bagus tapi sangat sayang guna dan layan dari app ini sangat tidak bagus dan banding balik dengan fitur yang ada di dalam app. tolong untuk layan diperbaiki lagi, jangan fitur app saja yang bagus tetapi saat pakai laku lapor malah di cancel wo dan tidak ada tindak lanjut untuk baik atas masalah yang lapor",LAYANAN
"Aplikasi apa ini, di lapor malah gagal terus aneh banget ni aplikasi",APLIKASI
"Tidak ada tugas yang datang listrik padam hari , sagat-sagat tidak rekomen",LAYANAN
"Kenapa telah madam listrik jadi gk stabil tegang padahal rumah di kota. buat nyala kipas saja gk muter, lampu redup. padahal daya 900 watt, payah benar PLN mungkin jalur rmh kami di kasih kabel yang kualitas jelek sehingga daya turun",LAYANAN
Sudah mulai kumat lagi aju tari saldo PLN mobile sejak tgl 28 februari sampai hari ini belum juga kelar. sampai mau muntah ngecek akun terus,APLIKASI
"Aplikasi banyak verifikasi, lambat",APLIKASI
Saya aju pasang meter baru dari aplikasi mobile PLN namun sudah satu bulan belum ada tindak lanjut dari PLN suruh bolak-balik lapor ke live chat mobile PLN,LAYANAN
"Listrik rumah 1 jam lebih tidak nyala, ayah saya sakit sesak nafas, butuh listrik untuk alat bantu napas tetapi tim lama nyala listrik nya, tolong nyala listrik nya sekarang pak",LAYANAN
"Very slow when trying to pay bill, your app is too much event ads. and also where is paying by QRIS",APLIKASI
Untuk sistem bayar baik bisa memakia QRIS bagai salah satu pembayaran resmi nasional untuk mudah dan cepat pembayaran. kalau sudah bisa nanti saya tambah bintang,APLIKASI
"Aplikasi ngabisin uang negara tok, abal abal, layan pengaduan juga abal-abal tidak da guna ngadu tidak da tanggap blas",LAYANAN
Aplikasi lambat,UMUM
"Percuma ada aplikasi PLN ada pengaduan langgan tapi saat di isi data selalu di putar dengan alas yang kata nya alamat tidak sedia tapi di google maps ada alamat rumah langgan tapi di aplikasi PLN tidak sedia bahkan toko kecil dekat rumah saya juga tidak cantum alamat, karyawan nya mengapa kok kerja tapi selalu tutup telinga untuk dengerin langgan nya, tinggal turutin mau langgan saja tele tele, dengan alas alamat tidak sedia dasar oon!",APLIKASI
Sering x error tolong dong di cek app nya kalau ada kendala kyk gini bagaimana mau isi token. makin lama makin gk bagus app nya,UMUM
"PLN mobile apa error kah, saya isi pulsa listrik kok tidak bisa masuk di PLN mobile ya, padahal trnasfer dari mbank nya hasil",APLIKASI
"Sumpah padahal sudah bayar token lewat briva tapi di PLN tidak ada samsek kode tokennya, scam banget",APLIKASI
"Ini kenapa gk bisa buka aktivitas yahh padahal sudah ada pembayaran,mau masuk token tapi gk bisa buka, beberapa transaksi yang dulu bisa, ini sekarang gk bisa buka hadeh, mana sudah hasil pula pembayaran",UMUM
Aplikasi tidak guna... mau beli token uda bayar tinggal kasih token nya susah amat,APLIKASI
Aplikasi lambat,UMUM
Susah banget buat bikin lapor sering blank kalau buat lapor walaupun sudah hasil lapor tapi kok status dicancel oleh pihak PLN,LAYANAN
"Payah banget tiap mau transaksi loading nya bikin emosi,gagal terus",UMUM
Bayar pake aplikasi tf lalu mbanking saldo potong tapi tidak ada buktiblaporan dan no token,APLIKASI
"Telah beli token 500 rb, kode token tidak muncul. riwayat transaksi di aplikasi tidak dapat dilihat...tolol",APLIKASI
"Kalau kamu gk bisa buat aplikasi jangn terbit aplikasi, aku smlm beli token 200 smpek sekarang gk keluar sttruk beli woyy balekan duit itu anjeng",APLIKASI
Trouble dan loading terus,UMUM
"Saya beli token listrik lalu aplikasi, tapi riwayat aktivitas tidak buka saya tidak bisa lihat nomor tokennya.",UMUM
"Lambat loading, sudah selesai transaksi malah bukti transaksi tidak bisa buka dn no token tidak bisa diinput, rugi 200 rb, mana tanggung jawab PLN",UMUM
Aplikasi bug beli token uda 60 mnt tidak di terima,APLIKASI
"Sangat sangatt sangatt membuatt kesal, dasar app lalot, syaa sudah beli token tapi tidak baca jadi uang saya hilang begitu saya",APLIKASI
Aplikasi lama-lama bukan di perbaikin...malahan makin lambat aja.ga malu usaha besar PLN ngurus aplikasi saja tidak becus,UMUM
"Aplikasi error, lagi buru-buru sudah bayar tapi di tab aktivitas loading lama tidak muncul-muncul data mau liat no. tokennya, pke data tidak muncul pake wifi masih sama, tutup buka lagi, masih sama, instal di hp lain login yang sama masih tidak muncul juga data di tab aktifitas, buka tab lain ke atur bisa buka cuma tab aktifitas saja yang tidak buka saya utak atik cari-cari riwayat yang bisa liat tokennya tidak ada lagi, itu berlansung kisar 15 menit, akhir beli via mbanking, selang 2 menit saya cek lagi baru normal",UMUM
Aku beli token tidak di kasih hasih nya,APLIKASI
Lambat,UMUM
"Kalau bikin pengaduan listrik padam, nanti status pasti jadi batal batal pun pihak oleh teknisi lapang padahal listrik belum nyala payah",LAYANAN
"Banyak sekali bug nya, kalian tidak bisa perbaiki apa bagaimana sudah perbarui tetep saja buruk, buruk aplikasi kau!",UMUM
Kenapa batas akses aplikasi?,UMUM
"Nang lambat, harus ada korban jiwa dulu baru gerak",LAYANAN
Kalau aplikasi responsif tapi kalau layan listrik masih banyak baik karena listrik terlalu sering padam,LAYANAN
"Aplikasi busuk, di buat pengaduan ngeblank black screen buat komplain live chat terang busy terus, kalau tidak bisa terima komplain jgn buat aplikasi, mending tidur di rumah masing-masing",APLIKASI
Tangan lambat sudah lapor dari 3 jam tidak ada tangan,LAYANAN
"Layan buruk,, terkadang bikin lapor PLN mobile, batal pihak dengan alas batal langgan tutup saja PLN mobile kalau belum siap bikin layan mobile",LAYANAN
"Aplikasi yang mudah namun tidak ada option sanggah jd telah lapor hanya ada tindak lanjut tugas walaupun ptgasnya tidak datang, lmpu masih padam, lapor selesai tugas walau belum selesai.",LAYANAN
Keluh pengaduan sering tidak bisa. tunggu jika ulang muncut terang minta buruk...,APLIKASI
"Kenapa aplikasi PLN ini tidak bisa bantu warga, saat listrik padam salalu tidak ada agen yang jaga sama sekali, mohon cerah",LAYANAN
G 52-g 52.24 estimasi 3 jam tapi sudah hampir 4 jam tidak nyala-nyala. hubung cs tidak bisa agent sibuk. di oengaduan tidak ada foto tindak lanjut,LAYANAN
"Amat sangat parah, tolong tambah kapasitas bandwidth atau servernya supaya tidak lambat",UMUM
Layan buruk waktu ada madam listrik sampek 3 jam lebih saya telfon dak ada yang ngangkat telfon nya,LAYANAN
Aplikasi sampah percuma lapor kalau buat maenan doank tulis kelar dateng mah kaga tugas status nyala sementara nyata masih mati listrik kocak,LAYANAN
"Baik listrik padam sangat lama, selalu lebih dari estimasi. live chat hubung semua tidak ada yang respon. busuk memang PLN",LAYANAN
Percuma download kalau tugas nya tidak pernah nangganin keluh pengaduan kita,LAYANAN
"Mohon maaf admin, kami sudah adu lapor madam listrik kenapa pihak PLN tidak menindaklanjuti lapor dari custumer",LAYANAN
Riwayat status sering disalahgunakan tugas yang tidak jujur agar mereka tidak kena tegur.,LAYANAN
Untuk nomor pengaduan tidak bisa. masak pengaduan harus lalu aplikasi. mohon kami bagai langgan di mudah kami sudah kepln mobil. tetap hubung di no 123. dan no 123 tidak bisa hubung terima kasih.,APLIKASI
Good good,UMUM
"Icon cek padam sekitar warna biru semua, padahal mati listrik sudah lebih dari 6 jam di daerah semarang lurah mangunharjo kec. tembalang... tolong aplikasi dibenerin",APLIKASI
Maaf saya kasih bintang 1 karena lapor listrik padam nyala ulang dari tanggal 03-03-2026 dan 04-03-2026 selalu tiap sore hingga malam. lapor lewat PLN mobile tapi tidak ada respon sama sekali. tiap lapor tidak ada respon. bahkan hari ini 04-03-2026 listrik padam sudah 2 jam lebih dari sore hari lapor pun tidak direspon. kalaupun karena gangguan ya tidak bisa kirim informasi lewat wa kan.,LAYANAN
Tidak ada ubah sudah ngajuin pengaduan tidak ada tindak,LAYANAN
"7 jam listrik padam tidak ada respon, sudah lapor 3 x. rumah cendana sambiroto semarang",LAYANAN
Tugas lama,LAYANAN
"Mutar muter informasi nya,sering kena return order,membingungkan",UMUM
Pengaduan tidak ada respon,LAYANAN
"Sudah tlp pengaduan gara-gara listrik hidup padam hidup padam abisin pulsa tlp,dari jam 7 mlm sampai jam 1 lebih g ada tugas yang datang atau tlp,kasian itu ada 3 anak kecil yang besok sekolah pagi g bisa tidur,apa harus kasih uang licin buat bisa datang tkp,gpp kalau memang butuh uang pelicin/rokok asal mau datang betulin,digaji tapi kaya makan gaji buta,bayangkan itu posisi keluarga kamu bagaimana",LAYANAN
Layan nya makin buruk! bayar harus tepat waktu. gilir ada madam malah di suruh mohon maklum apa kayak gitu,LAYANAN
Ni g ada guna nya aplikasi ini lapor gangguan tidak cepat di tangan tidak sesuai dengan slogan aplikasi sampah,LAYANAN
Bayar harus tepat gilir adu di sepele di batal 3 x ngirim adu di batalin hama nyemeehh,LAYANAN
"Aplikasi apa masa bikin lapor pengaduan mati lampu bisa batal sendiri, kata batal langgan padahal bukan saya yang batalin",LAYANAN
Tidak ada guna pengaduan tidak ada tindak lanjut,LAYANAN
"Mau daftar saja masukin email tidak bisa terus, kata tidak boleh ada angka, sudah ganti email tetep saja tidak bisa",APLIKASI
"Aplikasi tak ada guna 24 jam tidak ada nang sama sekali dari tugas PLN call center 123 pun telpon tidak ada yang jawab, akhir kata terimakasih PLN semangat dan tetap rugi, makin kere",LAYANAN
"Layan buruk, bukan hari atau dua hari, tapi berhari-hari pun gaada sama sekali tim yang alamat untuk laku baik dan bahkan untuk kece sekalipun. alamat morowali sulawesi tengah.",LAYANAN
Pengaduan tidak pernah ditanggapi.masalah listrik sering masalah tapi pengaduan tidak tanggap,LAYANAN
"Lapor gangguan susah banget sudah ikut alur nya susah submit deskripsi,udah di coba bbrp x tetep saja susah,akhirnya balik tlp call center 123, terus dapat chat wa dari tugas tapi slow balesnya,paginya akhir ke kantor malah di bantu lewat aplikasi lagi,tapi balik lagi submit deskripsi gagal terus,siang nya tlp lagi call center,sore baru di benerin,,semoga bisa lebih baik aplikasi dan layan",APLIKASI
Respon sangat lama cs kocak,LAYANAN
"Saya hanya menginstal aplikasi ini untuk lihat kode token. entah kenapa perbarui riwayat tokennya sudah terlalu telat dan tidak bisa andal saat darurat, saya tidak mau telepon costumer service hanya untuk perkara token 20 k.",APLIKASI
"Aplikasi tolol! sudah bayar staus di aplikasi masih tagihan, goblog!?",APLIKASI
Layan sangat lambat,LAYANAN
"Gilir tagih gercep banget mau diputusin kalau tidak bayar, sudah bayar mati listrik terus ppk",LAYANAN
"Untuk ke depan kalau bisa untuk komplain bisa arah pake wa,, biar tidak berat langgan yang komplen",UMUM
"Layan buruk, saya lapor dari kemarin tidak ada tindaklanjut sama sekali dari tugas status di aplikasi selesai tapi tidak ada kerja samasekali, sangat kecewa",LAYANAN
Tidak ada tanggap,LAYANAN
"Tidak ada tanggap padahal sedang error, tidak bisa download invoice",UMUM
"Sedekah 50 k, token gagal terus! download aplikasi ini, kali pengaduan, tapi kga gampang dan cepat vidio tutorial. bukan makin mudah, makin jengkel w",APLIKASI
Aplikasi cacat lapor d batal alas lapor sama sedang saya baru lapor,LAYANAN
Lambat aplikasi respon lambat,UMUM
"Saya ingin bayar tagihan di bulan januari dan februari tapi tidak bisa karena muncul informasi bahwasannya tagihan sudah di bayar, tapi tanggal 2 maren kemarin muncul tagihan besar rp. 495.0 yang arti saya harus bayar 3 bulan yang harus 1 bulan saja yaitu bulan maret, saya sudah coba lapor di live chat tapi sampah. lambat, tele tele, tanggap tidak sesuai dengan tanya tau tau sesi live chat di akhir begitu saja. sial",LAYANAN
"Layan buruk,iive chat selalu sibuk dan template bahasa padahal jelas kalau itu livee chat, tangan tugas lambat, kita tau kerja resiko tinggi, cuma selalu delay dalam kerja buruk itu kerja tugas dan aplikasi",LAYANAN
Lemot.gak jelas.log in saja tidak bisa-bisa.perbaiki wooy sistem jaring bikin tidak nyaman,APLIKASI
"Buruk, penangangan sangat lambat di kondisi darurat tidak guna",LAYANAN
Tidak ada menu riwayat pakai dan pembayaran bulan-bulan yang lalu.,APLIKASI
Sangat buruk,UMUM
Sangat tidak baik lambat,UMUM
Penangananya sangan kecewa pengaduan tidak di gubris sama sekali sampe saat ini belum ada tangan,LAYANAN
Tangan terlalu lama,LAYANAN
"Live chat tidak bantu usah monopoli, layan buruk",APLIKASI
Selalu susah di akses,UMUM
Ni bagaimana ya di mohon saya terang sudah selesai tetapi tugas sama sekali tidak ada datang rumah tolong la jelas prihal mohon tambah daya listrik saya,LAYANAN
Layan lambat,LAYANAN
Bosok,UMUM
Layan sangat lama sudah 2 jam lapor belum ada tindak sampai saat ini padahal kabel PLN putus di depan rumah dan bahaya,LAYANAN
"Kacau, lapor dari siang sampe malem, sampe mau pagi lagi belum ada tindak lanjut dari PLN ditelfon 123 jawab sama, akan tindak lanjut tapi nyata nihil 3 kali telfon cuma buat waktu sama buang pulsa, tolong PLN segera perbaiki kerja nya.",LAYANAN
Beli pulsa listrik pake aplikasi ini nomor token nya selalu nyangkut tidak mau keluar.jangan mau beli pulsa listrik lewat aplikasi ini pasti nyesel bukan bantu malah nyusahin,APLIKASI
Mantap,UMUM
"Bosok, listrik ku mati teross",LAYANAN
Pusing masa upgrade akun susah minta ampun,APLIKASI
Tangan lambat,LAYANAN
"Aplikasi error, ngelapor sore tapi tugas tidak tiba sampe malem tapi status di aplikasi sudah dalam kerja layan super lambat, ngelapor sore baru di perbaiki besok pagi. call center 123 juga tele tele",LAYANAN
Tidak guna,UMUM
"Tidak pernah dapat voucher, kenapa?",APLIKASI
"Saya transaksi gagal saldo sdah di potong, sudah di lapor mlah ngak ad respon sma sklu malah di sru beli lagi token lstrik",APLIKASI
"Baru instal saya uninstall... chat live lambat tiba tiba end conversation dari cs nya padahal yang lambat aplikasi chat live nya. sudah di ketik, di kirim tapi tidak muncul cakap beberapa kali saya coba kirim, sampai tanya masih hubung kah? masih... tapi chat yang saya ketik tidak muncul di chat box nya. dan di end conversation sama cs nya. tolong diperbaiki paling tidak sedia layan wa dengan cs. jangan kalian suruh telpon 123 dan email. tidak efisien turut saya.",APLIKASI
Sudah minggu mohon tambah daya saya tidak proses bagaimana ini.,LAYANAN
Isi PLN gagal tapi saldo tidak kembali bisa banget ya skrng korup online,APLIKASI
"Listrik padam layan tugas sangat buruk d hubung jm 11 kurang sampai jam 3 di suruh sabar, di aplikasi pengaduan tulis sedang di tangan nyala sementara nyata datang saja belum apa yang sudah di tangan aplikasi layan bagus di lapang layan tugas sangat buruk slow respon hanya di suruh tunggu",LAYANAN
"Saya akui alam pertama adu bagus, dan cepat tanggap. tapi adu dua karena rumah habis kena angin, dan kabel ikut kena hingga listrik di rumah drop, lapor bolak balik isi status yang cuma erti tugas yang pada akhir batal paling tidak kasih solusi atau apa via wa. sekali tanggap juga suruh nunggu doang tapi di status aplikasi batal paling tidak konfirmasi ke konsumen via wa kait detail 2 hari lebih mau ngecas hp saja kudu ganti sama lampu.",LAYANAN
Pusing bayar oake dana baru buka dana sudah kadaluarsa bagaimana inih?ko tidak lama,APLIKASI
"Aplikasi ngebug parah di layan iconnet, sudah laku pembayaran via gopay dan hasil tapi status di aplikasi masih ada 1 tagihan aktif, parah cs iconnet tidak ada yang merespon",APLIKASI
Dear PLN mobile. kenapa telah perbarui tidak bisa di guna batas akses aplikasi,UMUM
Tidak ada live chat dengan operator/petugas PLN,APLIKASI
Slow respon,LAYANAN
Lapor padam jawab template dan atas lama,LAYANAN
Apa fungsi PLN mobil yang apa-apa serba online tapi layan untuk pasang baru masih minta suruh antar berkas ke kantor PLN untuk proses verifikasi!,APLIKASI
Saya mohon pasang baru listrik tapi telah kilometer keluar informasi dari yang masang haru bayar uang kontribusi nila 20.0 apakah benar min?,LAYANAN
"Buruk,saat di guna sering kembali sendiri,sangat sebal",UMUM
Loading terus,UMUM
"Sudah transaksi di PLN mobile, tapi mau claim voucher tambah daya 50 nya gagal terus.",APLIKASI
"Mau komplain aplikasi sibuk terus ktnya,pdhl ini lampu dari sore mati,cuuprm idup sbntar mati lagi smpe 2 x,ini masih mati,",APLIKASI
Tidak guna nib aplikasi. lapor listri padam gaa ds respon.,LAYANAN
Percuma pengaduan di wilayah kami tangan lama banget.,LAYANAN
"Bisa minta tolong untuk sampai cs, kalau layan keluh customer di dengar lebih dahulu, jangan langsung tutup sambung panggil la terus bagaimana solusi kira lapor fiktif? padahal memang benar mati-mati terus listrik jadi hambat mau operasional toko.",LAYANAN
Responnya mana bos.di pengaduan meter tulis periksa,LAYANAN
Percuma pengaduan tidak di tanggap,LAYANAN
Percuma instal kalau ujung 2 nya ubah status fiktif dan harus ubung 123 berulang-berulang,LAYANAN
Kadang keluar keluar sendiri diapk,UMUM
Sering masalah di sinyal dan sering maintenance,UMUM
"Masukin nomer meter, tidak temu pas diback muncul. beli token nomernya tidak bisa proses pas transfer via virtual account. saya ngakak saja sudah tau aplikasi perintah satu tidak ad yang benar",APLIKASI
The operator can close the complaint without consulting with the user or providing any proof. useless app.,LAYANAN
"Pasang baru sudah bayar, tapi tidak tangan tim lapang info satu hari. sampai 5 hari belum ada tangan complain lewat aplikasi sudah tapi belum ada tindak lanjut tangan tim di tim lapang tapi di daftar riwayat tulis sudah tolong perbaiki tim oh iya cs yang tugas jumat malam 6 maret 2026 jutek saat telpon",LAYANAN
Layan lambat,LAYANAN
Slow respon sekali untuk pengaduan,LAYANAN
"Pengaduan saya tolong segera tanggap sudah 3 hari alir listrik rumah tidak normal. sudah 7 x pengaduan juga jawab tunggu, paling tidak ada estimasi waktu baik niat lapor pake aplikasi buat oantau status malah isi status live trackingnya ngaworr",LAYANAN
Sudah bbrp kali verifikasi tapi verifikasi gk terima,APLIKASI
Minta update...sy beli token tgl 7/3/26 jam 7 pgi...biasanya sblum perbarui langsung kliatan riwayat beli tapi ini sudah 4 jam lebih tidak muncul riwayat beli hari ini...menyesal saya perbarui mending manual saja tidak buang-buang data kecewa,APLIKASI
"Pengaduan,tapi tidak ada progres tidak ada tindak lanjut,pelayanan buruk",LAYANAN
Layan buruk.,LAYANAN
Tidak guna aplikasi ini karena tiap hari listrik padam di tulungagung utama pagerwojo,LAYANAN
"Aku baru sj download dan coba daftar,setelah isi no hp klik lanjut tapi selalu mental dan kembali ada tulis lanjut begitu selalu, bagaimana ini?",APLIKASI
"Doesn t work, claims phone is rooted",APLIKASI
"Id langgan dalam remaja terus, tapi dari PLN live chat gada solusi. sengaja buat bermasaah supaya tidak bisa tambah daya dalam masa promo. akal akal bagus sekali. truly s 3 marketing",APLIKASI
"Tidak cukup bantu turut saya aplikasi ini, karena saya coba urus proses balik nama rekening listrik sejak tgl 20 februari 2026 hingga hari ini status masih tetap sama tunggu verifikasi PLN unit padahal dokumen dukung sudah di upload lengkap.harusnya aplikasi bisa mudah langgan yang memang cara waktu tidak bisa urus ke PLN cabang di jam kerja",APLIKASI
Perbaiki lagi sop 3 kali pengaduan 2 kali fibatalin pihak dari pln.nya dengan status nyala semtara padahal drmh masih gelap gulita daru jam 14.00 smpek tengah malam. suruh nunggu 3 jam dri pengaduan tapi alhasil tidak sesuai kamu,LAYANAN
"5 tahun jalan 6 tahun,,listrik di tempat ku ganguan terus,,percuma lapor di aplikasi ini,,di tolak terus,,",LAYANAN
"Min gausa pake menu internet iconet kalau coveragenya beda sama teknisi. mana aplikasi, teknisi dan cs nya tidak bantu semua. tukang tipu. sudah bayar lunas dicancel pihak",LAYANAN
Parah di daerah pandeglang listrik sering padam gilir telat bayar ngoceh mana bulan suci rhamadan,LAYANAN
Percumah fungsi aplikasi ini apa? KWH d rmah saya error laku layan bantu tak kunjung datang datang PLN tidak jelas tiap bulan naik bayar cma layan kurang,LAYANAN
Tidak bisa kontak call center,APLIKASI
Mati lampu sudah 4 malam 4 hari adu di aplikasi tidak ada respon,LAYANAN
Lambat pengang nya arus watt nya kurang elektronik semua hmpir rusak.responnya gdak.minta nambah arus smpek skrng tidak kerja sudah coba kasih surat-surat ke kantor PLN tidak juga direspon cemna kalau biar begini terus. tolong di tindak lanjut lapor saya mohon.,LAYANAN
10 x ubdet sudah selesai ubdet lagi biawak ni aplikasi tidak bisa di pake,UMUM
Info madam tidak ada,APLIKASI
"Lapor beberapa kali hanya di tanggap di aplikasi dan wa saja tidak ada tindak lanjut di lapangan,sungguh kecewa",LAYANAN
"Saldo tidak bisa di tarik, sudah nunggu beberapa jam terus di balesnya tunggu 5 hari kerja. parah.",APLIKASI
Pengang lambat,LAYANAN
Layan dan respon tidak cepat tanggap,LAYANAN
"Aplikasi taik. kasih habis saja uang pajak. bilang akan ada tugas tapi hari di tunggu tidak ada. jika harus lapor ke kantor PLN makassar, hancur saja ini aplikasi taikk",LAYANAN
Sangat tidak puas dengan layan msak mati lampu sudah 4 hari belum ada benah dari PLN dekat,LAYANAN
Harus g usah tak kasih bintang... g guna banget ini aplikasi pengaduan sudah 2 hari g da tugas yang datang tapi di tulis selesai baik,LAYANAN
"Tangan sangat-sangat lambat. telah 12 jam dari lapor baru tanggap dulu tahun 24, respon tangan sangat cepat, skg lelet bukan main padahal bumn.",LAYANAN
Tidak bisa login pakai email,APLIKASI
Tidak ad menu top up saldo,APLIKASI
Aplikasi sampah tidak guna tidak ada tindak lanjut dari PLN atas gangguan/ lapor,LAYANAN
Beli pulsa listrik tidak masuk saling lempar dari pihak bank dan dari PLN kecewa banget untung beli cuman dikit,APLIKASI
"Aplikasi tidak jelas. hanya bagus untuk lihat tagihan. lain tidak ada yang sesuai error, harap perhati pihak PLN agar lebih canggih dalam pilih it untuk aplikator,.",UMUM
"Aplikasi jelek, nang lambat",LAYANAN
Dari awal buat ide token sama sekali tidak untung jika salah masuk no meter hangus jadi nya. padahal token belum di pakai,UMUM
Sudah semangat 2 nya pengin tambah daya ke 900 malah tidak keluar-keluar alas mcb daya 900 nya tidak ada. untuk area bumiayu kab.brebes jawa tengah,APLIKASI
Prihal lapor saya padam lampu belum selesai di batal tugas PLN kerja kerja nya tidak profosional,LAYANAN
"Tangan gangguan selalu batal terus, padahal belum lancar terus, walaupun malam hari.",LAYANAN
"PLN tidak jelas, beli token listrik lalu shopeepay dari tanggal 6 sampai tanggal 9, token belum muncul-muncul padahal deskripsi estimasi proses cuma sampai 30-90 menit, ini sudah 3 hari? sudah aju keluh di aplikasi PLN mobile juga lama sekali proses",APLIKASI
Uang aku kenapa gk balik nya.katanya klau lebih di balik ke refund.saya kog gk balik-balik duit nya.apakah ada yang salah.tolong di bantu,APLIKASI
Woi in ngoni rupa sulit sedang ada gangguan dari kemarin nda habis dpe gangguan marah,UMUM
Bagai guna SPKLU sangat kecewa aplikasi error terus charger station doang yang banyak. orang lagi mau ngecas saja susah banget. kecewa sekali,APLIKASI
Maintenance apps nya sangat buruk. saat apps error tidak langsung di perbaiki. giat hambat karena tidak bisa guna charger SPKLU di luar kota. bisa jadi masalah nasional kalau tiba-tiba apps nya di rusak pihak-pihak yang tidak tanggung jawab. seluruh mobil listrik tidak bisa guna charger SPKLU,APLIKASI
Masih banyak bug cacat aplikasi mau ngecas aplikasi error atau sedang dalam pelihara kalau g niat bikin aplikasi lempar ke swasta saja,APLIKASI
Buruk,UMUM
"Mau pasang iconnet malah tidak tercover, padahal rumah di depan bisa. kocak",APLIKASI
"Buruk. pas mau daftar akun di bagi verifikasi gmail, lama banget tidak masuk kode uda di refresh, uda cek spam, uda cek junklink, uda cek di promosi tetep saja tidak muncul. mohon di perbaiki lagi. agar user nyaman guna bagaimana saya akan guna aplikasi ini coba? jika daftar saja kendala nya seperti ini.",APLIKASI
Invoice tidak bisa di download sekarang,UMUM
Tunggu lama error terus,UMUM
Cacat jirr sudah kali minta kode verifikasi tidak muncul notifikasi nya padahal email nya sudah benar,APLIKASI
Kenapa mau login kode verifikasi nya tidak kirim,APLIKASI
"Verifikasi akun sangat susah,alasan data tidak sesuai padahal sudah jelas photo ktp,dan juga selfie dngan ktp sesuai arah",APLIKASI
Kode verifikasi email tidak muncul muncul,APLIKASI
Susah banget kadang ngelag sendiri transaksi lama,UMUM
Kenapa tolong bantu saya sudah beli token. dana kurang tapi transaksi gagal tolong pengaduan nya susah lambat,APLIKASI
"Mau tambah daya malah tidak bisa klik apa², padahal sudah up ke versi aplikasi baru banyak yang senabis juga di ig.",UMUM
Sering error.sering null,UMUM
"Tolong saya sudah transaksi tapi token malah tidak muncul, bagaimana ini solusi",APLIKASI
Knapa gangguan terus,UMUM
"Tidak user friendly, mau nambah id langgan saja tidak bisa, padahal id itu pakai buat bayar bulan",APLIKASI
"Sudah bayar dan blom di pasang sudah 1 minggu tunggu blom ada konfirmasi di hubung untuk pihak kait susah, dan selalu alas",LAYANAN
"Mau daftar, sudah daftar, pas mau verfikasi email... malah tidak ada email yang masuk. sudah di cek di semua inbok spam dan lain-lain tapi tidak ada. apa karana lagi promo 50 ya jadi tidak bisa daftar",APLIKASI
Ini bagaimana maintenance di bali dari tadi untk r 2 tidak kelar hambat kerja orang malah lebih utama r 4 ketimbang r 2,APLIKASI
Gagal beli 2 kali tapi saldo tetap potong dan tidak ada respon dari cs,APLIKASI
Server error. sudah masuk halaman pembayaran tidak bisa lanjut.,APLIKASI
Isi data pribadi tidak bisa.aplikasinya sempurna lagi di tunggu baru aplikasi,APLIKASI
PLN mobile tidak boleh error harus,UMUM
"Aplikasi tolol, di pake saat urgen malah error dasar PLN babi",UMUM
"Dapat kendala saat login,tidak ada kode verifikasi yang kirim ke alamat email.",APLIKASI
"Aplikasi tidak bisa di guna stuk di registrasi. cs nya juga tidak ramah, di hubung tidak mau beri jawab dan bantu apapan ini!",APLIKASI
Saya bagai ojol rasa mampus kalau maintenance SPKLU buat r 2 tidak selesai-selesai hingga hambat kerja hingga sulit hidup orang lain,APLIKASI
Sampai sekarang belum bisa daftar kode verifikasi gk mau muncul payah sulit masyarakat,APLIKASI
Lapor tidak ada tangan sama sekali langsung status selesai buruk,LAYANAN
Ini kenapa PLN mobile tidak bisa guna error terus tolong diperbaiki,UMUM
SPKLU tidak banyak di jakarta jarak stop kontak jauh sering error,LAYANAN
Asa kemarin beli token listrik aman-aman saja kok sekarang banyak syarat,APLIKASI
Sudah bayar malah gagal aneh kali tipu,APLIKASI
Spklur-spklur maintenance di jam kerja sehingga saya tidak bisa nge-charge dan waktu yang lama,APLIKASI
"Beli lalu aplikasi ini, sudah bayar status malah jadi kadaluarsa",APLIKASI
Isi token 200.0 tapi gk di kirim kode token nya parah yaa langsung 1 menit kadaluarsa pesan nya saldo potong tapi gk masuk,APLIKASI
Lama tanggap nya,LAYANAN
Pelihara SPKLU r 2 koq jam jam jam jam kalau mau pelihara system ya di jam 00.00 wib layan koq kaya gini ya PLN,APLIKASI
App telek,UMUM
"Sangat tidak baik, baru beli token mau bayar via shopee dan hasil bayar tapi di PLN mobile nyata kadaluarsa",APLIKASI
Mulai tengah bulan maret sampai hari ini aplikasi PLN mobil sangat susah di akses lalu hp android...selalu alas yang kita terima sistim sedang dalam mentenence...ada apa dengan PLN mobile... belum nya lancar lancar saja,UMUM
Untuk r 2 tolong dibenahin lagi karena kita para ojol butuh charger trobel kok lama hingga kita gk bisa charger...tnya di wa jawannya krg memuaskn,APLIKASI
Error aplikasi ini sekarang error sudah satu mingu,UMUM
Bnerin aplikasi error terus tlol,UMUM
Sgat buruk dan kecewa siang sampai mlam juga tidak ada tindak lampu juga sudah padam,LAYANAN
1/2 hari belum di adakan pelihara di kasih pemberitahuan dulu,APLIKASI
Gangguan matenc di sat jam sibuk kasi driver habis batre di saat jam rame,APLIKASI
Titik lokasi rumah saya di aplikasi beda dengan lokasi asli. ada fitur edit lokasi tetapi tidak fungsi,APLIKASI
"Aplikasi lambat banget, tidak responsif, minta rating terus ganggu banget pas transaksi, lambat",UMUM
Makin hancur,UMUM
"Belum perbarui kalau beli token pake dana bisa langsung dari aplikasi dana, tapi telah perbarui malah ngaco, mau bayar pake dana tapi OTP kirim lewat wa, jadi rumit gini. auto uninstall.",UMUM
Aplikasiny kurang bantu saya bru isi token msak d aplikasi gk terupdate jd saya gk bisa lihat brp hari lagi masa pakai listrik saya,APLIKASI
Burik perbaiki server kalian 6 x transaksi gagal terus tidak guna,UMUM
"Sangat bantu cuman tidak nyaman pas ada promo ramadhan ubah daya belum di verifikasi, dadak pelihara system, gagal system. sedang batas waktu promo mau habis",APLIKASI
Hapus saja balik nama percuma online suruh ke ulp buka mudah tetep saja susah via online,APLIKASI
"Kocak,,gk bisa lihat riwayat transaksi sama pesan aktif",APLIKASI
Telah diupdate tidak bisa download tagihan dan invoice,UMUM
"Sudah saya live chat, material tidak ada sudah dari lama, harus di follow up ke atas bukan kebawah/petugas dia mau pasang juga bagaimana barang tidak ada... bales sini saja jangan di email",LAYANAN
Aplikasi hampir tiap hari gangguan.,APLIKASI
"Coba beli token 100 rb, d banking hasil tapi di PLN mobil gagal. tapi uang belum kemabali",APLIKASI
Untuk rayo bojonegoro sangat lambat sekali,LAYANAN
"Saya punya psng baru,daftar lewat PLN mobile, verifikasi nya lama banget sama PLN unit nya. coba tolong itu cuman tinggal di verifikasi saja mw saya bayar KWH nya lama banget di perbaiki kerja nya",APLIKASI
"Ampas banget aplikasi anggar PLN banyak dipake buat nyewa buzzer rating yak? sudah beli token, sudah bayar sesuai nominal, masa di transaksi tidak berubah-berubah, msih tetep minta pembayaran",APLIKASI
"Sudah bagus hanya beberapa hari ini saya aju pasang baru tapi untuk verifikasi PLN unit saja sangat lama, sudah 5 hari saya aju pasang baru belum juga di verifikasi PLN unit padahal sudah komplen ke customer service sudah pula buat pengaduan tapi hasil nihil. tolong diperbaiki lagi sistem terima kasih",APLIKASI
"Aplikasi sampah, aju pengaduan KWH meter saja gk bisa keluar terus kembali ke awal. tiap foto sudah ke 4 atau ke 7 pasti keluar ke awal. jadi ngulang lagi dari awal. dasar sampah.",APLIKASI
"PLN mobile sangat tidak bantu verifikasi pembayaran sangat lama, di end user selesai di backend belum terupdate. sinkronisasi data lama. tolong evaluasi kembali. bikin emosi.",APLIKASI
"Pada aplikasi PLN mobile di tracking adu tracking progress bisa main oleh tugas lapang tugas belum sampai sudah lapor sampai di lokasi, bahkan status kerja dan bahkan status nyala sementara. padahal sudah 3 jam lebih tugas tidak ada datang lapang kami lapor pun dengan 123 hanya normatif tidak bisa beri jawab yang jelas dan solusi.",LAYANAN
"Aplikasi apa kejap error kejap sedang baik kejap error lagi, kapan mau bagus 2 nya, macam ini mau rang seluruh indonesia, bikin aplikasi saja tak jelas mau ranting banyak PLN PLN",UMUM
"Sering banget maintance tanpa pemberitahuan ganggu banget kalau daya kendara sedang low, aplikasi juga makin lambat selalu loading lama padahal guna wifi dengan ping stabil dan cepat tinggi. tapi tetep saja loadingnya lama terlalu berat.",UMUM
"Aplikasi mcm apa ini kejap bik kejap error terus. aplikasi mcm anak-anak mcm mana mau ragi indonesia bikin aplikasi saja tak jelas. PLN tak usah kau suruh-suruh angota mun minta-minta rating bintang kasihan capek-capek dia kerja kau benah aplikasi kau ini, icon lagi mcm usaha rombeng jaring buruk lapor kucing 2 an apa nak jadi prusahaan sudah monopoli tak ada saing tapi makin buruk",UMUM
Pengaduan lama tanggap,LAYANAN
"Lapor sejak kemarin listrik belum pasang tahu nya lapor selesai listrik sudah pasang ini bagaimana ni, saya sudah nunggu tidak pakai listrik lebih dari 1 bulan, ini pun nyalur tetangga, ah sudah sudah bayar juga, tapi listrik belum pasang suka suka usah kamu saja sudah mau pasang tahun depan kek 5 tahun lagi kek serah capek gua lapor 2 kali tidak di tindak lanjut alas belum pasang karena tiang listrik belum ada. okey fine, no problem.",LAYANAN
"Kecewa upgrade akun saja respon nya user beda dengan id kard, padahal semua layan aplikasi perban guna ktp yang sama sungguh system yang sangat bodoh",APLIKASI
"Aplikasi anehh, mau login saja gbs, loading terus sampe kiamat anjj, jaring bagus tapi loading terus mau cepat isi pulsa malah harus nunggu loading nya lama banget lagi bgst, kamu niat bikin aplikasi tidak",APLIKASI
"Aplikasi jelekk, bisa 2 nya error pas lagi promo ramadhan 50, jadi tidak bisa laku pembayaran, sudah chat live di apps nya juga tidak bantu hapus cache seperti yang mereka minta juga tidak ngaruh, hapus dan instal ulang apps nya juga tidak ngaruh, eh sudah akhir promonya baru itu apps bisa kepake.",APLIKASI
"Woe...kenapa riwayat guna sudah tidak ada riwayat biasa ada grafik tiap bulan, kenapa sekarang tidak ada?",APLIKASI
"Aplikasi bapuk. sudah payment, tbtb charges selesai padahal belum juga isi di mesin juga sudah selesai. tp.aplikasi gbsa scan ulang port charge yang sedia karena error. cs lambat. suruh tunggu sampai 30 menit. sudah tunggu lebih dari 30 menit masih saja tidak bisa. sudah spare waktu lebih awal sblm ke kantor, masih juga suruh tunggu tidak jelas.",APLIKASI
"Nyesel beli token listrik di PLN mobil, pembayaran hasil tapi d PLN mobil gagal, uang belum kembali, untung beli cuma 100 rb, buat rekan rekan saran saya mending beli di banking langsung atau di aplikasi yang lain,",APLIKASI
Aplikasi sering trouble saat mau live chat,APLIKASI
Lambat parah aplikasi apalagi saat pembayaran duh,APLIKASI
Sangat mudah untuk laku transaksi dan laku lapor gangguan,UMUM
Kenapa perintah kalau bikin sistem web dan aplikasi itu banyak bikin susah bukan bikin mudah. tiap bulan mau isi token orng pake aplikasi PLN mobile ini pasti ada terus terang pembayaran kedaluwarsa padahal saldo ada di coba berulang-ulang tetap saja tidak bisa bahkan besok juga tidak bisa lewat bulan baru bisa lagi. kalau ada kuota isi perapk itu info kata kelola negara tapi bikin sistem gini saja kok tidak benar,APLIKASI
Buruk,UMUM
"Kenapa pasang e tengah tengah g sekali kabel token di pasangin ke sekring, alesan g tau salur min sama plus, la situ kan orang PLN tau listrik",LAYANAN
Aplikasi apa tiap kali ada promo pasti server or jaring busuk yang alas gangguan dri pusat lh apa lh mending tidak usah ada promo kalau cuma buat nyenegin masyarakat awam.,APLIKASI
Layan PLN pangklan balai sangt tidk puasa proses kesah daya 900 va harus datng ke kntor padahal saya jauh dari kantor PLN buat lporan di PLN mobile malh dibtalkn,APLIKASI
"Kenapa minta login lagi?, harus masuk pin yang sudah lupa dan harus kirim ulang, minta lagi IDPEL yang sudah pernah beri buang-buang waktu buat cari IDPEL lagi, parah ini",APLIKASI
Banyak syarat,UMUM
"Aplikasi gk guna percuma lapor dari jam 18.30 smpe skrng jam 22.16 gk ada tangan apa kalau gk niat mending gk usah buat aplikasi, ngabisin anggar negara saja",LAYANAN
"Layan PLN buruk baru pasang 2200 watt, pas ac nyala voltase turun ke 180 volt. sudah lapor PLN respon 1 minggu lebih tidak ada tanggap moga semua pegawai PLN masuk neraka jahannam tanpa kecuali. aamiin ya allah",LAYANAN
Lama benar tangan nya,LAYANAN
"Saya datang ke PLN ulp bandung timur pada kamis, 11 maret 2026 untuk tanya tambah daya listrik dari 7.700 va ke 11.0 va yang sudah saya aju dan bayar lalu PLN mobile. saat minta arah ke bagi layan saya justru arah satpam ke bagi teknisi. di sana hanya jelas material belum sedia tanpa pasti waktu. saat saya datang pukul 13.34, bagi layan juga kosong padahal jam operasional masih sampai 15.00. bagai langgan saya hanya butuh pasti",LAYANAN
"Kabel putus dari jam 3 sore,sudah lebih dari 12 jam tidak ada baik /tindak lanjut dari pln,sudah buat pengaduan beberapa kali di aplikasi ini tetapi selalu di cancel oleh pihak PLN telpon ke orang PLN nya pun sudah sering d laku tidak ada tindak lanjut sama sekali saya di desa cikeas udik kec. gunung putri kab. bogor jawabarat",LAYANAN
Sangat lambat dan mudah error,UMUM
Transaksi token listrik makan waktu terlalu lama untuk pemrosesannya... begitu transfer ke va tidak langsung perbarui aplikasi pas butuh cepat konfirmasi lama,APLIKASI
Harga token lebih murah di aplikasi langsung,APLIKASI
Baik listrik tidak punya standard yang pada nyala kemudian mati lagi sekian detik buat barang elektronik saya rusak semua karena listrik yang tidak stabil untuk paksa nyala,LAYANAN
"Lebih bagus bayar pakai e-wallet dari pada aplikasi PLN langsung, 2 tahun pakai ni aplikasi tiba tiba kata id langgan yang masuk salah/tidak temu aneh banget sedang e-wallet tidak ada drama id tidak temu langsung satset nongol berapa tagih - bayar - selesai.",APLIKASI
Layan amat sangat reng complaint jam 12 mlm PLN baru dateng jam 10 pagi buruk,LAYANAN
Tracking pengaduan lapang sering beda antara yang lapor tugas dan aplikaasi,LAYANAN
"Saldo refund nya kog masih belum masuk ya.ada pesan saldo refund gagal.saldo yang ada di PLN mobile nya tidak bisa pakai buat bayar lain-lain. beli pulsa tidak bisa, beli token juga tidak bisa.saldo refund karena beli pulsa, pulsa tidak masuk, saldo refundnya juga tidak balik juga.buruk layan",APLIKASI
Bagus bagus bagus,UMUM
Tidak jelas instruksi.kita lapor pln.katanya itu urus instalatir.instalatisnya siapa.petugas tidak tau.sudah klik sana sini diaplikan PLN mobile gk ada solusi,LAYANAN
Fungsi aplikasi ini apa di bikin. sudah complain gada yang dateng harus di telpon dulu baru di progres bilang saja harus telpon biar kena dana pulsa gausah bikin aplikasi gada fungsi,LAYANAN
"Saya transaksi token 200.0,gopay saya sudah potong tapi saya tidak dapat token,help me please PLN",APLIKASI
PLN mobile layan nya kurang baik apa lagi kalau tentang keluh langgan tidak buru d respon... lebih parah...area teluk naga aju pasang baru saja lama d veripikasi nya...bagian pasar nya kerja nya apa x... veripikasi saja lama...pln kan sistem nya jual harus nya di cepat dan d permudah...ini sampe 7 hari masih belum di veripikasi...,APLIKASI
Hari ini tgl 12 03 26 bintang saya rubah lagi dan jadi lagi madam tanpa informasi jelas... madam dari jam 1-jam 1 siang sampe 15.30 masih belum nyala...semoga depan nya lebih baik lagi dan cepat tanggap hadap gangguan. apa bila jadi gangguan dan penangganan yang lambat bintang nya saya turun lagi,LAYANAN
"Tambh lagi woy kangge swcam, ulah di batas",APLIKASI
"Gembar gembor hemat listrik, gilir hemat curiga cabut meter ganti suruh bayar 600 rb, mentang-mentang tidak punya saing enak jidat, taik",LAYANAN
Perbaiki kerja tugas anda yang lambat,LAYANAN
Sudah 3 hari turut turut mati listrik tanpa pemberitahuan. mantab PLN,LAYANAN
"Tugas baik PLN tidak ada respon, sudah 2 x lapor lewat aplikasi PLN mobile, sampai dengan malam ini tidak ada yang datang, wa atau telp juga tidak ada.",LAYANAN
"Ui-nya busuk banget, busuk monopoli",APLIKASI
"Aplikasi nya sudah bgus, tapi servis layan bntg 1",LAYANAN
"PLN mobile susah mau pindah b 1 ke r 1 nunggu 2 hari baru di proses,ada promo pas lewat tgl suruh daftar ulang promo hanngus balikdaftar ulang kena biaya normal,ada proomo tapi di sulit",APLIKASI
Tidak ada guna komplain yang kata bisa di pantau selesa hanya batas formalitas cek saja komplain dalam hitung menit di sistem masalah sudah selesai tanpa ada tangan di lokasi. harus ada konfirmasi ulang ke lapor apakah sudah di selesai tugas atau tidak,LAYANAN
Aplikasi sangat buruk buruk,UMUM
Aplikasih yang fiturnya sangat lengkap.sangat bantu utuk lapor gangguan respon cepat,UMUM
Pasang baru untuk saat ini ganggu sampai kapan bisa normal kembali,UMUM
"Transisi dan ganti KWH lama ke KWH baru laku dengan buruk, tanpa analisis, tidak perhati dampak dan minim komunikasi. PLN ulp binjai timur sangat tidak profesional",LAYANAN
"So 4 jam nda ada pasti ini PLN mo ba kabar mar nda , ba pasti jo mo datang atau nda ini",LAYANAN
Banyak banget baik buat rugi umkm kalau listrik mati,LAYANAN
Saya beli pulsa listrik malah tidak masuk-masuk,APLIKASI
Buat mohon pasang baru pascabayar tidak tuju meski sudah 4 kali mohon,APLIKASI
"Layan lambat, input data komplen 14.30 jam 17.30 belum ada tindak apa",LAYANAN
Percuma sering lapor. sering mati listrik padahal tidak pelosok jawa,LAYANAN
Jelek sekali layan di aplikasi ini.,LAYANAN
"Doesn t work, claims phone is rooted. i reset everything, cache etc. and could login. now i have to create an account but i don t have ktp. why can t i use your app as a tenant without being indonesian citizen?",APLIKASI
Layan lambat,LAYANAN
Aplikasi sangat buruk buruk,UMUM
Peras,UMUM
"Takut hemat, ntar di denda",UMUM
"Transaksi hari bawah 20 k batas tidak boleh lebih dari 4 kali, kembali versi lama yang bebas transaksi berapa",APLIKASI
"Tidak bisa kirim OTP ke email microsoft! aneh banget tiba tiba ke logout, terus pas dimasukin nunggu beberapa kali gk ada email masuk OTP nya cok",APLIKASI
Ubah data tanpa milik asli kok bisa PLN kramatjati tuju,LAYANAN
Pengaduan nunggu info sampe 3 jam sudah 2 jam tengah layan di batal padahal belum ada tindak terus nelpon lagi ke 123 nunggu lagi sampe 3 jam nanti tugas datang. sudah 3 jam lebih layan di batal padahal belum ada tindak lagi. buset sudah ini bagaimana cerita listrik bayar nelpon bayar gilir telat bayar listrik mati. coba otak agak dipake 6 jam nunggu mati lampu ini gerah kipas tidak nyala.... PLN loh listrik negara buset gini amat nyah,LAYANAN
Verivikasi error turus! kacau,APLIKASI
Dzolim sama lansia,UMUM
Sekarang fitur cek pakai hari jadi tidak ada di aplikasi PLN mobile.?,APLIKASI
"Pernah make ini aplikasi, dulu laku aju mudah sekarang malah kembali ke menu awal terus. sudah cape ngulang terus, aplikasi bug, kelas aplikasi milik usaha negara saja kayak gini, hadeeh",UMUM
Tugas tidak merespon hadap pengaduan kami dari hari jumad tanggal 13 maret 2026 sampai dengan saat ini. listrik sudah 2 hari tidak nyala,LAYANAN
Saya gagal upgrade aku di tolak terus min,APLIKASI
"Sistem dan skema rumit PLN listrik pdam 4 jam lebih tidak segera di tangan pajak naik terus tapi layan minus, pa ya harus sabar bro. fakk",LAYANAN
Perbaiki sistem riwayat beli token masa keluar h 1 biasa 30 menit sudah keluar,APLIKASI
Sudah lapor tapi respon di lapang lamban juga,LAYANAN
Ngeri kakek nenek palak 600 rb,UMUM
Kenapa saya tidak bisa beli token tulis no salah padahal nomor sudah betul yang tera fi kilometer dan kartu pun sama,APLIKASI
Aplikasi nya berat seka lambat muter-muter kadang gk mau buka malah,UMUM
"1. sudah lumayan titik apklu r 2 sudah mulai akurat tapi musti ada baik lagi, kl mau cari SPKLU ada baik dalam radius user ada bukan rekomendasi 2. masih banyak titik SPKLU maupun r 2 yang nasih ngaco",APLIKASI
"Lebih baik hilang menu pengaduan, karena sama sekali tidak guna tidak ada tindak lanjut, tidak ada selesai",LAYANAN
Kurang bantu dalam tangan lapor listrik padam cawak,LAYANAN
Ulas fiktif. kerja saja belum sudah selesai. kocak,LAYANAN
"Saya pasang baru daya 5500 untuk area pancur batu, sudah bayar di tgl 2 mart 2026, tapi sampai sekarang belum pasang sementara status di PLN mobile saya sudah nyala kayak mana sistem PLN ini kerja tolong segera di realisasi",LAYANAN
Slow respon semua,LAYANAN
"Pasang KWH baru 1300 tapi kabel input dari meter ke mcb minta untuk beli sendiri panjang 2 m mcb hanya beri 1, meter saja, mcb untuk kam di dalam rumah tidak beri kabel arus utama tidak ambil dari pal tiang utama hanya ambil dari rumah belah untuk aplikasi ok langsung respon",LAYANAN
Sekarang fitur cek pakai hari jadi tidak ada di aplikasi PLN mobile.? tanya apa ngejawabnya apa.kaga hubung pe a.,APLIKASI
Mau lapor gangguan listrik padam susah.,APLIKASI
Aneh beli token dana sudah potong tapi di aplikasi gagal transaksi,APLIKASI
"Saya harap PLN dapat baik desain aplikasi agar navigasi lebih jelas dan mudah guna opsi refund tampil cara transparan ketika transaksi gagal atau batal guna beri pilih metode pembayaran yang lebih jelas, tidak langsung arah ke satu bank tentu mohon jelas dari pihak PLN kena mekanisme pembayaran dan refund pada fitur SPKLU di aplikasi PLN mobile. terima kasih.",UMUM
"Maksud bagaimana ya dalam status listrik diperbaiki dan nyala sementara sedang saya tunggu rumah tidak ada tugas yang datang sama sekali, kerja sistem PLN yang kata 24 nihil dan respon kurang dari tugas lapang",LAYANAN
"Mau masang KWH tapi tugas bilang tidak ada kabel, masa iya usaha negara tidak ada kabel, ini usaha negara loh, tidak masuk akal",LAYANAN
Tidak bisa pake QRIS kabarin kalau uda bisa,APLIKASI
Bayar harus tepat waktu gilir mati lampu g ada kabar,LAYANAN
"Transaksi beli sudah hasil di bayar tapi di PLN mobile kadaluarsa dar saran, harus jika sudah kadaluarsa, pembayaran di batal atau di kembalilan bukan malah jadi sukses telah sekian lama.",APLIKASI
"Aplikasi buat rugi, saldo potong malah status gagal terang pembayaran kadaluarsa, harus saldo di balikin bukan di ubah transaksi yang gagal jadi sukses, parah ini aplikasi jangan di pakai",APLIKASI
Aplikasi rumit deteksi wajah bilang beda dengan ktp,APLIKASI
Tiap hari mati lampu hari bisa sampe 3 x,LAYANAN
Layan lambat.,LAYANAN
Mati lampu gajelas...gadak badai atau hujan ganggu kerja orang ajah,LAYANAN
Cs tidak ramah tidak beri solusi chat asal saja tidak ada ramah sama sekali,LAYANAN
Jelek error terus.,UMUM
"Aplikasi paling tidak guna, sudah di download tidak bisa masuk. udahlah di tempat saya sering mati lampu. mau kritik susah. ppk",APLIKASI
"Sorry ini kasih bintang 1 mohon beli token eh sudah di bayar malah kadaluarsa, padahal engga lebih 1 menit aku bayar itu kecewa berat",APLIKASI
Pegawai PLN tidak ramah,LAYANAN
"Ganti KWH baru, terus KWH yang lama ada isi kurang lebih 200 rbu tidak kembali buruk",LAYANAN
Poko aneh kampung saya mati lampu terus sudah dan jangka mati lampu sering. aneh aneh dan aneh! tolong selidik masa iya baik tiap hari,LAYANAN
"Cek pakai listrik hari kenapa dihilangin fitur paling penting juga buat kontrol pengunaan listrik, perbarui buka upgrade malah downgrade",APLIKASI
Negara sinting bayar tidak boleh telat mati listrik sering banget wilayah cikarang utara rumah bcl. lapor after baik dilaporin di batal oleh langgan rusak ini bumn,LAYANAN
"Applikasi hang, g bisa lapor pengaduan",APLIKASI
"Tidak berguna,penanganan sangat lama!",LAYANAN
Pakai PLN mobil yok mudah dan praktis dan baik,UMUM
Aplikasi sampah saja ngecek integrity! padahal pake aosp malaj tidak bisa! developer tolol!,UMUM
"Kalau bisa baik aplikasi kenapa selalu ada ingat kait jaring / wifi cari koneksi internet padahal jaring ada tapi selalu nongol, sangat menggangu kalau bisa hilang ada tidak ada jaring bukan urus aplikasi.",UMUM
Apkl g jls,UMUM
Parah pengaduan ber ulang-ulang pihak tugas gaada yang datang,LAYANAN
PLN taii,UMUM
"Saya pernah alami kendala pada token, respon dari commad center PLN uid sumatra utara tidak beri solusi, malah status pada lapor di aplikasi ini di batal belum nya ia kata akan ada tugas yang selesai nyata nya sama sekali tidak ada. layan nya sangat buruk sekali.",LAYANAN
Tiap saldo refund saya tidak ada satu pun yang masuk ke aplikasi PLN mobile saya...padahal di terang nya saldo hasil di refund...entah mana itu saldo masuk nya,APLIKASI
Aplikasi banyak bug nya lambat parah,UMUM
"Listrik drop terus watt tidak pernah stabil sampai 16, tapi tidak ada tangan yang pecah masalah ini tolong sama-sama bayar listrik masa begini ngerusak barang elektronik saya",LAYANAN
Tolol mati lampu terus,LAYANAN
"Saya mau setor uang lho, mau bayar bukan mau minta sumbang harus antusiasme tinggi itu sambut dengan infrastruktur yang mumpuni, bukan malah biar langgan nunggu tanpa pasti kalau telat detik saja denda",APLIKASI
"Dengan ada aplikasi ini mudah kita untuk laku pengaduan saat ada nya pemdaman listrik,,tapi untuk tindak lanjut ptugas lapang kurang cekat dan tidak ada tugas yang hubung langgan yang laku pengaduan,pengaduan jam 11 malam karena listrik nyala mati dalam waktu yang singkat berkali-kali nyata telah di cek ulang masih tidak ada tindak lanjut,,melakukan pengaduan dua kalianya karena kasus sudah tutup dalam 1 x 3 jam,, malah di kasih no pngaduan yang pertama jd tidak bisa mantau",LAYANAN
PLN mobile taik dikit gangguan,UMUM
"Sangat tidak rocommended listrikqu sumpah mahal banget. panggil teknisi untuk perbaiki lampu. 1 titik 90 rb. saya pikir titik yang di perbaiki saja yang dibyr. cuma periksa pakai alat saja tiap colok langsung atau sambung / roll bayar semua.mending pakai teknisi tukang.membantu tukang kampung sudah ampun perintah datang cepat.tapi tetap juga cuma rekan yang datang. bukan tugas PLN sharing profitnya.mungkin perlu di evaluasi bapak, jangan tinggi-tinggi kasi rakyat!",LAYANAN
Layan cas di spku jonggol tidak rapih harus ruang cas motor tidak di tumpuk dengan motor karyawan. akhir kita keluar masuk susah padahal kita bayar untuk pengecasanya.,APLIKASI
Tidak bisa laku beli token PLN keluar pembayaran kadaluwarsa,APLIKASI
"Aplikasi bagus,tapi PLN nya yang sangat tidak bagus,di komplek rumah saya stiap hari mati lampu sampe 2-3 kali dan sangat merugikan...sudah sering lapor keluh di aplikasi tapi tidak ada ubah",LAYANAN
Aplikasi sering error tolong di perbaiki,UMUM
Tidak ada tindak lanjut telah pengaduan sudah lapor di aplikasi. lapor dengan telfon 123 tetap di abai,LAYANAN
Kenapa mohon turun daya belum dieprove sudah 2 minggu,APLIKASI
Layan yang sangat kecewa cukup sekali dan tidak bakal transaksi di aplikasi ini lagi.,APLIKASI
"Lapor pengaduan listrik mati, tapi tidak ada tugas PLN sidoarjo yang datang, sudah buat lapor sudah live chat, dan sudah datang ke kantor PLN tapi tidak ada yang datang sama sekali",LAYANAN
Apl idiot,UMUM
Aplikasi tidak ada layan adu hadap kerja,LAYANAN
"Lapor listrik padam, ketika lihat riwayat pengaduan nyata status batal langgan padahal kita tidak sama sekali batal pengaduan karena listrik belum hidup",LAYANAN
"Mosok riwayat transaksi hanya max bisa 1,5 tahun...kalah sama shoppe",APLIKASI
"Verifikasi by wa tidak kirim jadi pake SMS itu masuk lama, tenggang waktu inputnya sebentar jadi harus buru buru dan tidak bisa salah. di aplikasi pun pilih topik pengaduan pake fitur cari tidak flexible misal nyari topik sekering yang sering turun. kenapa aplikasi produk negara gini amat ya, besar anggar doank buat aplikasi, ngejar fee ya? kesal",APLIKASI
Adu saya tentang KWH meter dan instalasi listrik sudah pasang hampir tahun yang lalu namun listrik belum alir batal otomatis oleh aplikasi ini tanpa tuju saya dengan tulis batal oleh langgan sangat kecewa dengan layan,LAYANAN
Jangan beli token sini kapok.pembayaran pake virtual mandiri sudah hasil di aplikasi ket nya gagal. jadi tidak masuk itu token tidak muncul.kapok sumpah...aplikasi repotin,APLIKASI
"Sudah 1 tahun lebih dana restitusi tidak di kirim-kirim bertele-tele minta berkas ini itu dokumen ini itu nunggu waktu 6 bulan sudah tahun lebih,tetep tidak masuk juga itu dana restitusi percuma punya aplikasi onlain,kalau tetep nunggu nya sampai bulan bulan juga mah",LAYANAN
Tidak fungsi seperti biasa buat konoha,UMUM
"Aplikasi sampah,di mbanking pembayaran hasil di PLN mobile malah kedaluwarsa, dana tidak balik sampah",APLIKASI
Beli token listrik tapi tiba-tiba gagal dan tidak ada kembali dana,APLIKASI
Lambat,UMUM
Susah login. stlh upgrade qpk,APLIKASI
"Mengapa selalu muncul kirim bintang lima tiap kali selesai transaksi? itu bukan cara yang fair untuk dapat nilai jujur dari pengguna.jujur itu sangat ganggu sekali...setiap kali akan masuk nomor token selalu tiba-tiba muncul minta klik bintang lima.di dunia nyata selalu bilang rugi, di aplikasi selalu minta klik bintang 5.",UMUM
"Tugas belum ada datang, status lapor sudah selesai bagus banget layan PLN ini ya, sudah lapor via call center juga tidak ada solusi, listrik di rumah kami padam cuma beberapa rumah.",LAYANAN
Sangat lambat verifikasi dari PLN unit. seharusx sudah di mudah dengan aplikasi jadi lebih cepat. saya mau tambah daya bukan pasang baru saja kok lama ya ferifikasinya,APLIKASI
"Respon lambat, pengaduan lapor sudah lebih dari 5 x tapi tidak ada tanggap live chat nya tiap pengaduan lapor selalu mintak syarat dan bukti tapi lapor kami tidak pernah sukse",APLIKASI
Pinned google maps saya arah ke afrika padahal alamat sudah benar sesuai ktp. sudah coba perbarui dan perbarui alamat/pin google maps tetap tidak simpan dengan benar oleh aplikasi. aplikasi google maps saya tidak masalah dan fungsi dengan baik tapi sistem PLN mobile tidak simpan lat long yang benar yang buat saya tidak dapat daftar langgan iconnet,APLIKASI
"Buat apa instal aplikasi ini kalau tidak sesuai dengan slogan PLN pintar tapi proses isi PLN rumah sangat rumit, kalau tidak bisa isi otomatis ke perangkat PLN rumah buat apa instal aplikasi kalau harus bulak balik ketok token",UMUM
"Tangan gangguan lambat, utama di daerah palembang. tidak ada jelas dri info tugas yang tugas kurang guna aplikasi",LAYANAN
"Kalau masih belum mampu untuk transaksi token, jadiin layan pengaduan saja saldo bank sudah potong tapi verifikasi dana 1 hari baru token di kirim",APLIKASI
"Aplikasi sampah, ngadu ada mati lampu tidak pernah di respon",LAYANAN
"Beli token tulis pembayaran kedaluwarsa, jadi ku ulang beli lagi sampe 2 x nyata telah lama tiba tiba ubah jadi sukses kenapa tulis beli kedaluwarsa si bukan sedang proses saja alam buruk hari ini",APLIKASI
"Terus saja mati listrik,sdm rendah",LAYANAN
"Mati listrik terus pengaduan gk guna, gk ada tugas datang",LAYANAN
"Bukan masalah internet,tapi app ini yang bermasalah,masa buka app lain dengan lancar 2 nya,giliran masuk app PLN mobile kayak hp saya mau banting",UMUM
"Tindak lanjut lambat, saya tinggal di dusun terus mati lampu. apa beda nya dusun dengan kota, kami yang tinggal di dusun juga bayar tapi selalu alami mati lampu,. mana letak adil",LAYANAN
"Sudah trf,tulisan trnsaksi gagal,eh pas mnta reffund cht nya lagi di tindak lanjutti terus",APLIKASI
Tulis alamat lokasi saya tidak sesuai dengan alamat di ktp,LAYANAN
"Malah di ilangin cek pakai hari si kocak,apa guna make meter pasca bayar kalau gitu",APLIKASI
"Aplikasi bisa jalan tidak crash, tapi untuk bikin pengaduan atau aju pasang sementara, dari 5 x lapor yang difollow up cuma 1 x sisa lupa padahal pembayaran sudah lunas. saya musti chat atau call dengan cara konvensional baru mereka gerak aplikasi jalan tapi terap sistem parah sudah usaha negara yang satu ini, tidak maju",LAYANAN
"Ahk aplikasi kaga jelas mau tarik saldo saja nunggu 5 hari kerja, aplikasi kok bukan mudah malah sama saja kaya laku pegawai",APLIKASI
"Aplikasi buruk, kembali dana di sulit padahal proses gagal dari aplikasi PLN mobile sendiri, jangan beli token sini aplikasi sulit kembali dana. percuma lapor-lapor cs duit tidak kembali saja beting kali. cari uang ya kerja! jangan nilep kayak gini transaksi di gagalin, uang tidak kembali! sudah banyak kasus kayak gini bukan diperbaiki malah ulang bloon",APLIKASI
"Saya sudah tunggu dari tanggal 2 maret lalu, tapi sampai sekarang listrik belum pasang komplin lewat aplikasi tidak direspon. kacau PLN datang cuma foto saja habis itu tidak ada tindak cuma kasi SLO buang waktu saja kalau ada usaha listrik swasta, saya tidak mau pakai jasa PLN",LAYANAN
"Buruk, cs nya lambat gaada jelas sulit hubung cs. kapok transaksi di aplikasi ini. cukup 1 x saja gamau lagi transaksi. rasa rugi kira cari uang mudah. cari uang yang halal jangan nilep uang langgan",APLIKASI
"Jelek, kembali biaya sulit setan! makan itu duit tidak halal. biar perut buncit. puasa-puasa bikin emosi!",APLIKASI
"Sampein keluh sampai 5 x di aplikasi ini, tidak ada satu tugas datang apalagi laku baik tapi di aplikasi nyata telah laku baik oleh tugas tugas yang mana ya? aplikasi tidak jelas",LAYANAN
Chat untuk pengaduan ke cs error terus.,APLIKASI
"Banyak calo, banyak orang kantor main uang, suap suap lapang cari langgar guna dan akhir damai tempat",LAYANAN
Tidak bisa akses PLN mobile lagi telah perbarui akhir saya guna gms dan gbox di hape huawei. kecewa kecewa kecewa,APLIKASI
Layan sangat buruk sekali,UMUM
"Listrik padam tangan sangat lambat lalu aplikasi,",LAYANAN
"Listrik padam tiap waktu buka puasa. tugas lama dalam merespon lapor tidak beri solusi saat minta jawab tinggal pilih saja, perbaiki kualitas sekarang atau spam bintang 1 tiap hari terima kasih.",LAYANAN
"Sudah 2 bulan ini kalau pakai mentok di lanjut pembayaran. mohon tunggu sedang arah ke pembayaran, dan gagal. padahal sudah lama pakai app ini.",APLIKASI
"Padam listrik tiga hari turut turut, penangananya lama, mati cuman satu dusun tapi tidak pernah di perbaiki cara maksimal supaya tidak padam lagi, malam takbir gelap gelap yang lain terang, lokasi desa asemdoyong rt 010 rw 001 camat taman kabupaten malang",LAYANAN
Respon buruk/tidak tanggap. tiap malam listrik padam tidak ada solusi. saya masuk langgan yang gk pernah nunggak bayar listrik. tapi madam listrik wilayah 98 mati tiap bulan. waktu nyala bisa hitung jari daripada waktu padam. spam 1 bintang. buruk buruk,LAYANAN
Ulp juwana tiap komplen kesini tidak ada tindak males tegur juga tidak,LAYANAN
Hari raya kok mati lampu itu bagaimana mohon jelas,LAYANAN
Aplikasi ini laporin saja kejaki tugas nya menye menye tidak ada tindak lanjut laporin saja ke jaki atau crm biar sampe ke gubernur biar di tindak itu pantesan saja PLN minus terus karena semua makan gaji buta! tugas juga ngecek asal asal,LAYANAN
Tidak ada guna lapor juga tidak di tindak lanjut,LAYANAN
"Tidak ada tindak lanjut, sudah 3 jam buat lapor",LAYANAN
PLN busuk listrik mati 20 jam komplain ke admin PLN juwana mlah di blokir! padahal sudah bikin lapor di oln mobile tapi nang luemott sekali busuk,LAYANAN
"Untuk pembayaran tagihan oke, tetapi saya buat lapor tidak ada tugas yang datang tapi status sudah selesai padahal bayar listrik tidak pernah nungak",LAYANAN
Jelek! janga guna uang kamu akan hilang. gausah suruh-suruh nanya cs. cs saja tidak bisa baca dan liat bukti. aneh kelah aplikasi perintah saja korup dari hal yang kecil. no rekomen untuk guna aplikasi ini,APLIKASI
Jelek! janga guna uang kamu akan hilang. gausah suruh-suruh nanya cs. cs saja tidak bisa baca dan liat bukti. aneh kelah aplikasi perintah saja korup dari hal yang kecil. no rekomen untuk guna aplikasi ini,APLIKASI
Jelek! buruk! jangan guna uang kamu akan hilang. gausah suruh-suruh nanya cs. cs saja tidak bisa baca dan liat bukti. aneh kelah aplikasi perintah saja korup dari hal yang kecil. no rekomen untuk guna aplikasi ini,APLIKASI
Nilep uang! jangan guna uang kamu akan hilang. gausah suruh-suruh nanya cs. cs saja tidak bisa baca dan liat bukti. aneh kelah aplikasi perintah saja korup dari hal yang kecil. no rekomen untuk guna aplikasi ini,APLIKASI
Jelek! engga worth it. jangan guna uang kamu akan hilang. gausah suruh-suruh nanya cs. cs saja tidak bisa baca dan liat bukti. aneh kelah aplikasi perintah saja korup dari hal yang kecil. no rekomen untuk guna aplikasi ini. 100 rb hilang saja sudah lumayan. untuk bukan 500 rb. bisa dimaki-dimaki viralkan aplikasi ini. biar tutup komentar malu.,APLIKASI
Kapan di hidupin. nya ini,LAYANAN
Layan jelek,LAYANAN
Buat lapor pengaduan jam 6.00 kok bisa tiba muncul perbarui tangan dari jam 4.00 dengan estimasi 3 jam tapi lebih dari jam listrik belum nyala dan muncul perbarui harus konfirmasi bahwa listrik sudah nyala anehh,LAYANAN
"Ada madam telp call center 123 sampe 7 x begitu sambung selalu putus, respon lambat tugas call center tidak jelas",LAYANAN
Mo bikin pengaduan saja susah,APLIKASI
Konfrimasi pengaduan tidak begitu jelas,LAYANAN
PLN biaya listrik naik layan busuk,LAYANAN
"Tiap pengaduan padam lampu, batal pihak dengan status batal langgan padahal tidak ada jelas sebab padam lampu",LAYANAN
PLN mobile harus stop kerjsama dengan billpay. itu app scam. tidak bisa pakai sama sekali untuk metode bayar padahal sudah top up. mau alih biaya 8.500. mau refund tidak bisa hrsnya selektif dulu sblm kerjsama,APLIKASI
Lambat,UMUM
Ko ilang lagi data kumat.,UMUM
"Sudah satu minggu lebih tiap habis maghrib pasti mati listrik,katanya karena daya listrik tidak kuat alsan guna ac pada ds saya terlalu banyak alas yang tidak masuk akal sudah bayar listrik mahal-mahal masak tidak ada selesai nb.ds.sinomwidodo rt 01 rw 05 kec.tambakromo kab.pati jawa tengah",LAYANAN
Saldo refund gk bisa di pake. tari juga harus minimal 250... top saldo juga gk bisa. bikin aplikasi tapi kentang.,APLIKASI
Layan pengaduan seperti tidak guna tidak ada tindak lanjut.,LAYANAN
So 3 jam dba tggu cmn smpe tanya lokasi mr nd smpe cht tidak direspon so bbrpa kali bkg pngeluhan sllu bgus mr bru kli 1 nd bgus sx dpe tugas le nd ramah,LAYANAN
Bayar sukses tapi dibapknya gagal aneh,APLIKASI
"Konfirmasi daftar 2 x, yang pertama kode di kirim ke no hp hasil yang dua kode kirim ke email tapi waktu masuk kode tidak valid padahal sudah benar masuk kode berkali-kali minta kode baru yang kemail tetap tidak valid",APLIKASI
Sudah diinstal tapi aplikasi ngak bisa di buka buka malah suruh nyari jaring sementara wifi ada rumah kan anehh aplikasi sampah ni,APLIKASI
"Aplikasi payah, layan kurang cepat, beli token gagal tapi saldo sudah potong kecewa",APLIKASI
Cs live chat buruk layan nya chat panjang tidak bisa beri solusi buang buang waktu.,LAYANAN
Pengaduan listrik padam lama di tangan tidak hujan sering di padam apalagi kalau musim hujan,LAYANAN
Ketika lapor lama responnya.,LAYANAN
Rujit ah,UMUM
Tidak banyak tolong saat pengaduan padam. response template. tidak ada jelas berapa lama padam.,LAYANAN
This app is completely useless ad it sppesrs it is impossible to trsnslate inyo english.,UMUM
"Kecewa saat ini langgan sudah tidak bisa laku catat meter mandiri karena mayoritas meter telah alih ke ami meter. lalu benar fitur catat meter mandiri ini masih tuju untuk siapa? begitu juga dengan program gelegar swacam target guna siapa, jika bagi besar langgan sudah guna ami meter? selain itu, tidak ada fitur estimasi pakai listrik. padahal dengan catat mandiri guna bisa tau estimasi guna berapa!",APLIKASI
"Kenapa ni aplikasi nya sudah jadi bug error telah di perbarui mohon bantu nya, wktu di fitur swacam error",APLIKASI
Tangan kendala didesa-didesa gk maksimal sama sekali,LAYANAN
Lambat bnget,UMUM
Layan kurang muas,LAYANAN
Maaf saya kasi bintang 1. kenapa pengaduan saya di batal sedang token saya sudah mau habis. kalok mati saya bingung,LAYANAN
Dasar aplikasi tidak stabil wifi sama internet lancar tapi aplikasi loading terus anj,UMUM
"Sekarang jadi lebih sulit, swacamnya batas cuma 4 KWH meter",APLIKASI
Sampah! mati lampu terus bulan bisa 10 kali!,LAYANAN
"Tidak ada repons dan solusi untuk pengaduan layan di app ini,",LAYANAN
"Aplikasi sampah, pln-nya juga sampah.",UMUM
"Aplikasi sampah, sudah masukin nomer meter juga tidak tau nomer id berapa, nomer meter sama nomer id gk connect buat apa",APLIKASI
"Sudah beberapa bulan saya selalu guna catat mandiri. cukup bantu untuk tahu tagihan ikut lalu seperti sejak perbarui akhir atur lokasi beranta saya sudah ulang kali setting ke lokasi yang benar, tetap saja gagal. titik malah jadi di tengah laut dekat afrika sana. tolong diperbaiki.",APLIKASI
Aplikasi cuma buat akal-akal saja.pengaduan tidak ada respons.gak ada guna ini aplikasi,LAYANAN
Susah login tidak dapet utp,APLIKASI
Aplikasi kurang bagus tidak bisa ngisi saldo akun PLN mobile walaupun di upgrade ke ktp percuma tidak bisa di isi saldo akun PLN mobile bagaimana bisa transaksi di aplikasi PLN mobile bayar pake apa cobak kalau tidak bisa isi saldo akun PLN mobile.? saran saya ini kalau bisa akun PLN mibile tidak perlu di upgrade ke ktp segala sikiranya bisa isi saldo akun PLN mobile dan jugak bisa hubung ke ewallet dana dan yang lain pula serta kartu bank kan gambang nanti bayar tinggal pilih salah satu,APLIKASI
Lack server. failure,UMUM
"Baca meter tidak bisa, server di perbaiki itu jangan malah fokus nyewa busser buat bagusin rating",APLIKASI
Ngaduin listrik padam malah batal dasar gajelas pelayananya,LAYANAN
"Kerja sangat lambat, jawab bertele-tele dan tidak ada tindak langsung atas lapor yang sudah d ajukan...so bad costumer service",LAYANAN
Sering mati lampu saat hujan,LAYANAN
Sering mati lampu saat hujan!,LAYANAN
Aplikasi tidak guna,UMUM
Aplikasi tidak guna,UMUM
Error aplikasi gk bisa di pake,APLIKASI
"Tidak guna aplikasi cuma bisa survei, proses belit dan lupa listrik saya 170 vac min rusak semua barang elektronik",LAYANAN
"Aplikasi buruk skli,menu paang baru satu pintu tdka bisa di buka,muncul tulis time out,apa maksutnya kita mau proses dftr susah skli",APLIKASI
Kenapa proses pengaduan tari saldo PLN mobile lewat email dan chat lambat proses gilir komen sini bintang 1 langsung gercep. sudah sering saya perhati tolong segera di proses tari saldo PLN mobile saya,APLIKASI
PLN lambat banget buat apa ada aplikasi ini kalau layan lambat,LAYANAN
Percuma ada PLN mobile jika daftar pasang baru KWH meter di harus datang ke PLN unit kait mah.,APLIKASI
Layan buruk! sudah transaksi 1 bulan tapi belum juga pasang pengaduan lewat aplikasi cuma dapet balas template. buruk,LAYANAN
Mantap,UMUM
Masa voucher yang mudik ku hangus,APLIKASI
Rarujit... hese dibukana oge... rujit,APLIKASI
"Beli token listrik di aplikasi ini gagal, tapi saldo tidak kembali hati-hati, padahal belum sudah langgan tapi semenjak jadi ini jadi khawatir beli token sini sudah 2 x lapor tapi tidak ada lanjut",APLIKASI
"Buruk, sering keluar sendiri saat laku input, mebuat hilang sabar",UMUM
Kadaluarsa terus mau beli doang ge,APLIKASI
"Listrik di rumah saya dusun tetelan, desa putih camat mayang, kabupaten jember, tidak ada baik sama sekali, tiap hari listrik tidak normal, sebab bagi butuh tidak dapat guna layak monggo silah cek sendiri ada hingga kini air pun yang rupa butuh primer sangat sulit. sudah lama hal ini jadi sungguh sangat tidak etis jika tidak ada baik atau respon dalam hal ini.",LAYANAN
"Listrik di rumah saya dusun tetelan, desa putih camat mayang, kabupaten jember, tidak ada baik sama sekali, tiap hari listrik tidak normal, sebab bagi butuh tidak dapat guna layak monggo silah cek sendiri ada hingga kini air pun yang rupa butuh primer sangat sulit. sudah lama hal ini jadi sungguh sangat tidak etis jika tidak ada baik atau respon dalam hal ini.",LAYANAN
Lama ngerespon lapor sekali ngerespon di cancel terus,LAYANAN
Pasang listrik sangat lambat status aplikasi sudah pasang tapi belum tolong layan nya tingkatin bumn oh bumn,LAYANAN
"Untuk proses selesai pengaduan nya sangat sangat lambat. mohon d tindak lanjut perihal pindah jalur listrik orang lain yang menonpang d atap rumah saya. karena pernah jadi percik API mohon untuk di tindak lanjut segera, agar tidak bahaya saya dan lingkung sekitar.",LAYANAN
Sering error,UMUM
Error terus,UMUM
"Saat lagi butuh malah sibuk layan langgan ini pengaduan mau mana lagi. layan lama banget, tolong tingkat",APLIKASI
Mending tidak usah buat aplikasi kalau sering error,UMUM
Sudah,UMUM
Dikit dikit lambat aplikasi apa ini mau bayar saja susah jyyjigpdochozvkxic,APLIKASI
Lambat habis va suka ngebug saldo gtau kmna,APLIKASI
Sisah uang yang ada di aplikasi. ketika tari sering tidak masuk ke rekening padahal di pemberitahuan hasil dengan proses hari tapi uang nya tidak masuk. perbaiki layan kalian ini uang kecil nominal nya apa lagi yang ratus juta bisa raip juga ketika di tarik,APLIKASI
Token listrik prabayar sudah makin mahal skrg...klo bisa turun lagi seperti belum,LAYANAN
"Tidak ada ringan bonus hanya untuk beli voucer saja, tidak layan dengan manusiawi tidak ada rincian pakai tiap hari",APLIKASI
"All agent busy, no free call, too bad for everything disappointed",APLIKASI
5.0.0 nensi,UMUM
Lambat skali,UMUM
"Kapok transaksi sini gagal transaksi padahal virtual account bca hasil eh di pusat bantu suruh tunggu 3-4 hari. kalau belum juga, disuru lapor lagi. layan buruk",APLIKASI
Aplikasi apa beli token malah tidak masuk token nya. padahal sudah bayar pakai briva. di brimo nya hasil pembayaran. di aplikasi PLN mobile nya malah pembayaran kadaluarsa,APLIKASI
Tolong saya ngecas motor hujan di ulp 3 bandeng seperti ini tidak ada atap atas hanya mobil doang yang ada atap,APLIKASI
Layan buruk,LAYANAN
"Tolol beet ini aplikasi daftar atau login tidak ada koneksi terus, padahal wi-fi ngacenk sinyal buat aplikasi lain tidak ada masalah, buruk buruk",APLIKASI
"Forced registration of personal details, otherwise you get excluded from the app. i only want to check why the electricity is off in my area. dont see why i need to give out personal info just for this",APLIKASI
"Beli token di PLN mobile, gagal tapi saldo bank potong lapor berkali-kali minta data ulang ujung²nya dapat penberitahuan proses refund dana 14 hari kerja hahahahahaa. kocak kamu PLN kerja / ngelawak? bobrok sekali sistem cukup akhir transaksi beli token sini ancor",APLIKASI
"Semua bagus, cuma tolong kasi fitur buat isi saldo ke aplikasi langsung. biaya adminya bank nya gede tiap kali bayar, kadang juga slow proses pembayaran nya.",UMUM
Kenapa suka ada mega tugas kalau memang tugas mana surat dinas resmi tidak bisa tunjuk swacam ke rumah rumah duduk demi undi PLN tolong undi tidak laku bagi karyawan PLN karena banyak penyalahgunan swacam,LAYANAN
Tiba IDPEL hilang semua. pas butuh saat mau pengaduan karena ada kabel putus di depan rumah. saat input IDPEL malah muncul notifikasi crowded. mohon ditindaklanjuti.,APLIKASI
Lambat lambat kerja nya,LAYANAN
Aplikasi sering error mau buat lapor tidak bisa,APLIKASI
"Untuk pengaduan yantek tegalrejo kabupatèn magelang kurang sip, lama dan kecewa",LAYANAN
Kampung saya sering mati lampu kalau jadi hujan. tolong kami tak pernah ngutang ke PLN sudah hujan mati lampu lagi.,LAYANAN
"Pembayaran hasil tapi status gagal dan tidak da keluar nomer token, pengembalian/refund dana tidak da.",APLIKASI
Kenapa aplikasi ini slalu bilang tidak ada koneksi internet...padahal sya mau pengaduan token sya lagi kmbali bilang periksa...ribet amet PLN,APLIKASI
Layan buruk tidak ada respon,LAYANAN
Untuk pembayaran kadaluarsa terus gagal terus,APLIKASI
Pengaduan madam lambat. kenapa rmh kami selalu ada jadwal madam sering mati lampu.,LAYANAN
"Nang lambat, sudah aju mati lampu daerah denpasar mulai dari jam 19 sampai jam 0.41 tidak ada respon.",LAYANAN
No KWH yang simpan malah hilang semua,APLIKASI
2026 loh! hari gini pembayaran tidak bisa pakai QRIS bumn kalah sama toko kelontong emper,APLIKASI
Minta tolong benah tiap posisi luar negeri buka token pembayaran pasti tidak bisa bisa.,APLIKASI
Lambat,UMUM
Call center paling rumit di dunia,UMUM
"Punten aku saya sudah hub pihak kantor PLN masalah KWH saya hidup, listrik dalam rumah saya tidak nyala saya sudah hub pihak kantor tapi tidak merespon tolong aku sudah berjam-berjam saya nunggu tidak ada tanggap mohon mohon mohon",LAYANAN
Applikasinya sering stuck,UMUM
Tidak jelas. sudah lapor madam tidak proses proses,LAYANAN
Torang ada bikin pengaduan tapi tidak di respon oleh PLN,LAYANAN
"Lapor soal mati listrik di riau,namun lapor masuk ke kantor PLN medan,padahal sudh guna lokasi dengan akurat di tempat yang ada di riau.",APLIKASI
"Susah banget mau pasang baru, sudah lama ajuin pasang baru dan syarat pun sudah lengkap tapi PLN bilang tidak ada kabel, ini usaha negara, tapi bilang tidak ada kabel, sungguh tidak masuk akal, padahal jarak tarik kabel tidak sampai 200 m, sangat parah",LAYANAN
"Ko bisa ya pas pengaduan lampu padam malah bilang nyala sementara, padahal tugas tidak rumah sama sekali. smpek 3 kali pengaduan loh, tidak ngerti lagi sama PLN kalau memang tugas belum tempat ya harus jangan bilang sudah kerja dan nyata nyala sementara btw aku di PLN jember",LAYANAN
"Tolong ikan fitur denda bila mobil tidak segera pindah telah isi selesai. denda mulai menit pertama detik ke 61, nominal serah saran saya minimal 20 rupiah/menit. mungkin anda tanya kalau tidak ada sisa duit di akun plnnya bagaimana mudah tiap isi harus ada uang minimal 50 rb-100 rb di akun bisa dalam bentuk saldo, atau bisa kena selisih apabila saldo 0. nanti telah isi akan direfund dalam bentuk deposit/saldo kembali.",UMUM
"Listrik selalu padam, buat lapor idah nunggu 3 jam tidak ada gera buat hidupin kembali. 1 komplek mati lampu",LAYANAN
"D rumah saya sering mati lampu tanpa pemberitahuan, listrik sering spaneng nyala hidup nyala hidup sampe puluh kali sehingga akibat kan barang elektronik rusak... sudah berapa kali ngadu belum ter selesai kan jadi nya sering banget",LAYANAN
Mau migrasi dari pasca bayar ke pra bayar susah,APLIKASI
Mau aju tingkat daya listrik tidak bisa ke menu lanjut padahal sudah lengkap berkas pakai swafoto lagi. bagaimana ini layan nya. saya kecewa. kata digitalisasi,APLIKASI
"PLN pati jawa tengah pol jelek parah. bulan maret 2026 4 x padam di desa pagerharjo ngurenrejo wedarijaksa, malam takbir juga padam,pagi sholat ied juga padam. terlalu.trafo over kapasitas g ada solusinya,parah.",LAYANAN
PLN pati jawa tengah paling parah pengaduan 123 untuk listrik padam hanya sementara telah itu padam lgi ini sudah ulang kali. malam takbir sampai lebaran listrik padam karena over kapasitas trafo dan sekarang padam lagi. mohon baik di dua desa pagerharjo dan ngurenrejo wedarijaksa pati jawa tengah yang dampak padam berulang-berulang. terimakasih,LAYANAN
"Tidak bisa buat apa-apa,,ngebug kali yee",LAYANAN
"Kecewa dengan apl ini buat tambah daya/migrasi dari non subsidi ke subsidi proses lama dan untuk migrasi suruh bayar lebih dahulu agar bisa di proses,dan ujung tidak selesai padahal saya sudah bayar tetapi ujung-ujungnya malah di alih ke pihak PLN tempat dan pihak PLN tempat kata di proses dulu baru di bayar, dan pembayaran yang sudah bayar lebih dahulu lewat apl ini tidak bisa selesai kan dancok...!",LAYANAN
Luar biasa buruk,UMUM
Kenapa dari tugas PLN tiba-tiba batal lapor saya di aplikasi PLN mobile,LAYANAN
"Respon lambat, kali kali lapor respon lambat. harus lapor lagi chat adkin pusat, sedang lampu mati kali kali",LAYANAN
Tidak pernah ada klarifikasi langsung.sperti jawab bot.listrik padam terus tidak tanggung-tanggung.berjam-berjam 6 jam lebih.aneh nya custumer servis/pusat tidak dapat informasi sama sekali lihat gangguan.luar biasa kerja tim PLN,LAYANAN
Ketidaksesuaian antara terang di aplikasi ttg kembang pengaduan dan nyata di lapang,LAYANAN
Aplikasi sampah. bukan mudah urus masyarakat malah sulit masyarakat,UMUM
"Tidak guna dalam urus pengaduan, ujung 2 nya lebih cepat tangan kalau offline aka dtg langsung ke kantor uid. teknisi online hanya beri 1 balas upa instruksi dan tidak dibls lagi tapi status pengaduan di app sudah batal padahal masalah langgan belum selesai tidak smua orang khusus orang tua lansia erti instruksi dari wa command centrenya yang upa istilah-istilah listrik lansung uninstall app. tidak guna",LAYANAN
"Taik kau asik mati lampu saja mati lampu hampir tiap hari, emang gangguan tiap hari? mati lampu lama lagi, kalau ada pilih lain selain PLN sudah banyak yang pindah taik",LAYANAN
"Jual paket data tapi gagal transaksi, alias tidak jual tapi masih sedia jual akhir tunggu 1 hari balik saldo refund gong minimal refund harus 25 rb saldo refund potong admin tarik saldo refund potong admin lagi tunggu proses balik saldo ke rekening 3-5 hari. sabar banget ya allah",APLIKASI
Sangat tidak ramah ke langgan,UMUM
Semua fitur harus di optimal,UMUM
"Belum bukti ada hadiah yang terima males. tuju utama swacam adalah supaya PLN tidak rumit catat guna listrik bulan langgan tidak keluar duwit bayarin tugas karena lapor sudah masuk cara mandiri. dengan cara iming-iming hadiah tagi tidak jelas. kata PLN rugi, tapi buat buat hadiah tiap bualn banyak itu, pernyataam yang timpang. balik lagi tujuann swecam memang bodoh langgan dengan iming hadiah tidak jelas, supaya dia tidak banyak pemgeluaran bayarin tugas catat",LAYANAN
"Usaha banyak masalah,perbaiki kerja dan internal",UMUM
"Komplain adu responnya engga ada, guna apa",LAYANAN
Bug order ggl terus payah memang aplikasi bumn,UMUM
"Beli token gagal diinput. sudah 2 x lapor PLN mobil jawab selalu henti di tengah proses. bagaimana ini, mau beli listrik tidak bisa",APLIKASI
"Akun saya tidak bisa refund,udah dari hari rabu sampe senin ini tidak ada solusi mau konversi ke listrik kalau belum siap ya tidak usah,rugi saya",LAYANAN
"Sumpah ya kali kali dapat layan jelek dari aplikasi dan tugas brengsek hampir 4 jam lampu tidak hidup, histori di aplikasi batal langgan padahal nunggu lama buat hidup, live chat kek asa chat sama bot, sial tidak jelas",LAYANAN
"Pasang baru satu pintu 26/02/26, mohon di tolak 30/03/26. ket sudah kadaluarsa.",APLIKASI
"Sudah aju ubah naik daya sejak desember 2025, akan tetapi sampai hari ini akhir bulan maret 2026 belum juga belum selesai, coba laku pengaduan bbrp x guna PLN mobile dan juga call center PLN tetap sama saja hasil",LAYANAN
"Riwayat guna tidak bisa didownload lagi karena fioe rusak, mohon tindak lanjut agar pembayaran kami tidak kendala atau lambat",UMUM
"Layan tidak profesional, saya aju baik kok sudah di cancel saja belum di perbaiki ini pak, tolong pihak PLN tolong evaluasi lokasi ds. joho, kec. kalidawir, kab. tulungagung",LAYANAN
"Aplikasi jemboot, tiap kali telpon PLN 123 info nya bisa lewat aplikasi ketika ada kendala atau lapor! tapi aplikasi waktu mau di live chat sibuk terus tempiik",APLIKASI
"Aplikasi bagus, tapi layan lapang gk sesuai dengan aplikasi di aplikasi, nyala sementara, tapi lapang belum ada tugas yang datang",LAYANAN
Aplikasi ampas. tidak guna. mau pengaduan bagaimana pun tidak akan ditanggepin juga,LAYANAN
Parah banget. live chatnya tidak bisa. dan tangan listrik padam di daerah saya buruk banget,LAYANAN
"Topup kaga masuk, aplikasi bobrok",APLIKASI
Aplikasi on budget kaya begini ni. tidak guna banget. tiap pengaduan selalu d batal pihak mana tulis batal langgan padahal tidak klik apa apa. gila ya. kalau bikin aplikasi dengan dana on budget dan tidak ada man power mending kaga usa ngide pake app tidak guna soal komplen juga kaga di gubris.,LAYANAN
Untuk hp redmi pada pengaduan listrik periksa tidak bisa tampak full. jadi tidak bisa laku pengaduan!,APLIKASI
Layan buruk sering turun spaneng daya listrik kurang metusak elektronik,LAYANAN
Saya beli token listrik 500 ribu sudah bayar belum ubah status dan aplikasi lambat layan cs sibuk terus sudah nunggu 1 jam an tetap sibuk. maksud apa mohon perhati dan evaluasi,APLIKASI
"Ngeri ni aplikasi pengaduan lewat online slow respon tapi gilir komplek rumah soal mati listrik langsung tangan padahal sama 2 bayar, datang ke kantor tidak ada respon bilang mau tangan tiap minggu lapor online timpang layan kayak ini",LAYANAN
Kocak mati lampu terus tiap hari,LAYANAN
"Tangan lambat lapor selesai,tp listrik belum nyala",LAYANAN
"Aplikasi tidak guna, pengaduan mati listrik responnya template, tidak ada photo tindak lanjut seperti apa, tidak ada jelas mati karena apa.",LAYANAN
Keren,UMUM
Alam yang bagong beli token tidak masuk lapor cs suruh di cek kala email dan aplikasi dari 3 jam sampai 1 x 24 jam info nya mau di hub tidak ada samasekali beli token malah nambahin kerja suruh cek kala,APLIKASI
Pengaduan tidak tanggap dengan mesti,LAYANAN
Jangan pernah beli pulsa PLN sini duit sudah di tf tapi token gada malah di suruh bayar 2 z,APLIKASI
"Susah untuk chatting, aplikasi jalan terus sampai g bisa baca hasil chatingannya",APLIKASI
"Nama saya nasrulloh pangilan anas saya orang teknisi atau btl...saya punya kerja di desa pruwatan tepat jalur pruwatan cinanas. saya punya pelang baru jumlah 18 pelangan.saya susah aju ijin prinsip kepd pihak PLN rayon bumiayu upj tegal,,setelah aju ijin prinsip saya kerja instalasi pelangan.sebelum saya aju ijin prinsip dn instalasi saya sudah ada musawarah sama calon pelangan,diketahui oleh kepala desa,tokoh masarakat serta media lokal dn lsm. tapi...se",UMUM
Sudah gada QRIS jir kacau,APLIKASI
Live chat bikin pusing. reconnect terus mana dalam 1 menit ada lebih dari 10 chat warning. akhir chat dengan admin tumpuk pokok live chat sangat sangat tidak baik,APLIKASI
Sudah 2 kali pengaduan tidak ada tanggap bahkan lsg datang ke kantor PLN kata dalam tangan tapi belum juga di tangan,LAYANAN
Lama banget ni respon nya semua medsos di hubung nga respon,LAYANAN
"Usaha bobrok.swacam mandiri uda benar sok kepo by sitem catat smart ami...ditanya tanggal berapa pecstatan tidak bisa jawab sampe tanggal 31 maret akhir bulan.cuat service jawab uda kek robot ai bot.kebangetan orang mau swacam tiap tanggal 23-27.ini sok 2 an kepo by sistem tanya tarik data tanggal berapa di angka berapa disuru nunggu tagihan tap tanggal 1-5...suka-suka u sudah catat berapa-berapa,g yang jelas foto tiap hari.mau tau sistem itu kapan tarik data dan angka berapa sesuau tidak",APLIKASI
Aplikasi asal jadi,APLIKASI
"Harus nya transaksi lewat aplikasi ini, baik beli token/ bayar tagihan tidak kena admin,...",APLIKASI
"Min maaf ya mohon pindah gardu listrik gede gaban di tanah saya, gardu itu ada dari semenjak kakek saya sampe waris ke saya, sudah kennyang min kalian nempatinya. rencana saya mau bangun rumah dan luas madrasah. kalian masih boleh kok nempatin tanah asal posisi yang sopan jangan mati tanah orang dan situ juga tempat anak-anak bermaain ajar mohon di survey ya min biar ada win win solution, alamat di desa bojong lor kec. jamblang kab. cirebon",UMUM
Super lambat parah pake banget.,UMUM
Aplikasi buruk,UMUM
Lokasi kota langsa - aceh ds. pondok keumuning kec. langsa lama mati hidup listrik sini hari 4 x sampai 7 x padam. sudah 3 bulan belum ad selesai info dri PLN tempat dikarnakan istalasi di pdam masalah akibat arus listrrik balik. dampak nya ke 4 desa sekitar 20 an rumah terjdi madam PLN lokal tidak bisa kolaborasi dengan pemko. rugi msyrkt.kami sini bayar bukan gratis. 1 x 24 jam kita tunggu 31 maret 2026 kita naik ke media. bobrok sekali PLN aceh ini,LAYANAN
Lama tangan jelek banget,LAYANAN
"Tiap x listrik padam, aplikasi ini tidak bisa buka padahal ini aplikasi bt bikin pengaduan. jd bagaimana solusi kalau listrik padam dan kita mau bt pengaduan? tidak ada.! tahan",APLIKASI
"Apps tidak ada data saya, padahal hari belum bisa. apps sering tidak ada data langgan tolong bikin yang benar supaya guna",APLIKASI
Baul,UMUM
Aplikasi sampah. saya beli token pembayaran lalu briva gk masuk di komplain respon nya lama dan tidak ada titik terang nya. mending pakai aplikasi lain saja aplikasi tidak guna ini respon lambat percuma bumn kerja tidak benar,APLIKASI
"Kenapa transaksi pembayaran listrik ku masih status tunggu pembayaran, padahal saldo di mobile banking sudah potong",APLIKASI
"Saya beli paket data di aplikasi ini. namun nyata gagal dan saldo di refund ke saldo refund PLN mobile. saldo refund saya 20.0, saya ingin tarik ke bank kembali namun tidak bisa karena minimal nya 25.0. oke kalau bisa dipake saldo buat beli paket data lagi atau token listrik. tapi ini tidak bisa tidak ada pilih bayar guna saldo sebut rugi saya?! saya sudah email lebih dari 5 kali tapi tidak ada solusi.",UMUM
Ni yang buat aplikasi ngajuin ke terin korupsi berapa banyak sudah aplikasi tidak benar,UMUM
Percuma ada PLN mobile sama call center kalau layan lama. hospitality tolong tingkat,LAYANAN
"Ini jadi lagi ya, say benar bnar lupa bayar untuk bulan maret terus tadi malam lsgsg kena cut of... dan sekarang malah jadi 1.700.0 listrik saya... ini kok hancur x bagaimana ish hitung saya tidak terima listrik medan selatan ini sangat hancur kerja kermin itu juga sudah saya antar lagi berkas bhwasanya ini untuk rumah giat sosial agama tapi tidak ada ubah di tarif jadi saya percuma diwa suruh untuk urus berkas dan antar ke kantor PLN medan selatan",LAYANAN
Minta rate terus cape,UMUM
"Pembayaran belum bisa pake QRIS pasti lahan korupsi... bayar di ketua rt kena biaya admin cuma 500,- ini bayar di aplikasi PLN biaya admin malah 1750,-... harga tiap aplikasi pembayaran pun beda mau jual aplikasi kan?. coment and rate star pun bisa di set guna user bot / ai...",APLIKASI
"Hancur lebur skrg,aplikasi tidak guna,transaksi saja gagal terus makin bsuk",APLIKASI
Lokasi kota langsa - aceh ds. pondok keumuning kec. langsa lama mati hidup listrik sini hari 4 x sampai 7 x padam. sudah 3 bulan belum ad selesai info dri PLN tempat dikarnakan istalasi di pdam masalah akibat arus listrrik balik. dampak nya ke 4 desa sekitar 20 an rumah terjdi madam PLN lokal tidak bisa kolaborasi dengan pemko. rugi msyrkt.kami sini bayar bukan gratis. 1 x 24 jam kita tunggu 31 maret 2026 kita naik ke media. bobrok sekali PLN aceh ini,LAYANAN
Parah lambat pasang tambah daya nya. kerja lambat sangat sangat kecewa,LAYANAN
"Perangkat tidak ada internet, padahal saya sudah koneksi internet, ini bagaimana",UMUM
Aplikasi dengan banyak manfaat dan mudah guna bagus,UMUM
"Tolong aplikasi di perbaiki, akun saya hilang data-data aktivitas, pembayaran hilang semua, saldo PLN hilang, voucher hilang, apa ini solusi",UMUM
"Aplikasi bobrok, terang gagal tadi saldo potong coba live chat yang jawab bot, payah buruk buruk buruk",APLIKASI
Ulp bandung utara layan tidak baik untuk charger r 2 tidak d pasang kanopi untuk charger hp mati sudah 1 bulan duh ni layan tidak kualitas,LAYANAN
Tidak bisa pakai selalu alas antusiasme guna terlalu tinggi.,UMUM
PLN bahodopi morowali siksa masyarakat. mati lampu hampir tiap hari. bobrok,LAYANAN
Login melulu.,APLIKASI
"Nama bank ngk cantum di aplikasi, bikin malas pengin uninstall",APLIKASI
"Bayar listrik tidak boleh telat, tapi mati lampu sampe 3 jam",LAYANAN
"Aplikasi sampah, pantes rugi terus. charging station error terus, mau refund saldo charging nunggu 5 hari. padahal konsumen charge di SPKLU langsung bayar, gaada itu bayar 5 hari kemudian",APLIKASI
PLN mobile andal baik bagus bagus,UMUM
"Kalau belum bisa topup saldo, kenapa tampil kolom saldo, dan juga e-money di metode pembayaran? saya sudah isi kartu flazz saya, tidak bisa topup. kirain dengan isi saldo di aplikasi PLN ini beli token tidak kena fee admin.",APLIKASI
"Tolong kalau mau masang sambung instalasi listrik di kabarin dulu hari-hari belum jangan ujuk-ujuk dateng, sudah mah dateng di hari senin pagi dan rumah saya gaada orang rumah sudah gtu harus beli kabel lagi, makanya survey dulu belum masang, asal masang doang KWH meter, csnya juga jawab template, tolong bobrok banget layan PLN terus dateng ber 3 itu tugas guna buat apa? nyampah banget, kalau ada listrik swasta mah mending swasta dri pada perintah bobrok, pelayann smpah",LAYANAN
Telah ngirim lapor malah didoxxing,LAYANAN
Mohon izin untuk pihak PLN saya sampai kena listrik mohon untuk tindak kepada tugas PLN untuk segera laku listrik yang padam tiap hari dan lama hidup untuk lokasi kota palembang kc oki tugu mulyo desa mekar jaya/ tanggang dan sekitar mohon untuk tindak ya pak tugas maaf saya kasih bintang 1,LAYANAN
Daftar baru sejak senin sampe sekarang status y tunggu verifikasi terus.,APLIKASI
"Minta kasih bintang 5, tapi keluh tidak pernah selesai dengan jelas, mati lampu kali kali, pengaduan kali kali, tidak ada solusi",LAYANAN
Habis di perbarui malah tidak bisa login,APLIKASI
Aplikasi pengaduan tidak guna,LAYANAN
"Sudah 15 jam lampu mati, sudah 10 jam lapor tapi masih suruh tunggu saja. di upaya terus. tapi tugas yang datang hanya sekitar jam 9, kata trafo ledak besok baru bisa diperbaiki. harus berapa puluh jam kami nikmat lampu padam ini? kacau",LAYANAN
Aplikasi sering error... beli token dana sudah potong namun no token belum terima,APLIKASI
Ini aplikasi tidak jelas banget sih...tau-tau keluar sendiri...tau-tau cari internet padahal ada internet...aplikasi gda guna banget,UMUM
Layan PLN sangat bobrok busuk bau bangkai jijik sya pasang lewat aplikasi ini sudah satu minggu di tak ada pasang KWH meter dan sya sudah bayar lunas pada saat itu juga.pada inti PLN adah tipu kelas kakap. hati hati dengan layan PLN yang tidak jelas ini. ayo pindah ke solarcel jangan PLN busuk ini,LAYANAN
"Saya aju pasang baru dari 10 maret 2026 lewat aplikasi PLN mobile, sudah laku pembayaran. sampai sekarang 2 april 2026 belum di pasang. sudah laku pengaduan beberapa kali via aplikasi tidak ada konfirmasi dari pihak kait jawab dari cs PLN mobile hanya sabar sabar sabar tunggu layan yang sangat tidak muas",LAYANAN
Rumit kurang praktis dan frendy,UMUM
Mohon balik nama yang aju sejak 8 desember 2025 sampai saat ini belum verifikasi,APLIKASI
Aplikasi burik jaring bagus masih bilang tidak ada jaring,UMUM
"Beware guys.! my account suddenly changed with unknown registered phone and email. it s so serious privacy leaked by hacker that possible come from your internal. i had bad experience when register and upgrade. regularly check your account. stay away! it s better to uninstall. don t compromise before you lose. perbarui 2 apr 2026 sudah 3 th sejak review pertama di tulis, tidak ada ubah coba register dengan no hp dan email baru nyata sudah daftar atas nm orang lain! hati-hati",APLIKASI
"Lapor nya mlm di tindak nya siang hari, PLN stress",LAYANAN
Kurang respon,LAYANAN
Kenapa proses pengaduan tari saldo PLN mobile lewat email dan chat lambat proses gilir komen sini bintang 1 langsung gercep. sudah sering saya perhati tolong segera di proses tari saldo PLN mobile saya di live chat respon bertele-tele,APLIKASI
Para tugas PLN sangat susah di hb layan sangat buruk,LAYANAN
"Proses daftar yang aneh. suruh buat pin baru, masa pas konfirmasi pin baru input nya disabled. ya stuck situ",APLIKASI
Cacad semua tugas madam tidak pernah ada koordinasi dengan rt rw tempat model preman semua tidak tau tata krama,LAYANAN
Apa nihh PLN orang meter aku offin tagihan masih saja 170-180 konyol!,LAYANAN
"Lampu mati mulai jam 12.00 wib sampai jam 17.24 wib sudah lapor 123 banyak 3 x belum ada tugas PLN yang datang, kerja apa tugas ini ya. 2 april 2026. kotabaru camat tapung hilir kabupaten kampar provinsi riau. kerja PLN unit duri ini.",LAYANAN
"Tak perlu download. alas nya apa.? telah kalian download, kalian hanya dapat aplikasi tanpa bisa guna 1 pun fungsi di dalam nya. sebab nya adalah semua error",UMUM
Perbarui baru tidak bisa beri rating baik gangguan dan sering jadi batal lapor lapor padahal sama sekali lapor tidak batal dan gangguan listrik belum langsung perbarui makin kacau sistemnnya,LAYANAN
Sistem pembayaran sering error,APLIKASI
"Menu untuk gangguan instalasi langgan tidak bisa di akses, jadi tidak lapor saat listrik padam",APLIKASI
"Layan buruk area kudus kota mati lebih dri 7 jam, cs ditlepn 5 x malah buat notifikasi palsu sudah atas sampek warga pada mau bawa masa ke PLN kudus, untung gk keroyok itu tugas yang dateng tengah malam.",LAYANAN
Lama tari duit kita sendiri ke rekening kita sendiri sampe haru nunggu hari hari,APLIKASI
Aplikasi engk benar sudah foto sesuai cara tapi pembayaran tagih tumpuk buruk buruk,LAYANAN
Tolong cepat ada kabel sr untuk dapur mbg proyek psn. langgan atas nama i nyoman wiarsa dengan daya 16500 va. tolong segera terimakasih,LAYANAN
"Aplikasi gajelas bat, sinyal penuh gaada gangguan tapi muncul notifikasi gaada sinyal terus, mana tidak bisa di close pula",UMUM
"Seperti biasa aplikasi buat perintah gk ada yamg benar gk niat, malu ama negara tetangga belah kalau gk becus suruh saja tu orang cina buat bikin software yang benar blok bagaimana mau maju ni negara isi orang yang kompeten",UMUM
"Saya sangat kecewa dengan layan kantor PLN kotabumi lampung,tagihan listrik rumah saya selalu naik,sedangkan pakai rumah sama saja tak ada yang di tambah",LAYANAN
Sudah lebih dari hampir 2 bulan ini applikasinya tidak bisa di guna tidak bisa login dan keti masuk id langgan untuk ecek tagihan juga tidak bisa. saya cek di google play applikasi saya sudah yang baru,APLIKASI
Tunggu verifikasi PLN sangat resah,APLIKASI
Kecewa lapor lambat tanggap,LAYANAN
"After updating apps, error stuck on login page after input phone number and submit button just gray for so long... perbarui after clear cache and ensure internet connection, still stuck same error... i wonder why",APLIKASI
Sangat sulit untuk hubung aplikasi guna tetapi tidak terlalu fungsional. sayang sekali terus kalah dari sektor swasta.,UMUM
Instalasi nya la banget,LAYANAN
Tangan tugas sangat lambat. sudah lapor ulang tidak di tanggap,LAYANAN
Pengaduan mati lampu muncul timeline nya eh malah batal langgan g ngerasa batalin padahal masi mati lampu. bagaimana si ni,LAYANAN
Rumah saya mati lampu lokasi depok rangkap jaya pancoran mas sudah lapor belum ada tangan bagaimana si,LAYANAN
Kocak gilir di butuhin saja aplikasi nya langsung si mati dari system biar tidak ada yang bisa komplain wkwkw saya tau akal 2 an kamu satu daerah mati lampu biar tidak ada yang lapor di bikin app tidak bisa di pake dulu biar tidak bacot gitu kan?,APLIKASI
Kami buat lapor listrik padam sekitar kurang lebih 5 jam. tiba di aplikasi PLN mobile lapor kami batal yang tidak enak bunyi seperti ini lapor batal oleh langgan langgan mana yang batal,LAYANAN
"Kerja lambat kalau ada pengaduan... dan status pada pengaduan dibatalkan,padahal saya rasa tidak batal karena belum ada solusi samasekali...kecewa berat",LAYANAN
Tangan listrik padam wilayah bojong gede bogor waringin jaya lambat... padam jam 02.30 sampai jam 6 belum juga nyala,LAYANAN
Beli token listrik biaya adminnya 1750 bahkan lebih mahal banding pakai marketplace jadi tidak fungsi,APLIKASI
Daftar pasang baru jadi makin lama karena jabat PLN lambat verifikasi kalau boleh tau apa ya yang di verifikasi?,APLIKASI
Tidak bisa di pake,UMUM
Sering masalah,UMUM
"Saya ganti nomer aplikasi hasil tapi begitu mau pakai di SPKLU jadi rumit tidak bisa di pake, kenapa tidak dari awal ganti nomer konfirmasi saja pandu harus apa gimananya, jangan maen hasil saja tapi begitu mau pake baru kendala muncul! terus perbarui kendara nya juga tidak perbarui",APLIKASI
Tugas wilayah malang tidak lepas sepatu masuk rumah orang.,LAYANAN
"Cacat banget pas di upgrade, beli token tidak masuk",APLIKASI
Keren,UMUM
"Aplikasi jelek, ngecek tagihan cepat bagi pengaduan lama banget",APLIKASI
"Jaring listrik rumah saya payah, dari satu kompleks hanya rumah saya yang padam padahal token masih full dan KWH meter normal/bagus. apakah saya bisa aju ubah jaring listrik sama dengan tetangga saya yang lain spy tidak padam lagi? kenapa sekarang no adu 123 telah nada masuk tidak ada tugas yang angkat telpon? dalam 3 minggu rumah saya padam listrik 3 kali. padahal tidak ada hujan tidak ada angin kencang. aplikasi PLN mobil tidak bisa kirim lapor",APLIKASI
Lagi live chat tiba-tiba macet,APLIKASI
"Bagaimana mau login dengan id pelanggan,sudah dimasukkan,diklik tidak bisa, ada jawab tunggu beberapa saat lagi",UMUM
Buruk bikin lapor error terus...call center pake pulsa,APLIKASI
Tidak bisa tanggung jawab atas madam yang laku cara sengaja oleh pihak PLN,LAYANAN
Daftar pasang baru saja 2 bulan lebih asw asw,LAYANAN
Kembali uang tari uang sendiri. sangat lama proses nyah. tolong di perbaiki,APLIKASI
Ganti meter tapi sisa saldo di meter lama hangus mana masih banyak bisa di pakai 3 minggu depan komplain rumit wa cuman di baca saja,LAYANAN
Apa kah bisa di aktif di luar negri sedang kan saya orang tkw,APLIKASI
Aju iconnet di batal terus,APLIKASI
Aju iconnet batal terus,APLIKASI
Aju iconnet dinbatalkan terus,APLIKASI
Aju iconnet di batal terus,APLIKASI
"Kok loading melulu ya, aplikasi punya nya perintah khusus bumn kok sering lola, sudah hapus data dan coba masuk lagi tapi selalu loading gk sudah",UMUM
"Lambat eh cuma muter-muter doang, server butuh diperbaiki. tolong ya. jangan korupsi mululah dosa tau sentrum di neraka lama lho nanti",UMUM
"PLN aneh orang tidak mampu mau daftar pasng listrik malah tidak dapat subsidi, suruh pasang yang 900. sudah tw kerja nya saja serabutan parah",LAYANAN
"Sering masalah saat kirim foto catat meter swacam, sering tidak tersampailan",APLIKASI
"Sumpah gua sudah pengaduan 2 x ketika submit malah terimakasih dan lihat kode lapor gaada, gg sumpah. nyusahin banget sinyal gua mah bagus yakali gua tinggal kota gaada sinyal.",APLIKASI
Minta ganti rugi karena ac n kulkas bakar gara-gara ada gangguan di gardu listrik. tegang listrik jadi tidak stabil. sudah 2 x buat pengaduan tanggal 4 n 5 april 2026. sampai saat ini tidak ada tindak lanjut. cuma dijanjin tugas akan datang. sampai saat ini tidak datang.,LAYANAN
Pasang lama hinga saat ini belum di realis padal dari tgl 27 bulan lalu,LAYANAN
"Aplikasi masih buggy, telah pembayaran di SPKLU r 2, saya harus tutup aplikasi buka lagi, baru telah itu bisa start charging",APLIKASI
Beli token lambat masuk ke PLN mobile nya,APLIKASI
"Sudah listrik di monopoli,giliran ada trouble lambat minta ampun,dikira orang pake listrik buat main-main ya",LAYANAN
Tiap kirim pengaduan.. otomatis batal sistem.. padahal tidak tekan batal alhasil tangan molor,LAYANAN
"Aplikasi apa ini, tidak bisa bikin akun da bolak balik di aplikasi ama web tetap saja tidak bisa bikin akun, aplikasi eek",APLIKASI
"Live chat busy terus, cuma pengaduan listrik padam terus tapi tidak ada baik",APLIKASI
Sangat tidak muas slalu gagal perbarui akun atau verifikasi akun padahal sudah benar semua nya sangat kecewa,APLIKASI
"Tidak ad tindak darj pwngaduan, tugas PLN di tempat kami tidak prefosianal",LAYANAN
Kurang guna sudah buat lapor 12 tanpa nanang dan respon,LAYANAN
Aplikasi sampah. jaring lambat dikit langsung error tidak bisa ngapa mengapa harus forced close. sampe sekarang ui/ux lambat ampas mau pake hape 100 jt juga sama. fitur pengaduan tidak guna soal tidak ada yang peduli juga sama listrik yang masalah yang penting tagihan masuk ros baru tau kelas PLN aplikasi ngaco begini. oh iya tidak usah balas sok imut pake mimin miminan kalau kerja kamu masih jelek. klarifikasi doang nyalain listrik prioritas akhir susah benar,LAYANAN
"Sering error, tiap open tiket selalu di close juga",UMUM
"Di daerah saya pare-kediri sering jadi madam di malam hari dmn listrik sangat-sangat penting, tidak ada pemberitahuan belum misal jadi madam alat-alat elektronik juga mudah rusak kalau sering jadi madam tiba-tiba, telat bayar kena denda tetapi sering padam tolong diperbaiki hal-hal macam ini",LAYANAN
Aplikasi apa ini. saldo sering ngegantung. tolong di optimal lagi biar orang yang nge as jadi lebih mudah. saya perhatiin aplikasi ini sering banget ngegantung saldo orang,APLIKASI
"Saya kirim pengaduan madam pukul 21 55 karena sudah mati lampu dari pukul 20 34 di semua rumah sebab gardu listrik letup lapor sudah ke tahap tugas regu tapi PLN belum dtg juga. lampu nyala di pukul 23 30, ketika saya cek di aplikasi PLN nyata perbarui pengaduan ubah sendiri status pengaduan di batal langgan / cancel wo. ini bnr-bnr parah banget soal mereka cancel atas nama langgan",LAYANAN
Lapor gangguan selalu tidak ada feedback,LAYANAN
Sudah di download brulang kali tapi msih saja tidak bisa buat beli pulsa.masalahnya tulis signature failed bgtu trus.udah brpa bulan gini terus kirain krna sudah lama gini aplikasi sudah bisa d pke.eh nyata belum juga bisa.gimna ini,APLIKASI
Layan makin jelek saja asa sudah lapor gangguan 2 jam belum ada hubung tugas chat ke CC info nunggu 3 jam konfirmasi. ini di kota kamu bukan pelosok kalau nanti nggu konfirmasi saja 3 jam terus tindaklanjut nya nunggu 3 jam lagi buruk eh telah nunggu 2 jam status jadi batal langgan,LAYANAN
Saya aju pasang meter baru dari aplikasi mobile PLN namun sudah satu bulan belum ada tindak lanjut dari PLN suruh bolak-balik lapor ke live chat mobile PLN perbarui sampai hari ini ini belum juga ada tindak lanjut!,LAYANAN
"Sungguh kecewa dari awal bulan april saya coba login tapi tidak bisa, sampai saat ini juga tetep tidak bisa. tolong diperbaiki lagi",APLIKASI
Lama mohon tgg nya marah,UMUM
"Respon lambat. untuk wilayah rantau bayur, banyuasin PLN padam lebih 24 jam. buat semua daging kulkas pada busuk",LAYANAN
"Aplikasi taik data bisa hilang-hilang stlh bbrp bulan, begitu saja ros tidak ada yang benar kerja kalian",UMUM
Buang-buang anggar,UMUM
Sudah daftar pasang listrik baru dan sudah bayar sudah satu minggu belum ada tugas yang datang. alesannya sistem lagi error kemaren bilang 2-3 hari an akan ada tugas yang datang. sampe minggu belum ada yang datang juga. gini amat PLN harus lewat calo biar cepat terus buat apa fitur pasang baru di aplikasi,LAYANAN
Tiap kali mau buka invoice nya selalu minta upgrade data telah upgrade data malah minta upgrade lagi. sangat tidak bantu,UMUM
Gangguan terus kacau,UMUM
Masak beli token listrik di pembayaran bri sama danatara kena biaya rp 1.750 wo ngeri,APLIKASI
Sulit saat perbarui sedia tampil kembali tutup perbarui now. 100 x sudah saya klik perbarui now dan terinstall tapi tampil kembali ke perbarui now.,UMUM
"Untuk kalau ada gagal beli kembali dana lama sekali 14 hari kerja,setelah 14 hari blom keluar, lapor lagi ubah 14 hari lagi jadi samapi gedek nunggu kembali dana yang gagal",APLIKASI
Listrik di daerah kami sepaning /tidak normal sejak kemarin 5 april 2026 jam 5 sore sampai hari ini tanggal 6 april juga listrik belum normal sudah hampir 20 jam lebih,LAYANAN
"Lamat, cepat di menu awal doang...buat lampor loading tidak selesai-selesai...bangga banget kalau diluar-diluar bilang aplikasi cepat",APLIKASI
Mantap,UMUM
"Listrik padam dari kemarin sore, lapor dari kemarin tapi di batal terus, saya harus lapor mana lagi? bapadahal bayar listrik lancar terus",LAYANAN
"Aplikasi bussuk... loading bulan baru ke buka...! habisin anggar saja kalau tidak becus bikin aplikasi, serah pada yang ahli...! memang dasar negri konoha,, ada saja busuk nya",UMUM
"Tambah daya belum ada respon, padahal sudah bayar. lewat PLN mobile",LAYANAN
"Sering error mau bayar, pas masukin IDPEL terang yang muncul nomor yang anda masuk salah. padahal bulan-bulan belum juga pake no yang sama. sistem sering down. sulit pembayaran",APLIKASI
Tidak bantu,UMUM
"Saat PLN padam, untuk lapor sulit sekali. aplikasi kayak henti padahal sering sekali mati listrik. ini jawa tengah lho bukan pelosok.",APLIKASI
"Saya guna motor listrik, sudah kali kali ke PLN up 3 bogor bukan ada baik malah makin tambah yang rusak, dari yang cuma bisa 3 soket sekarang sisa cuma 1 soket, dari 6 lubang, padahal PLN lain, mati 1 saja, cukup lapor security besok sudah normal, bagaimana ini tolong PLN up 3 bogor padjajaran mohon diperbaiki, kami sulit di area bogor kota",LAYANAN
PLN up 3 bogor pajajaran r 2 nya pada rusak semua,LAYANAN
"PLN up 3 bogor padjajaran,, r 2 nya dari tahun 2025 tidak di perbaiki, sekarang sisa 1 colok bagaimana ini tidak ada maju tolong perbaiki, token nya juga ada yang rusak colok ya nya tolong segera di perbaiki atau ganti cololokanya, segera! karena makin depan makin bayak guna motor listrik. terima kasih",LAYANAN
Aplikasi tak guna bikin aplikasi cuman formalitas saja,UMUM
Sangat kesal. masa kita aju aju tidak bisa terus ini,APLIKASI
Ini kenapa sekarang susah sekali ya laku pengaduan. sudah sering padam listrik marah marah,APLIKASI
Listrik mati dari jam 8 ini jam 1 belum nyala. lapor dicancel wo terus. padahal tetangga lain hidup... kita bayar asa tidak guna.,LAYANAN
Kenapa harus tiap bulan perbarui aplikasi? cari untung jangan paksa konsumen dengan perbarui aplikasi PLN,UMUM
Ko jadi tidak bisa di instal,APLIKASI
Kok tidak dapat lihat tagihan listrik dari 6 bulan terahir,APLIKASI
Makin lama banyak ganguwan PLN mobael cek supsidi tiap mingu hari ganguwan selalu,UMUM
Aplikasi paling tidak fungsi tidak pantas dapat bintang,UMUM
Aplikasi mulai jadi sampah apalagi telah perbarui,UMUM
Input id PLN tidak muncul apa-apa mau isi token,APLIKASI
"Listrik sering padam, aplikasi tidak bisa buka akhir tidak bisa buat adu PLN busuk",APLIKASI
Saldo beli sudah potong tapi di aplikasi PLN mobile keterangnnya gagal. parah ini...,APLIKASI
Beli token sekarang tidak langsung muncul aplikasi,APLIKASI
The service so louzy... took a long time to solve a simple problem,LAYANAN
Aplikasi error buffering terus error saat lapor pengaduan,APLIKASI
Susah buat lapor admin kasar,LAYANAN
Tidak bsa login daftar 8,APLIKASI
"Apa PLN daerah saya listrik mati dari jam 2 dini hari dan baru hidup jam 5 sore, masa jam 6 sore mati lagi",LAYANAN
Login susah,APLIKASI
Baik,UMUM
Listrik di kawasan saya hampir tiap hari mati. tugas PLN tidak bisa bantu banyak,LAYANAN
Listrik di kawasan saya hampir tiap hari mati. tugas PLN tidak bisa bantu banyak.,LAYANAN
Listrik di kawasan saya hampir tiap hari mati. tugas PLN tidak bisa bantu banyak!,LAYANAN
Listrik di kawasan saya hampir tiap hari mati. tugas PLN tidak bisa bantu banyak,LAYANAN
Listrik di kawasan saya hampir tiap hari mati. tugas PLN tidak bisa bantu banyak,LAYANAN
Listrik di kawasan saya hampir tiap hari mati. tugas PLN tidak bisa bantu banyak,LAYANAN
Bagus untuk perbarui data diri. karena tidak bisa untuk simpan lokasi dan npwp,APLIKASI
"Om tante,aplikasi kamu berat jalan nya! tolong yaak untuk segera di laku perbaikan,terimakasih...",UMUM
Tolong harga d smain sma yang lain d shopee beli token 50 k bayar 50 k,APLIKASI
Maaff saya kasih bintang 1 krna kait dengan batal lapor kait keluh langgan yang tiba lapor di batal oleh langgan padahal saya sendiri tidak rasa batal lapor karena keluh saya kait dengan aju rubah tarif dari r ke b belum ada tindak lanjut di surve sma tugas sudah 3 minggu,LAYANAN
"Tolong untuk aplikasi PLN mobile untuk maps r 2 yang di PLN bekas kota tolong di perbaiki untuk alamat benar di jalan ahmad yani, maps nya salah di jalan pangeran jayakarta",APLIKASI
Aplikasi tidak jelas bisa cuma untuk bayar doang di komplain tidak mau,UMUM
"Listrik nya gj, di wilayah si biru-biru, mayi nyala mati nyala terus bikin elektronik rumah cepat rusak, tolong di perhati betul, ini ku tengok cuma di biru-biru di tempat lain tidak pernah kaya gini sumpah.",LAYANAN
Respon tugas dalam PLN mobile sangat lambat,LAYANAN
Kabel jtr putus timpa pohon dan belum bisa langsung kerja tunggu sampai besok pagi alas kondisi gerimis.,LAYANAN
"Fitur pengaduan seperti tidak guna di aplikasi ini. saya buat lapor oengaduan listrik padam, 1 menit muncul status tugas regu aneh, hanya macam bot. 6 menit kemudian muncul lagi status cancel wo. listrik belum nyala sudah dicancel. apa guna ada fitur lengaduan?",LAYANAN
Parah parah layan mentang sudah,LAYANAN
Aplikasi tidak bisa akses ktp bersubsi,LAYANAN
"Listrik idup mati idup mati, sudah lapor terus batalin, lapor lagi gk bisa harus tggu 3 jam.",LAYANAN
Tiap bulan hanya daerah kami yang alami madam dan banyak selalu jadi di malam hari sementara rumah-rumah yang jarak kurang lebih 1 km tidak pernah alami madam adu via PLN mobile pun jawab selalu template madam luas smntr kami saksi sendiri rumah lain tidak padam. saat ini adu voltase turun naik hingga listrik padam-nyala hingga puluh kali pun jawab tetap madam luas,LAYANAN
"Untuk kali ini saya kecewa, belum ada tangan dan hampir 5 jam saya cek pengaduan di aplikasi selesai padahal belum ada tangan",LAYANAN
Aplikasi jelek,UMUM
Launge / tempat istirahat koq sekarang jd mess para ojol-ojol tidur jd basecamp tolong tindak oleh pihak awas / manajemen PLN up 3 lenteng agung jln raya duren tiga jaksel. launge jd bau tidak nyaman! kalau bisa di atas jam 22.00 wib di kunci karena di atas jam segitu kebykan para ojol / driver online yang charging. kalau satpam takut ma komen-komen / ranting di aplikasi PLN mobile atas jam 22.00 wib kebykan para ojol / driver online yang charging. terimakasih.,UMUM
"Pengaduan saya kait beli token pada aplikasi PLN mobile besar 500 ribu dengan kendala pakai ketika diinput, sejak tanggal 5 april 2026 tidak ada tindak lanjut selesai hingga saat ini, padahal tugas sudah datang rumah untuk survey jadi sudah video juga dan sudah di cek pada meter jika nomer token yang saya dapat memang belum diinput. jika tau akan ada kendala seperti ini saya tidak akan pernah rekomendasi keluarga untuk beli token lalu aplikasi PLN mobile.",APLIKASI
"Pasang baru daerah diri taban bali sudah lbh dari 20 hari kerja, tapi belum d pasang kalau d hitung dari awal laku bayar sudah lbh dari 35 hari aju pindah KWH juga lambat, terlalu banyak alas aneh jika laku pasung baru d luar aplikasi atau prosedur 2-3 hari sudah pasang tapi dengan biaya yang ckp jauh nilai dari pada d aplikasi",LAYANAN
Tolong di aplikasi sedia pengaduan untuk pindah jalur kabel karena kalau datang kantor dekat bayar agak mahal,APLIKASI
"Layan tidak baik,untuk guna PLN mobile,,buat bintang 1 saja",LAYANAN
Sering banget transaksi gagal tapi uang tetep potong dan baru balik besok padahal kadang uang cuma sisa sedikit dan memang harus beli hari itu juga,APLIKASI
"Kerja belum selesai, sudah anggap selesai, padahal sudah bayar naik daya",LAYANAN
Sya kok tidak bisa daftar ya? sudah masuk no hp klik lanjut tapi gk bisa bisa,APLIKASI
Tolong PLN duren tiga di kasih canopi untuk SPKLU r 2 nya,LAYANAN
Operator aplikasi tidak becus kerja. sudah 3 kali ini tiap lapor selalu jawab padam luas estimasi baik 3 jam tanpa cek lapang dan turun tugas lebih dahulu...padahal yang padam cm area sekitar.tolong cara kerja operator aplikasi jgn kayak orang bego!,LAYANAN
Saat ini listrik mati sudah 6 jam daerah procot slawi. tapi belum juga nyala. tugas tidak ada respon. estimasi 3 jam tapi sampai 6 jam lebih belum nyala. tetep masih belum nyala telah 7 jam. bahkan lap lewat PLN mobile dijwb sudah nyala oleh tugas padahal belum nyala,LAYANAN
Datengnya lama,LAYANAN
Login gagal terus via hp maupun email,APLIKASI
Aplikasi sampah set lokasi mau nambah kan id langgan susah nya minta ampun wifi ngebut padahal,APLIKASI
"Aplikasi sering sekali tidak merespon dan beri notifikasi bahwa tidak ada koneksi internet padahal internet saya stabil dan tidak ada masalah akses aplikasi lain selain itu saat pengaduan listrik padam kasus belum selesai, muncul notifikasi bahwa kasus sudah ditindaklanjuti tetapi saat saya klik tombol listrik belum nyala tidak bisa dengan tulis terang bahwa user tracking larang akses fitur ini.",UMUM
"Dari jam 12 mlm sampa jam 2 belum hidup jugak marah marah suruh nunggu-nunggu terus marah marah anak-anak gk bisa tidur panas, marah marah yang lain hidup cm 3 rumah di sini yang mati marah apa gk palak listrik makin mahal marah 100 rb cm 5 hari tapi kualitas layan makin buruk marah marah",LAYANAN
"Kalau ada maintenance itu jangan malem, siang. malem jadi susah istirahat, anak jadi rewel. kalau memang ada kurang dari sektor-sektor tentu benah dari dulu, madam gilir ini itu gilir bayar listrik mahal, token tok token tok token. bayar supaya ada listrik, ini bayar sama saja",LAYANAN
"Fitur catat meter madiri ilang, tagihan bengkak, main macam apa negeri ini!",LAYANAN
"Kurang simple,kenapa saldo PLN mobile hnya untuk refund transaksi gagal saja, harus bisa di guna untuk saldo utama agar semua transaksi tidak direct ke platform/jasa pembayaran lain yang akan di kena biaya lgi tiap laku transaksi.",UMUM
Mati lampu dari jam 4 subuh tidak nyala nyala sampai jam 7 pagi,LAYANAN
"Saya sangat kecewa, buat lapor listrik saya padam, sudah di konfir sama pihak PLN malah tidak di kerja listrik mati satu malam tidak manusia kali, akan semena-semena nya",LAYANAN
"Saya sangat kecewa, buat lapor listrik saya padam, sudah di konfir sama pihak PLN malah tidak di kerja listrik mati satu malam tidak manusia kali, akan semena-semena nya",LAYANAN
"Pengaduan guna tidak anggap serius, dan hanya selesai tanpa tindak",LAYANAN
"Sudah komplain, tapi tidak ada tugas yang datang/ hubung",LAYANAN
Tidak ada tanggap saat di aju pengaduan a,LAYANAN
Apa an g jls tiba pengaduan di batal mati lampu cuman tempat saya di bilang rata,LAYANAN
"Percuma ada aplikasi, daftar lewat aplikasi pun di sulit",APLIKASI
Tidak profesional masalh gangguan teknis larut larut,LAYANAN
Saya kasih bintang 1 krna sesuai dengan kerja kita bagai langgan aju rubah tarif dari r ke b namun sudah hampir 1 bulan belum ada tindak lnjut apa² dari PLN malang sangat sangat bagong kerja payah.,LAYANAN
"Sudah bikin pengaduan listrik mati tapi slow respon, lapor pagi, dapat pesan whatsapp malam turun lapang besok nyala ikan-ikan ayam 2 ku kulkas mau bikin pengaduan lot kerja ulp daerah kampar tapung riau bingung mana tolong diperbaiki kerja anggota",LAYANAN
No respon percuma saja ada aplikasi tidak ada tanggap,LAYANAN
Tidak bisa pakai dengan sebab antusiasme langgan PLN sedang tinggi,UMUM
"Biasa banget kalau tiap mau jelang adzan magrib mati listrik daerah radio dalam kebayoran baru selalu mati listrik, biasa banget. tolong biasa kalau mati listrik jangan jelang mau adzan magrib.",LAYANAN
Aplikasi tidak bisa di apaapain!,UMUM
"Bikin aplikasi niat biar mudah, mau lapor saja id langgan tidak otomatis.",UMUM
Kenapa tidak bisa daftar meter?,APLIKASI
"Sekarang tidak bisa lapor kalau ada listrik lagi, karena pas buka menu listriqu ngeblank...menu lai juga tidak bisa muncul data",UMUM
Selamat malam kak kenapa daerah kavling polri mati lampu dadak banget,APLIKASI
Tangan yang sangan lambat pengaduan jam 1 siang... sampek jm 7 mlm belum di tangan,LAYANAN
Mau masang meter baru tapi verifikasi PLN unit nya 6 hari lebih belum juga selesai,APLIKASI
Saya aju pasang meter baru dari aplikasi mobile PLN namun sudah tiga bulan belum ada tindak lanjut dari PLN suruh bolak-balik lapor ke live chat mobile PLN perbarui sudah bolak balik lapor lalu pengaduan mobile PLN namun sampai hari ini ini belum juga ada tindak lanjut!,LAYANAN
PLN mobile kurang responsif trllu lambat tangan,LAYANAN
Tegang daerah rumah saya tidak capai 200 v padahal yang tulis meter tegang tinggi 220 v malah ini hanya kisar 180 an volt itu tidak hanya rumah saya sjaa lain hampir semua wilayah saya langgan listrik rasa rugi sudah beberapa lapor tidak ada solusi sama sekali,LAYANAN
Proses adu tidak mudah di aplikasi,APLIKASI
Tidak ad guna juga terlalu lambat respon saat pengaduan listrik padam dan lapor lain nyaa mohon di perbaiki lagi kerja ya bapak/ibuk mohon mohon tlvn call center jugaa harus bayar jadi susah yang tidak punya pulsa buat hubungin PLN nyaa kalau bisa call center gratis aplikasi nya jga harus ad cs layan,LAYANAN
"Jgn percaya omong tugas pengaduan d ktr PLN cem put, bilang KWH bongkar dan tidak sah bayar tagihan, ujung 2 nya tetep tagih omong atw bab itu",LAYANAN
Kurang cepat dalam kerja lapang,LAYANAN
Cek padam sekitar kayak tidak guna. masak satu kampung padam tapi tidak ada yang merah,APLIKASI
Layan sangat muas,UMUM
"Tolong kalau pasang kabel jangan lewat pekarang orang,",LAYANAN
Sebenernya aplikasi sudah bagus tapi staf kantor kurang responsif jadi pengaduan buat baru kerja telah hampir 7 hari itu juga karena di komplain lewat pengaduan live chat hinga ulang - ulang anti cs dan tiap ganti cs ulang lagi informasi belum jika tidak maka tidak akan kerja seperti,LAYANAN
"Aplikasi buruk, tidak bantu misal saat beli token tidak langsung bisa naduk ke meter begitu lapor lama banget di aplikasi",UMUM
Nyusahin asli masang iconct tidak kya dulu rumit banget mesti call. padahal data pribadi pasang baru sudah di cantum,APLIKASI
Gmna tidak rugi melulu. pasang baru iconct sudah via aplikasi data sudah lengkap mlah buat rumit mesti call sgla pdhal maps lokasi dan lain-lain sudah ada smua. kalah sama pihak swasta,APLIKASI
Mending dulu aplikasi tidak rumit kya sekarang masang internet mati validasi dan lain-lain pdhal smua sudah lengkap lokasi dn data diri. pantes rugi terus ngakunya mau jdi langgan baru saja di sulit sok jual mahal jir,APLIKASI
Dengerin saran langgan bebenah zman sudah maju prosedur tu di mudah bukan mlah mkin susah masa masang baru data sudah lengkap lokasi ada masih validasi via call zman mna ada call panggil biasa sudah susah mlah mksa kocak kalau tidak gagal. validasi dan lain-lain awas saja kalau data sya di salah guna oleh pihak iconct,APLIKASI
Zaman sudah maju mudah bukan mlah mundur prosedur pasang baru saja di sulit pdhal sudah lengkap data di aplikasi kocak memang si paling punya negara ini,APLIKASI
"Layan nya lama,",LAYANAN
Maaf tak kasih bintang 1 ya kak. karena daerah saya sering mati listrik. bahkan kdg dalam hari sampe 2 x mati. sudah saya laku pengaduan tapi tindak lambat trimakasih kak moga depa diperbaiki lagi.,LAYANAN
"Layan sangat buruk sekali, saya lapor tunggu dari jam 11 pagi sampai jam 18.22 tidak ada yang datang dan tlp, listrik rumah saya padam dari jam 11 malam sampai 18.22",LAYANAN
"Untuk cs di aolikasi tidak bisa hubung padahal kalau telpon 123 malah arah ke aplikasi, terus guna aplikasi ini apa? apa gini cara PLN layan langgan",APLIKASI
Lama banget kocak ditanggepinnya,LAYANAN
Sangat kecewa saya sama pihak PLN di email sipa orang nya beda-beda prtanyaan yang sama entr ada yang tlp saya dengan nmr yang beda kalian itu bnr-bnr dari PLN atau mau ad tipu saya ada keluh dengan payanan kaliam begitu apa harus saya dtgin langsung pihak PLN atau harus viral kalian baru di tanggap saya baru tambah daya tapi turun terus bagaimana layan kalian sedang kan bayar tiap bulan lumayan,LAYANAN
Tidak bantu sama sekali. kali kali ganti titik lokasi tapi kembali lagi ke titik yang salah.,APLIKASI
Aplikasi sama layan sama persis. tidak guna.,UMUM
Bot matilampu teross,LAYANAN
"Dari awal ngelapor manual, telur ke tugas PLN yang tugas keliling, terus akhir ke PLN mobile usaha untuk bisa di tindak, sama saja dapet nya nihil. sekali lagi aku tegasin, yang salah masang itu tugas PLN sendiri bukan kami. kenapa beban biaya pindah tiang kami yang bayar lucu. pada tidak becus kerja di kerja maen pasang-pasang saja sudah tau akses jalan masuk, di tancep tiang di tengah-tengah jalan kan aneh bnget. karena takut, tidak usah lapor bu nanti kami pindah sampek ber taun-taun, bosen lapr",LAYANAN
Layan tidak jelas babi,LAYANAN
Banyak sibuk kalau di pengaduan,LAYANAN
Aplikasi perintah pada tolol. pesan pop up kamu ngalangin,UMUM
"Mengecewakan,kalo bisa tidak ada bintang",LAYANAN
Masukin nik tidak bisa terus bagaimana,UMUM
Lambat pengaduan gagal terus,APLIKASI
Pasang lambat lambat,LAYANAN
Kalau ada bintang 0 sudah saya kasih 0 pasti. cs chat onlineny tanya apa jawab apa tidak ad solusi samsek. muterr saja jawab,LAYANAN
Buruk,UMUM
"Sekarang padam jam 18.35, pengaduan belum jam 11, saat lapor madam terang baru bisa lapor kembali jam 14.05. aplikasi songong tidak itu",APLIKASI
"Percuma aplikasi kata bebas admin klau taut allo bank, sedang sisi lain klau top up saldo allo bank wallet kena biaya 50. wallet lain saja top up cmn 1500. tf bank lain harus pergi ke atm dulu, gk bisa mobile. sama saja dengan omong kosong dan sangat ruwet.",APLIKASI
"Layan lambat sekali, sudah 7 kali buat lapor tapi tidak di respon. rumah saya sudah padam lebih dari 15 jam tapi belum ada tanggap dari pihak PLN",LAYANAN
"Pliis kak admin. ini usaha negara loh masak nangani keluh dari langgan lama banget uda telfon k cs pulsa habis 50 rb g ngasil, terus mau lapor d mobile banking, eh trouble login berlarut-berlarut, gilir sudah hasil login harus nunggu 3 jam. dan ini uda 3 jam lebih admin d telpon g ada yok benah jngn larut dngn sistem yang kyk begini... jasa itu harus utama puas langgan",APLIKASI
"Too many bugs, wrong location points, never help.",APLIKASI
"Listrik mati terus di tlajung udik, rusak berkali-kali pc saya, lapor berkali-kali juga percuma",LAYANAN
"Layan lambat sekali, sudah 7 kali buat lapor tapi tidak di respon. rumah saya sudah padam lebih dari 17 jam tapi belum ada tanggap dari pihak PLN",LAYANAN
Sering banget ada tulis periksa jaring internet sangat ganggu,UMUM
"Aplikasi ini sekarang sudh tidak bagus apa aju baik itu mohon lapor gangguan listrik padam sampai ke pasang meter listrik baru layan nya tidak bagus, harus nya aplikasi ini langsung ke pusat lagi bukan enak di batal oleh ulp",LAYANAN
Bukan nya atas masalah malah makin banyak masalah anj.udah dua kali saya lapor ada masa dengan meter saya tapi gk pernah ada kode 20 digit,LAYANAN
Aplikasi bumn sarang korupsi.,UMUM
Kecewa aju pasang listrik baru lewat aplikasi online dari awal pembayaran adm hampir 2 bulan belum d pasang pasang juga. mungkin harus pake calo baru cepat,LAYANAN
"Saya bayar token listrik lewat aplikasi ini, dan cara pembayaran saya lewat shopee pay... tapi gagal. dan saya laku 2 kali, dan gagal dua saya tidak tau sebab nya apa, alhasil saya bisa isi token listrik lewat aplikasi shopee nya langsung, walau admin nya nambah sedikit. saya hubung call centre via email, kata untuk kembali dana nya lewat shopee? kok bisa... padahal status pembayaran nya hasil tapi gagal di aplikasi PLN mobile nya sendiri. apa tidak ada jelas",APLIKASI
Aplikasi jelekk parah masak loading lama,UMUM
"SPKLU banyak yang rusak kurang awat banyak SPKLU tidak ada kanopi masa ngecas hujan 2 an, listrik kan musuh air, lapor lambat tangan",LAYANAN
Layan supportnya payah payah sangat,LAYANAN
"Buat komplain di applikasi selalu batal oleh teknisi dengan alas sudah solved, payah",LAYANAN
Lambat parahh aplikasi,UMUM
Lama banget proses nunggu sudah 2 bulan buat pasang baru tidak dateng dateng. alesan kabel tidak ada terus,LAYANAN
Tolol anying servernya tidak beres,UMUM
Ngebug terus pas di perbarui,UMUM
"Layan buruk, langgan tidak batal adu tapi batal otomatis oleh sistem padahal listrik belum pulih",LAYANAN
"Mati hidup tiap hari, kalau cuma 20 x masih ku maklum apa tugas kurang gizi ya?",LAYANAN
"Aplikasi gk guna...apalagi libe chatnya,nanya apa jawab apa.mau daftar/pasang baru.selalu jawabanya anda tidak mendatkan subsidi. ahirnya di arahin ke yang 900 v.gunta ganti nikk tetwp sama.bilang saja kalau mau laku yang 900 v.takyat kecil di psrsulitt",LAYANAN
Jam tutup aneh... saya komen ini uda lewat 00.15 tapi blom bisa transaksi beli token,APLIKASI
Gua mati sudah 10 jam lebih ini ulp btg gilak kali tres anjir! sudah gitu 123 kaga bisa hubung terus lewat aplikasi ini reconecting terus butut anjir tidak guna aplikasi kamu gilak! terus cs kamu semua jawab tamplate terus tanya apa jawab apa! tidak butuh gua cs yang jawab tamplate gilakk! tidak guna aplikasi kamu anjir ini! 2 x cs atas nama yohanes dan satriadi jawab tamplate terus!,LAYANAN
Telah di perbarui malah gk bisa bikin pengaduan,APLIKASI
Masa mau lapor yang dua nunggu 5 hari.,APLIKASI
Tidak user friendly,UMUM
Listrik rumah mati dari jam 4 sore sampe nulis ini belum nyala dan tidak ada tindak lanjut apa yang bikin kesell 3 x lapor dibatalin khusus PLN area pondok gede... sudah coba panggil tukang listrik info harus PLN yang urus. masalah cuma rumah saya doang yang mati listrik tolongg ini harus bagaimana lagi kecewa,LAYANAN
Saya laku isi token tgl 11 apr tapi terang gagal sedang saldo sudah potong sudah hubung tapi belum juga refund,APLIKASI
"Tambah daya online area manado sulut. dari 1300 ke 3500 sudah di bayar dari 9 maret 2026, 2 april jawabanya kendala mcb tidak sedia sampai hari ini 13 april belum ada jelas lanjut. kelas bumn tidak punya stok mcb. lawa apalagi ini!",LAYANAN
Tidak bisa buat daftar payah aplikasi gk bisa bantu keluh resah masyarakat,APLIKASI
Akhir-akhir ini sering lambat aplikasi... mau isi pulsa saja susah sekali untuk di buka...pdh aplikasi lain lancar-lancar saja... mohon di tingkat kan lagi aplikasi biar gk lambat,APLIKASI
Sory saya kasih bintang 1 soal nya sudah dua kali mati listrik di kampung saya yang bayar mati listrik yang tidak bayar nyala listrik nya tidak adil sekali tolong pemeriksan nya,LAYANAN
Min beli token di batas kah?,APLIKASI
"Pas saya mau coba masuk, saya stuck di bagi sudah daftar dan milik pin lalu saya tidak bisa lanjut proses masuk",APLIKASI
Buat motor masih jarang nemuin buat chas palingga di pinggir jalan ada itu yang buat motor tapi yang SPKLU jangan yang SPLU,APLIKASI
Lapor selalu lama respon nya gk guna aplikasi ini,LAYANAN
Aju migerasi nonsubsidi jadi subsidi malah tolak sebener e guna apa gk aplikasi ini,LAYANAN
"KWH meter di ganti, tapi pulsa tidak kembali ulp pancurbatu, pelayana kurang",LAYANAN
Aplikasi terlalu ruwet,UMUM
"Di daerah saya tepat di tatah mangkih laut,kab banjar, tiap hujan pasti spaning rendah,dimohon pihak kait agar segera di tindak lanjut untuk masalah ini, soal sering sekali tidak ada penganan yang serius",LAYANAN
"Buat komplain di applikasi selalu batal oleh teknisi dengan alas sudah solved, tidak jujur san amanah. no lapor selalu minta isi harus ada pilih no lapor yang pernah buat jadi tidak perlu keluar menu buat nyari no lapor rumit",LAYANAN
Telah perbarui tidak bisa di buka tulis rooting-nomer-nomer,APLIKASI
"Tidak jelas sudah pengaduan dari jam 1 siang sampe sekarang belum ada tindak info bahwa jadwal sedang padat terus woy ini saya tidak bisa ngapa mengapa di rumah sampe malam saat ini pukul 23.59. tidak mandi panas, ada anak bayi panas yang benar saja ya kali saya sewa hotel 1 hari buat agak anak bayi tidak rewel",LAYANAN
Untuk tangan mati listrik lambat. tidak laku kece cara kala untuk lokasi yang sering mati. tolong diperbaiki sistem,LAYANAN
"Aplikasi apa ini saya punya saldo PLN mobile tapi tidak bisa di gunain, kalau aplikasi belum suport pakai saldo PLN mobile tidak usah di adain",UMUM
Layan kurang gercep.,LAYANAN
"Aplikasi bagus sederhana cukup lengkap. namun layan pegawai tidak responsif, pengaduan 4 kali lebih tidak ada tanggap dan auto selesai sedang masalah belum selesai. cs sudah ganti 10 x tetapi hasil sama tunggu lagi buat pengaduan lagi dan tidak ada hasil lagi",LAYANAN
Repound saldo sudah 2 bulan belum juga balik banyak korupsi pegawai nya.,APLIKASI
"Tangan lama, estimasi 3 jam tapi sudah lewat 3 jam belum ada respon baik fix yang nilai bintang 5 rata pesan template semua, kira netijen tidak bisa nilai apa ya",LAYANAN
"Tolol tolol pelayanannya,mau tambah daya saja rumit banget nga ada jawaban,biarin aje saya suntik kabel dari tiang,",APLIKASI
Aplikasi sekarang lambat buat bayar tagihan listrik selalu kadaluwarsa. tidak dapat langsung hubung dengan dompet digital. bintang saya turun dulu sampai aplikasi normal seperti dulu,APLIKASI
Saya dulu pakai prabayar terus pindah ke token nyata bayar lebih mahal saya kira sama untuk saya bagai pensiun rasa berat ada gk nggih token yang lebih murah,UMUM
Tidak pengaruh apa-apa,UMUM
Lambat,UMUM
Saldo saya tidak balik lgi karena saya ganti nmor telepon.prosesnya rumit mesti cetak form cara manual.d jaman serba digital kom maaih ada sistem kerja seperti itu,APLIKASI
"Unreliable app, sulit dapat location dan charge",APLIKASI
"Aplikasi lambat poll buat login, padahal dulu sering bayar listrik lewat aplikasi ini karena lebih murah malah suruh login ulang sudah gitu pas login pake nmr hp lambat poll tidak bisa login samsek",APLIKASI
"Aplikasi bagus, jika ada komplain langsung jawab tapi pasang listrik baru via PLN mobile lama sekali, tidak ada sla di tiap tahap proses, tanya ke cs gaada yang tau, pasang via btl langsung jadi. tolong buat sla yang jelas ke unit survey, NIDI SLO dst.",LAYANAN
Live chat selalu sibuk,APLIKASI
"PLN aek kota batu labuh batu utara sumatera utara sering mati lampu bolak balek tahun tahun. tolong kalian perbaiki sistem PLN kalian, dan kalau sudah mati lampu mau pengaduan PLN mobile tidak fungsi",LAYANAN
Layan jelek,UMUM
"Layan baik,respon dari operator sigap bagus tahan",UMUM
"Aplikasi nya parah banget layan kurang, masa pasang listrik lewat aplikasi ini tanggal 25 maret sampai 14 april belum pasang harus PLN sedia material kan PLN milik negara masa gakebeli stok matrial nya,",LAYANAN
"Ganti mcb karena loncer, sama tugas PLN suruh nunggu 15 hari dan mcb kita ganti sementara pakai merk broco. tidak sampe 15 hari barang mcb nya datang yang rumah ada istri, tugas PLN malah salah istri karena mcb nya bukan asli dan tugas PLN padahal terang-terangan ganti mcb sementara sama tugas belum dan kata yang sekarang mcb yang sekarang resmi PLN tapi saya rada ragu juga. soal tugas belum dan yang sekarang nakal nembak nawarin mcb dengan harga fantastis.",LAYANAN
Sudah ulang kali padam listrik hanya 3 rumah saja. arti lama ini tugas dtg belum tuntas belum selesai masalah skr masih tetap kumat lagi. yang benerla sedikit kalau kerja jgn bikin konsumen marah,LAYANAN
"Layan lamaa, sering mati listrik tabpa pemberitahuan di app.",APLIKASI
"Beli token saja susah amat, sana tidak bisa sini tidak bisa",APLIKASI
"Layan buruk. usaha monopoli, sistem asal 2 an. jam 1 pagi masih saja tidak bisa isi token. tolol",APLIKASI
Konyol,UMUM
"Tingkatin layan nya sesuai informasi, masa sudah jam 01 31 masih pelihara ajah, mau isi token susah, sudah KWH nya kalau mau habis token nya kaga bunyi buzzer nya",APLIKASI
"Mati listrik dari seblm magrib sampe tengah 3 pgi belum hidup, sudah lapor d aplijasi tapi tidak ada tindak malah lapor d retrun, lapor kembali bilang sudah nyala tapi kenayatanya masih mati listrik, sangat kecewa sekali PLN",LAYANAN
Kok malah mundur ya jadi lama untuk daftar,APLIKASI
Lebih cepat datang ke kantor dekat,LAYANAN
"Gagal ngecharge mobil, refund saldo lamaa tidak masuk masuk ke rekening",APLIKASI
Perlu tingkat,APLIKASI
Kenapa ini tidak bisa log in? sudah lama banget nunggu loading terus...,APLIKASI
Aplikasi nya rumit sudah pasang macem wallet tapi karena responnya luama akhir tidak bisa masuk-masuk wallet buat bayar. singkat tidak ada guna saja pake macam metode pembayaran kalau tidak bisa dipake.,APLIKASI
Mohon maaf belum untuk layan restitusi turut saya sangat bertele-bertele alias lambat bisa makan waktu kurang lebih 1 bulan paling cepat. sedang sekarang zaman sistem digital. terus 1 lagi untuk daftar di aplikasi mobil mohon lebih lengkap lagi fitur jika memang tempat ibadah hilang nik atau kasih terang lain. masak nama konsumen mushola sedang nik pemohon...jika seperti itu kasih terang yang jelas atau tunjuk,LAYANAN
"Tempat kurang nyaman lokasi cas buat rw tidak tutup kanopi, karena kalau hujan bisa kena hujan, beda sama lokasi SPKLU yang pernah saya kunjung tutup kanopi tidak di anak tiri sama kendara r 4.harus ada baik lokasi buat cas r 2 dan ruang tunggu yang nyaman buat langgan SPKLU",LAYANAN
Saya aju mohon izin sementara untuk nikah anak saya,LAYANAN
Aplikasi ko sibuk terus padahal bumn,UMUM
"Proses ubah daya sangat lama, sedang kalau hubung tugas PLN langsung, 1 hari langsung di proses dan di kerja tapi dengan biaya 2 kali lipat. pihak PLN tolong di perbaiki sistem kerja seperti ini",LAYANAN
"Responya lama amat, ujung 2 nya bisa pakai,calo kalau lambat gini",LAYANAN
Sekarang tidak bisa lapor untuk tempat lain,APLIKASI
"Mati lampu terus daerah saya, sebal hampir tiap hari tanpa memberitahu, kek yang kerja anak maggang semua",LAYANAN
"Di google dan atur mana jam layan loket PLN jam 08 00 - 16 00 tapi fakta 14 00 dan tutup alhasil saya yang dateng lebih dri itu yang luang ijin pulang duluan jam 15 00 misal demi urus keluh eh loket layan sudah tutup, alhasil harus besok, pdhal layan tengah tengah asli sumpah kecewa banget.",UMUM
"Jelek, csnya lambat kek siput",LAYANAN
"Topup saldo mau niat beli token malah tidak ada menu pembayaran lewat saldo yang sudah di topup... buat apa ada fitur topup saldo, cuman bisa pakai pas charge mobil listrik doang",APLIKASI
Slow respon dalam layan tindak lanjut keluh customer kait madam listrik,LAYANAN
Tolong kasih tau cara sesuai angka meter jalan di aplikasi dengan angka yang di meter rumah. karena angka di aplikasi jauh lampau angka di meter dan itu sangat resah saya sbg langgan PLN yang tidak pernah telat bayar listrik tiap bulan,APLIKASI
"Aplikasi yang sangat buruk, buang duit negara. mau beli token saja susah dan lambat",APLIKASI
"Aplikasi sudah bagus, tapi respon kait pengaduan sangat lama. cs hanya jawab mohon di tunggu tugas lapang dan saya sudah tunggu lebih dari 24 jam tidak ada satu tugas yang datang untuk ecek",LAYANAN
Tidak jelas banget birokrasi nya,UMUM
"Mau daftar saja susah minta ampuun. verifikasi lewat wa masi aman, lanjut verifikasi email mulai ngaco, tiap buka gmail buat liat kode verifikasi pas balik lagi ke apl nya malah sudah ke tutup. ujung-ujung ngulang dari awal lagi. gitu saja terus sampai bikin emosi. yang bikin apl nya kurang pro.",APLIKASI
Saya sudah ganti meter listrik tak fungsi di panggil orang nya tak mau datang tak tanggung jawab... apa karena tak ada uang nya kami ni orang susah jangan di susah kan... kami bayar tiap bulan... kelian yang ganti. harus nya di panggil datang... jangan buat masyarakat susah hidup ni da susah.,LAYANAN
Layan lama,LAYANAN
Pasang home charging sulit... optional tidak guna harus lengkap... ayo bikin sesuai dengan yang hendak negara...,APLIKASI
Guna saldo refund itu apa.kalo trx kadalwarsa beberapa hari kemudian sukses motong saldo,APLIKASI
Aplikasi nya lambat l,UMUM
"Layan lama, aplikasi sering error sering gangguan, dan proses layan bukan makin mudah malah makin sulit.",LAYANAN
Lambat,LAYANAN
6 kali pengaduan. tidak ditindaklanjuti. gimanaa,LAYANAN
Mbc tidak fungsi nunggu operator terlalu lama sudah 3 jam nunggu belum datang-datang,LAYANAN
Payah layan PLN mobile gk ada solusi saat butuh,LAYANAN
Reinstall aplikasi tapi malah tidak bisa login kata email sudah daftar kalau ikutin cara yang sedia di aplikasi harus ada tombol ini malah paksa untuk ngelick erti,APLIKASI
"Ni token sudah bayar tapi masi tulis belum lunas, tolong pelihara sistem kan masi lama tengah malem, ni pagi-pagi sudah error saja kacau banget ni app, plislah",APLIKASI
Lambat,UMUM
PLN diri kota sangat lambat untuk ada pasang baru dan luas 1 tiang 1 bulan ebih,LAYANAN
Kok tidak bisa aju home charging via aplikasi? layar ngefreeze dan hanya ada untuk 3 fasa dan paket lengkap.,UMUM
Layan untuk mobil listrik kenapa hapus untuk buat KWH baru saja? pilih cm ada paket lengkap dengan wall charger. hadeh bumn tidak mau rugi amat masa yang sudah kasih wall charger dari merk mobil nya tidak bisa pasang KWH baru. hadehh bumn PLN tidak mau rugi amat.,APLIKASI
"Aplikasi bagus, jika ada komplain langsung jawab tapi pasang listrik baru via PLN mobile lama sekali, tidak ada sla di tiap tahap proses, tanya ke cs gaada yang tau, pasang via btl langsung jadi. tolong buat sla yang jelas ke unit survey, NIDI SLO dst. apakah benar PLN habis kabel?",LAYANAN
"Jelek banget sudah tidak bisa download invoice, laku lapor pake live chat kalau ada pembayaran yang masalah walau saldo tidak potong bukan cek malah disaranin pake pembayaran lain, hadeh kan saldo saya sekarang cuma ada bayar yang masalah rumit tau pindah-pindah saldo.",APLIKASI
Lanjut,UMUM
Lambat kali buka aplikasi nya tolong di perbarui lagi,UMUM
"Sudah 1 minggu pengaduan listrik padam, tidak ada 1 tugas datang untuk cek gangguan listrik. sampai sskarang belum nyala pembayaran listrik lunas",LAYANAN
Lambat,UMUM
"Worst customer service on earth. power down since 16 april 2026. reported immediately. every live agent repeats the same scripted nonsense like a parrot koordinasi segera 36 hours later, still no power and still no eta. we re not asking for miracles just an estimated restoration time so we can plan relocate, save the fridge, book a hotel. but agents are either untrained or not allowed to share any real information. useless app, useless support.",LAYANAN
"Gila kelas PLN yang sudah monopoli listrik app lambat g boss d pake.jg banyak korupsi maknnya,",UMUM
"Ngecek id langgan saja tidak bisa... masa data tidak temu terus. padahal beli token di counter dan lalu atm, masukin id langgan yang sama, bisa ke baca. di aplikasi tidak ke baca.",APLIKASI
PLN mobile sekarng kesini y bikin susah verefikasi saja harus tunggu 2 atau 3 hari kerja.makin jelek sekarng PLN mobile,APLIKASI
"Jelek banget sudah tidak bisa download invoice, laku lapor pake apa selalu henti di cs yang jawab template, bukan di lapor ke pihak teknis seperti bagi developer/programer yang sangkut hadeh, yang bales review ini juga sama templatenya mending tidak usah direspon sekali",APLIKASI
Tangan lama,LAYANAN
Apl taek,UMUM
PLN tulungagung sangat istimewa lapor gangguan karena hanya rumah saya yang padam KWH meter lampu indikator tidak nyala dan 41 enter keluar 0 tanggal 16 april 2026 jam 19 00 wib pada jam 20 00 ada wa masuk mengatasnamakan tugas layan gangguan PLN dengan isi wa akan kerja sesuau urut dan pada aplikasi akan di perbarui nyala sementara padahal mereka tidak pernah datang menanggani dan pada 17 april 2026 jam 21 44 wa lagi minta info apakah sudah nyala apa belum. tanpa pernah datang,LAYANAN
"Ngadain promo dan pemabyaran di aplikasi, tapi tidak bisa ke proses, halaman balik terus ke hamalaman mula maksud apa kelas perintah lohh ini aplikasi jelek banget ngerepotin dan habasin waktu orang. pleaselah",APLIKASI
"Hadeh mau pake aplikasi ini aja,mau daftar masuk,pas waktu nunggu kode dari gmail aja,ga masuk-masuk kode hadehh.mana lampu mati tengah malam lagi ya ampun.",APLIKASI
"Cape saya tuh,masa ketika proses tambah daya,disitu suruh foto kk,setelah foto balik ke halaman awal,mulai dari awal lagi,gitu terus sampek 7 x,giliran saya ambil dari galeri ingat file terlalu besar,hadeh capek...benerin aplikasinya,omzet anda gede kan,monopoli kan tidak ada usaha lain lagi kan di listrik",APLIKASI
"Kak walid, belum mimin mohon maaf atas hambat yang sempat jadi mimin siap tingkat lagi fitur layan SPKLU agar makin optimal untuk nyaman plgn. jk ada kendala tentang SPKLU kk bisa hub hotlinenya di 08712123. jk perlu bantu lain, jgn sungkan hub cs mimin via fitur live chat, agar mimin dapat ikan solusi yang kk butuh tks. -mf",LAYANAN
Aplikasi buruk. najis...milik bumn. tapi cuma aplikasi selalu susah buat transaksi beli token listrik via PLN mobile. najiss,APLIKASI
Ok,UMUM
"Kecewa dengan layan PLN unit, masa hampir bulan buat mohon tapi belum verifikasi unit.",APLIKASI
"Migrasi dari non subsidi ke subsidi belum ada kabar, padahal ktp sudah dapt subsidi",LAYANAN
"Payah.lemot servernya, lola alias loading lama.iming iming tingkat layan hanya formala saja",UMUM
"Nilai ini saya ubah dari bintang 1 ke bintang 5 sesuai dengan kerja dalam atas atau tanggap masalah serta keluh dari langgan terima kasih PLN atas perhati penuh kepada langgan hingga datang ke rumah dan bicara sama kena keluh dan nilai dari langgan moga ke depan ada tingkat untuk lebih baik lagi. edit tugas lapang PLN sudah bagus dalam beri tangan langsung, hanya saja respon dari agen perlu tingkat dan diperbaiki.",LAYANAN
"Bukan aplikasi tapi beli tokennya makin aneh baru saja ganti mcb saya belikan token lewat m-banking,stroomnya gagal terus pas saya beliin langsung lewat PLN mobile malah baru bisa hilang sudah 50 k",APLIKASI
Aplikasi bosok.perusahaan bumn parah layanannya.udah live chat tapi respon lama sekali,LAYANAN
"Layan lambat, tanggap cuma telpon dari tugas tapi tidak ada tindak sampai sekarang belum tanggap sudah 2 tahun",LAYANAN
Layan lama sekali,LAYANAN
Perbarui terus. mau login jadi makin susah,APLIKASI
"Kontak PLN wa tidak ada respon, janjane layan pengaduan pora?",LAYANAN
UI nya buruk banget,UMUM
"Beberapa kali saya laku pengaduan, beberapa klai juga konfirmasi nya sudah laksana namun nyata nya tidak ada belum ada tugas yang datang!",LAYANAN
Banyak mobil di SPKLU banjarmasin yang sudah selesai isi namun mobil masih parkir sehingga tidak bisa guna guna lain.,APLIKASI
Harus no adu di ikan kpd mekanik PLN agar lebih cepat n lancar dalam laksana tugas,LAYANAN
"Kemaren aku sudah pake aplikasi ini pas mau geser meter terus ada tugas datang kata dia tangan baik saja. akhir kita suruh ke kantor, sudah disurvey tinggal tunggu no pembayaran tapi kenapa sampai 1 minggu tidak ada informasi lanjut ya",LAYANAN
Tangan payah lambat,LAYANAN
Charger error lom ngecas saldo hilang dan tak kembali ke refound /nyangkut x juta.n guna kalau nyangkut saldo 50 k x juta. n guna wow menang banyak PLN kusut,APLIKASI
Aplikasi tidak jelas makin mahal saja,APLIKASI
"Aplikasi nya bagus tapi PLN nya jelek, sudah mahal sering mati pula. mudah 2 an besok ada pihak swasta untuk supply listrik di indonesia. listrik makin mahal layan dan kualitas makin jelek.",LAYANAN
Tugas lambat datang buat lapor dari malam sampai sore esok tak kunjung datang,LAYANAN
Pembayaran gagal tapi duit yang di refund-refund hadehh,APLIKASI
Lag,UMUM
Diskoun tambah daya tidak logis dan tidak untung dengan syarat-syarat yang tidak untung,LAYANAN
Lambat,UMUM
Kolom vocer discount cuman pajang,APLIKASI
Selalu muncul cari koneksi internet. dan pop up itu tidak bisa di tutup. sebal,UMUM
Saya lalu lapor dengan no lapor yang sudah 3 kali beda saya ingin refund dana saya. dari tanggal 3 april 2026 hingga saat ini 19 april 2026 tidak ada jelas tolong professionalitasnya! saya tunggu itikad baik perbaiki kerja admin yang sangat tidak professional,APLIKASI
Pelayaan dan balas chat kurang ramah dan semenaa mana kayak sok sibuk sendiri saja bintang,LAYANAN
Parah ini layanan.lama,LAYANAN
Hallo. trafo di daerah kami tiap minggu bakar bagaimana layan PLN apa tidak ada solusi... lokasi kami di desa sungai sirih jalur 6 kec. singingi kab. antan singingi riau...,LAYANAN
"Aju balik nama tidak ada respon, sudah satu bulan lebih.",LAYANAN
Lama bangat kembali saldo ke rekening bank!,APLIKASI
Moga di beri hidayah dan jadi lebih baik depan jangan kalah sama koruptor,UMUM
"Fitur live chat tidak jelas waktu 20 menit cuma buat baca tulis reconnecting, customer disconnected from chat. mana aju lapor tidak selesai malah di suruh cek atur jaring",APLIKASI
Riwayat beli token listrik tidak terupdate sepenuh alami delay,APLIKASI
"Kenapa proses pasang baru wilayah pekanbaru lama betul, sampai sekarang belum pasang apakah mereka tidak kerja dengan baik",LAYANAN
Pasang baru lalu aplikasi sudah bayar 2 minggu yang lalu belum nyala.yang baru 2 sampai 3 hari bayar sudah nyala juga ada dalam waktu bersamaan...sudah layang pengaduan juga 3 kali cuma direspon segera direalisasi.bingung sama managemen layan,LAYANAN
"Nik saya dapat subsidi listrik, tapi di pakai orang lain,bagaimana cara ecek",LAYANAN
"Saya laku pasang baru sudah 2 minggu tidak ada respon dari PLN unit, saya komplain hanya suruh tunggu tanpa pasti",LAYANAN
Layan buruk banget pengaduan w di batalin terus,LAYANAN
Sering mati lampu bayar gapernah telat,LAYANAN
"Tolong server diperbaiki, mau charging saja ada unjung penuh gmna pusing",APLIKASI
PLN makin baik,UMUM
Sudah bayar status pembayaran belum ubah chat admin respon lama buruk,APLIKASI
"After updating apps, error stuck on login page after input phone number and submit button just gray for so long... perbarui after clear cache and ensure internet connection, still stuck same error... i wonder why. perbarui after self troubleshooting, issue is happen when connect using my wifi provider viberlink but when connection change using mobile data cellular, there is no errors. hm...",APLIKASI
Loba nipu na ka masyarkat rudet,UMUM
"PLN pekanbaru tidak kerja dengan baik, pasang baru KWH sampai saat ini belum pasang ini kalau tidak proporsional",LAYANAN
Jancook. bikin lapor selalu gagal,APLIKASI
Komplain 6 jam tidak ada solusi,LAYANAN
"Tolong! kembali dana kami, saya pasang PLN di rumah guna aplikasi... dana sudah saya transfer, tiba-tiba aju saya di batal lalu aplikasi ini, dan saat saya minta kembali dana. dana tidak di kembali dengan bagai alas dana saya besar 1.6 juta. sudah bulan lebih dana saya belum di kembali pokok saya viralkan di semua sosmed saya. saya minta pihak PLN tanggung jawab!",LAYANAN
Periksa terus tolol,LAYANAN
"Cara kerja PLN tangan tiket pengaduan sangat buruk, masalah belum selesai tapi tiket bisa ditutup/diselesaikan, terus chat cs malah buat tiket baru. apakah cara kerja PLN seperti ini? agar nilai kerja karyawan yang tangan bagus, makanya tiket bisa ditutup/diselesaikan suka hati. tanya sop kerja tiket bagaimana, tapi cs malah jawab akan kami follow up ke unit kait lagi, asa chat sama robot",LAYANAN
Aneh! kenapa wajib make nomor hp? saya pdhal sudah ad akun make email sblumny. mkin lm mkin aneh,APLIKASI
Kek mana mau login saja susah kali,APLIKASI
Sudah 1 minggu aplikasi tidak bisa kirim pengaduan. mending hapus saja kalau tidak di perbaiki,APLIKASI
Sudah transaksi tapi notifasi tunggu pembayaran. paksa harus rugi karena bayar 2 kali. transaksi ke-2 yang hasil hubung csnya cuman jawab robot semua.,APLIKASI
"Bagaimana ini aplikasi PLN beli token 100 rb sudah bayar di brimo, sudah dapet email juga, tapi kok di aplikasi masih tunggu pembayaran, mau lapor live chat juga tidak bisa",APLIKASI
Aplikasi sampah. sangat tidak rekomendasi beli token dan guna aplikasi sampah ini.,APLIKASI
Halo min sudah lapor lewat PLN mobile dm instagram telepon 123 email juga tapi masih belum ada baik dari PLN kamis 12 jam jumat sabtu senin 4 malam turut turut listrik padam apakah akan langsung tiap malam seperti ini?,LAYANAN
PLN tempek asu kok kabeh operator e ruwe,UMUM
"Sering ada masalah transaksi, dan cs-nya sangat lambat memang kalian kerja 24 jam tidak ada shift, kok cs-nya sampe tidur",LAYANAN
"Kok bisa rating apps bagus, mau pasang baru error terus v 007 gagal. coba kala bikin cape habis ber jam jam",UMUM
Knpaa sudah lewat jam 1 masih belum bisa beli pulsa listrikk,APLIKASI
"Respon chat lama,aplikasi sering eror,pengajuan pindah daya tidak kunjung datang sampek akhir isi token tidak bisa ujung listrik padam,sudah input data di aplikasi malah nyasar ke lombok,telpon nyata salah input,becuss tidak si punya aplikasi, sungguh repot",LAYANAN
Monyet mati lampu terus,LAYANAN
"Bikin pengaduan 00.30, tugas tidak dateng. sudah jam 05.30 rumah saya tetap padam, tidak bisa bikin pengaduan karena jam di aplikasi belum 03.30? jam PLN ngikut negera mana? ayah saya nungguin dari tengah malem, tugas mana salah alamat? kesasar? atau bikin lapor palsu di aplikasi bilang nyala sementara, kapan? tugas saja tidak ngecek ke rumah saya! batere tinggal 1 marah marah marah sudah dm twitter, bapak saya juga sudah telepon 123. dasar monopoli, mentang-mentang PLN sini kaga punya saing",LAYANAN
"Tolong untuk team PLN harap perhati untuk bekas utara atau khusus area perwira kenapa sering mati lampu...saya sampai tidak bisa mandi dan anak saya tidak bisa tidur karena kepanasan,hal hasil saya besok nya tidak kerja dan anak saya tidak sekolah...janji 3 jam nyata lebih jam 5 subuh luar biasa PLN bagus",LAYANAN
"Bagai mana cara isi saldo di PLN mo, apakah bisa lewat aplikasi dana",UMUM
"Konektivitas buruk, sering tidak bisa sambung dengan SPKLU status juga sering tidak sama di charger masih charge, di aplikasi tidak hubung dan balik lag all the time, harus restart hp kalau sudah bolak balik tidak hubung ke charger. percuma fitur agam bahkan sampai jual EV perbaiki saja dulu, masih kalah jauh dengan aplikasi SPKLU milik swasta",APLIKASI
Mohon untuk tangan lebih optimal dan sangat ganggu aktifitas,LAYANAN
Rumit,UMUM
Kenapa lambat banget,UMUM
"Kurang aplikasi lambat dan berat. lalu tidak ada history chat. lalu kalau chat itu harus standby di aplikasi, keluar ke aplikasi lain bentar saja langsung disconnect dan langung di end chat sama cs nya, di minimize tidak bisa chatnya. padahal kita kadang lama nunggu balesan cs nya. moga bisa better buat aplikasi seluruh rakyat indonesia",LAYANAN
"Sudah lebih baik, banyak titik-titik SPKLU",LAYANAN
"Saya buat 3 x pengaduan untuk geser kabel yang lintas tanah saya karena akan buat bangun 2 lt. lapor ke 1 hanya hubung kalau tugas tidak ada, tunggu 4 hari tidak ada info. lapor ke 2, datang tugas survey, lalu status kasus selesai tanpa info yang jelas apa dan berapa lama proses lapor tiga saya buat hari ini tgl 21/04/2026 kita lihat seperti apa kerja nya. sop tidak jelas, tiba-tiba kasus selesai. tambah notifikasi status menu/tombol konfirmasi customer kait kerja selesai.",LAYANAN
Sangat tidak bantu bikin lapor tidak sesuai meter sama tagihan gaa ada tugas yang dateng untuk ngecek tau tau selesai tangan di cek tagihan masih belm ubah tlp PLN 123 juga cuma ngabisin pulsa!,LAYANAN
Kak maaf matlam lagi daerah wanaherang mohon sampe sekarang belum idup? ada bayi pada nang maaf tolong diperbaiki... mohon terima kasih kk maaf saya kasih bintang dua soal biar baca mohon kecewa,LAYANAN
Tugas catat KWH meter tidak sesuai dengan angka yang ada di meter sebab pembayaran tagihan besar,LAYANAN
"No wasap tidak bisa? live agent busy bagaimana cerita saya mau ngadu tidak bisa, stand by 24 jam kamu tambah agent nya",APLIKASI
Tolong SPKLU keramat jati di perbaiki r 2 nya. sudah 1 minggu 4 soket error tapi belum ada baik juga,LAYANAN
Woi kemaren malam listrik sudah mati sampai pagi ini mati lagi sore kalau kerja yang benar kocak,LAYANAN
Telpon PLN masih pakai pulsa haduh,UMUM
"Layan sangat kecewa bolak balik padam, saat kami sangat butuh alir listrik. bobrok. marah",LAYANAN
Layan sampah upt rumbai 3 kali lapor tidak ada tanggap,LAYANAN
Sudah tunggu 3 jam tidak ada selesai,LAYANAN
Aplikasi sering ke close sendiri. dan tanggap juga sangat slow dari pihak PLN kait,UMUM
Perbaiki dulu verifikasi nomor hp. masa mau verifikasi nomor hp saja gagal terus padahal tera nya anda belum verifikasi nomor hp di bilang tidak boleh samah,APLIKASI
Lapor lewat aplikasi PLN mobil tapi status tiba tiba sudah selesai d kerja padahal tugas belum dtang ke rumah. apakah tugas mau santai santai biar d kira kerja,LAYANAN
Aplikasi selalu masalah,UMUM
Nomor handphone saya bocor kepada oknum tipu yang aku dari pihak PLN namun coba retas akun wa saya dengan minta kode OTP,UMUM
"Layan tugas yang sangat buruk, tidak ada satu tugas yang datang ecek listrik sampai saya pengaduan 2 x tetep sama saja semua pesan saya di selesai oleh tugas dalam 2 jam kurang",LAYANAN
Aplikasi kocak. lapor gangguan bisa di close tanpa konfirmasi ke user dan tanpa notifikasi di aplikasi,LAYANAN
"Sengaja instal ini aplikasi buat komplen daerah babelan bekas di wpu nya sering mati lampu kalau malem, sakit jiwa kamu dzolim kamu orang mah malem mau ngadem tidur kamu matiin lampu mlm ya b 2",LAYANAN
Gajelas instansi tergajelas mati lampu tanpa sebab,LAYANAN
Sudah pengaduan dari siang sampe malem masih juga gaada tindak,LAYANAN
"Saya lapor keluh tegang listrik, sudah terima dngn baik tapi 1 jam kmudian batal pihak dngan alas nomor langgan tidak bisa hubung pdahl tidak ada wa SMS atau tlfn yang masuk.! lawak saya bayar loh...! lngsung lapor sama tugas bilang lewat aplikasi gilir lewat aplikasi dibatalin pihak makan gaji buta!",LAYANAN
Error third party blalbla,UMUM
"Sekitar kabupaten kendal, utama kaliwungu. tolong sering-sering dari pusat adakan audit ya. kok hobby banget mati listrik ntah apa kendala 2026 uda canggih begini, minggu sekali rutin mati listrik. tahun lalu malah parah, bulan bisa 10 x mati. buruk sekali kualitas nya. tugas lumayan gercep tapi ini baik yang untuk cegah mati listrik supaya minim itu apa gaada evaluasi? kecuali kena angin puting beliung badai halilintar wajar. gaada angin, gaada hujan kok mati.",LAYANAN
Aplikasi macam apa ini,UMUM
Tidak guna!,UMUM
"Tidak guna, slow respon",LAYANAN
Sayang atur yang beri PLN rayon barus tidak puas susah langgan kata putus yang tunggak lama 3 bulan padahal bongkar rampung. surat tidak ada surat tagihan tidak ada lama berapa bulan kata sudah antar rupa nol. tiba langsung bongkar telah laku anti baru nyata lampu langgan sebut tidak hidup lagi .sangat mengecewakan.pelayanan PLN barus.,LAYANAN
"Jelek banget, waktu lapor pengaduan listrik mati, aplikasi muter terus kesan jaring jelek padahal buka aplikasi lain lancar...",APLIKASI
"Lapor pengaduan listrik padam, loading terus",APLIKASI
Menu pengaduan listriik padam tidak bisa di pakai,APLIKASI
Saya pasang listrik sudah bulan masih belum d pasang alas kabel habis ini bagaimana PLN tidak ada pasti saat ini PLN cibatu garut. sedang pembayaran sudah lunas.,LAYANAN
"Guna motor listrik makin banyak, layan makin buruk, semua stasiun SPKLU banyak yang rusak, kalau ente kurang orang tambah karyawannya. ini layan publik jangan asal dalam beri layan kalau tidak sanggup mundur biar vendor lain yang ganti usaha anda",LAYANAN
"Kalau sudah tidak sanggup kerja sama dengan PLN mundur saja biar vendor lain yang ganti makin lama layan makin hancur, aplikasi error tempat ngecas rusak. mau sampai kapan jadi seperti ini terus lanjut",LAYANAN
"Sampai kapan SPKLU mati saya sudah 6 jam tunggu namun belum,ada jelas",LAYANAN
"Tingkatin layan agar kami tidak kecewa, tiap hari sering error tidak aplikasi tidak tempat ngecas nya. sudah tahu guna motor listrik makin banyak mesti mikir bagaimana cara agar layan makin baik",LAYANAN
Layan di bekas sangat baik tapi untuk layan di lampung sangat kurang kena bahkan ketika kita komplain listrik padam tugas lapang sering tidak terima dan selalu emosi mohon pdhal kita wa baik-baik,LAYANAN
"Maintenance 1 atau 2 jam masih bisa di maklum, ini maintenance hampir 10 jam, dari malem hingga sekarang aplikasi r 2 nya tidak bisa di guna teknisi nya bagaimana ini? sudah 2 x seperti ini, kacau aplikasi PLN",APLIKASI
Tidak bisa buka ini aplikasi ngslin banget,UMUM
Aplikasi tidak jelas jgn guna saya pakai ini untuk lapor rusa rumah malah masuk telpn yang ngaku orng dri PLN dan suruh laku ini itu untuk konfirmasi. alhasil whatsapp saya bajak data guna aplikasi arti telah bocor ke pihak yang tidak tanggung jawab. awas tipu aplikasi bngst.,UMUM
"Saya selalu dapat error third party error, error simpan unit belum pilih - v 004 ketika saya lapor pengaduan padam. saya sudah isi semua form tapi tetap dapat error sebut minta tolong benah fitur ini sangat bantu apalagi di daerah saya langgan mati listrik.",APLIKASI
Saya laku isi token tgl 11 apr tapi terang gagal sedang saldo sudah potong sudah hubung tapi belum juga refund! perbarui sudah 3 x dapat no tiket dan fisimtai foto mutasi via email sampe sekarang saldo belum juga kembali,APLIKASI
"Aplikasi tipu ntah ada kerja sama dengan tipu atau memang data guna bocor tidak ngerti, yang jelas krna ada pihak yng atas nama PLN telah saya order dan minta kode segala macam. alhasil whatsapp saya di hack. awas tipu dengan aplikasi ini.",LAYANAN
Parah tugas PLN barang skring mcb di jual di patok suka apakah ada yang sama kaya saya,LAYANAN
"Layan lambat... tanya bertele-bertele,pdhl lapor sudah berkali-kali dari pagi...",LAYANAN
"Di daerah saya tiap hari mati lampu mal satu kali, tiap hari saya tegas lagi, lokasi ampana kota sansarino sulawesi tengah",LAYANAN
Kecewa karena lapor keluh pada unit PLN bung morowali di fitur pengaduan di batal pihak tanpa konfirmasi... layan yang buruk,LAYANAN
Masih kurang coba itu tiap SPLU di cek fungsi nya masih baik atw tidak dan di buat kan kanopi agar yng ngcas bisa agak nyaman,LAYANAN
"Pelyanan baik, aplikasi bagus. cuman tdi kami tmbah dya dri 900 ke 2200, yang ganti mcbnya sja. cover mcbnya tidak muat masih pasang sja paksa jdi kurang bgus. jdinya kurang aman kabel koneksi masih lihat sehrusnya otomatis yah,ga cuman mcb nya ganti tapi dirapihkan juga. moga ada baik karena hal ini sya kasih bintang satu dulu",LAYANAN
Voucher kata ada potong 50 gilir sudah beli token ngikutin langkah tagih tetap saja kasih bintang 1 soal bohong,LAYANAN
Pelayaan dan balas chat kurang ramah dan semenaa mana kayak sok sibuk sendiri saja bintang,LAYANAN
Dulu pengaduan tinggal kasih lokasi foto ada nanti pihak PLN nelpon untuk konfirmasi dan jelas situasi sekarang? pengaduan harus be email atau tlpn. dulu saya suka dan respect sama kerja PLN yang cepat tanggap. sekarang kok malah jadi gini.,LAYANAN
"Aku sudah sen keluh lewat aplikasi ini, dari kemarin siang sampe skarang tidak ada respon apa ini salah aplikasi atau oknum di daerah ku.",LAYANAN
"Pasang travo tidak benar bahaya warga, sering keluar listrik tegang tinggi sampai ada bunyi nya, tempat nya juga sangat dekat dengan rumah warga takut ada yang sambar listrik, kalau pas hujan sering ledak dan keluar listrik bahaya warga dan bikin warga trauma untuk lokasi nya di desa sindangjaya rt 13 rw 03, kec. tanggung kab. brebes moga pihak wenang dan bertanggungjawab bisa selesai masalah yang di hadap kami para warga note jangan sampai ada korban!",LAYANAN
Bijak sampah. negeri paok sulit rakyat. hubung listrik dengan email apa? di isi email nya malah tidak masuk pesan nya. aplikasi sampah!,APLIKASI
"Mau narik saldo lama banget proses nya, dan masih banyak lokasi cas yang belum perbarui",APLIKASI
"PLN daerah kabupaten muara enim minus mw lapor ke aplikasi juga percuma. lambat gera lampu padam lama. paling dinbalesin madam luas lah,apalah nyata dlapangan susah ada tugas gerak cepat respon. bintang 1/2 apa bila perlu. padahal lumbung energi tapi mati lampu ros",LAYANAN
Layan lambat...operator live chat a.n yulius tidak sopan.,LAYANAN
Layan buruk. cara kerja tidak pakenya akal.,LAYANAN
Aplikasi b saja,UMUM
Sama sekali tidak bantu,UMUM
"Woy. gua telp lagi bicara kenapa mati sendiri, di telpon lagi tidak bisa. gua chat juga ke aplikasi ini malah tiba-tiba disconnect. tolong layan perintah pada buruk banget ke rakyat malu 2 in saja ada apa begini tengah malem listrik rumah saya mati. dan mau dinaekin ledak",LAYANAN
Pengaduan padam lampu percuma juga respon lambat,LAYANAN
Respon tugas lambat listrik dirumahmati sudah 2 hari tugas PLN tetap tidak datang dan akhir suruh orang yang ngerti layan jelek PLN keluhah tidak tanggap walau sudah 2 kali pengaduan. gilir bayar telat listrik langsung mati.,LAYANAN
Dulu pengaduan tinggal kasih lokasi foto ada nanti pihak PLN nelpon untuk konfirmasi dan jelas situasi sekarang? pengaduan harus be email atau tlpn. dulu saya suka dan respect sama kerja PLN yang cepat tanggap. sekarang kok malah jadi gini. jangan bilang pakai fitur live chat ya. fitur kalian saja tidak ada yang nanggapin dengan tulis tidak sedia kalau fitur itu jalan dengan baik. tidak bakal saya nulis sini dengan kasih bintang 1.,LAYANAN
Voucher kata ada potong 50 gilir sudah beli token ngikutin langkah tagih tetap saja kasih bintang 1 soal bohong,LAYANAN
"Call center 123 nya buruk, tidak dengar keluh konsumen, belum selesai keluh sudah langsung mati telpon",LAYANAN
Aplikasi PLN mobil ini sangat mudah syaa akses pembayaran listrik atau adu ketika ada gangguan,UMUM
Layan yang kecewa sudah buat lapor gangguan di app telah hari ke 3 belum juga di layan oleh tugas malah lapor saya info nya saya yang batal padahal saya tidak batal dan tugas tidak kunjung hubung atau datang ke lokasi gangguan,LAYANAN
"Dulu ini pas pertama pake PLN mobile,,komplen lewat aplikasi langsung di atasi.skrng malah di abaikan...maunya apa lu,udah saya bayar",LAYANAN
"Mau lapor listrik padam saja tidak bisa pake aplikasi ini. keluar pop up suruh check koneksi internet, padahal pagernya sudah selesai diload. tolong perbaiki bug ini.",LAYANAN
"It now detect root and perhaps custom rom too, literally why?",APLIKASI
"Susah buat bikin pengaduan, begini layan di negri kita hahahahha",APLIKASI
Iya bantu untuk hal lain. tapi seperti biasa orang indonesia selalu undang komplain. lebih parah lgi terkadang aplikasi g bsa di buka,APLIKASI
Sekarang responnya lambat. pengaduan pasang baru yang lama dan hampir 3 bulan belum pasang padahal sudah bayar lunas di awal. sementara binrangnya saya kurang,LAYANAN
"Orang bayar listrik kudu tepat waktu, token listrik habis tidak ada kasih dispensasi token tambah kuota darurat buat kasih waktu beli token quota listrik... sekali tidak ada gempa, tidak ada petir, tidak ada perang, listrik mati mau kalian... sudah gitu minta orang pada erti dan di maklum kalau ada duit jgn langsung makan perut dulu, kalau bisa itu duit untung buat upgrade dulu. perut terus yang dipikirin kalean kapan mau maju, laper ajeh tidak bisa mikir, ape lagi kenyang",LAYANAN
Aplikasi ini telah tahan duit saya besar 1 jt beli token besar 1 jt saldo potong tapi di PLN mobile gagal dan sudah saya lapor. blom ada tindak tolong,APLIKASI
Sangat kecewa layan unit rangkasbitung. masa aju mohon PB di tolak dengan ket kesah tidak di tuju suruh kirim file dalam bentuk pdf. kenapa tidak di hub / di konfirmasi konsumen ya untuk di suruh kirim data / file dukung nya. lalu wa / suruh datang ke unit nya jangan main batal saja mohon nya. sangat kecewa layan ya. main batal saja tanpa konfirmasi hubung konsumen nya,LAYANAN
"PLN kecewa aplikasi ok, tetapi layan sedia listrik cara stabil tidak kami terima. panjang april 2026, bas kali kami harus komplain. minggu ini saja sudah 3 x madam tgl 21, 22, 23 april 2026. apakah ketika kami bayar wajib kami selalu tepat waktu, maka hak kami adalah madam listrik tiap hari?",LAYANAN
"Najis, rating doang sampe pake jasa buzzer",UMUM
App mas,UMUM
"Nilai ini saya ubah dari bintang 1 ke bintang 5 sesuai dengan kerja dalam atas atau tanggap masalah serta keluh dari langgan terima kasih PLN atas perhati penuh kepada langgan hingga datang ke rumah dan bicara sama kena keluh dan nilai dari langgan moga ke depan ada tingkat untuk lebih baik lagi. edit tugas lapang PLN sudah bagus dalam beri tangan langsung, hanya saja respon dari agen perlu tingkat dan diperbaiki.",APLIKASI
Agen sok sibuk semua,APLIKASI
Percuma ada aplikasi pengaduan tidak pernah di respon,LAYANAN
Aplikasi banyak bug.odingnya lama.,UMUM
Ada apa ini transaksi gagal transaksi terlalu besar mksdnya apa ya,APLIKASI
"Kali kali beli token di apps, semua tidak pernah langsung beres. pasti harus komplain ke livechat, email, baru bisa masuk kalau belum siap ada payment system di apps, mending matiin saja tidak bikin kesel customer, tidak bikin rumit cs mu. win win solution kan?",APLIKASI
"Susah, rumit selalu masalah cs nya robot",LAYANAN
"It now detect root and perhaps custom rom too, literally why? like for what?",APLIKASI
Tangan lambat!,LAYANAN
Tidak jelas tiket sudah ada 3 jam tugas tidak kunjung dateng,LAYANAN
"Saya aju pengaduan sudah sampai 3 kali bilang akan proses akan proses namun dari jam 11 siang hingga jam tengah 8 malam pun tidak ada tindak sama sekali, bahkan salah satu pengaduan di aplikasi ada yang batal pihak hadeuh",LAYANAN
Aplikasi lambat padahal jaring bagus tapi loading nya lama banget buruk buruk,UMUM
"Dalam 1 bulan ini aplikasi selalu error, mau beli token loadingnya sangat lama, padahal sinyal hp kenceng.",APLIKASI
"Saya tidak dapat login, padahal sblmnya sangat lancar",APLIKASI
Kalau mau pelihara itu jgn mlm-mlm! mlm itu wktu nya istirahat!,LAYANAN
Penanggannya lama saya buat lapor dipln mobile dari jam 11 siang baru dikabarin olh tugas jm 4 sore dari jam 11 siang ke 4 sore mana tugas nya. 5 jam tunggu tugas hub saya dalam ada listrik mati. masalah nya listrik mati total dan rumah ada anak kecil kecewa saya,LAYANAN
"Benar-benar kecewa sudah tlp sampai 3 x sudah lapor lewat aplikasi smpai 3 x d bilang suruh tunggu saya punya anak kecil kondisi dari sore lampu sudah tidak nyala knpa responya bisa lama sekali ber jam jam,percuma ada call 123,ada aplikasi PLN mobile tetapi masih nunggu lama dari jam 18 30 sampai jam.21 31 wib belum ada info dari teknisi yang mau ecek dan baik",LAYANAN
Aplikasi bagus tapi respon tugas dal tangan case langgan kurang cepat dan kurang tepat. lambat kali tangan sampah,LAYANAN
Aplikasi nya bagus yang lawas,UMUM
"Layan yang sangat buruk dan sangat lama, tolong di perbaiki lagi untuk semua karyawan nya",LAYANAN
"Saya tidak dapat login, padahal sblmnya sangat lancar. bantu lalu icon bentuk headset juga tidak ada yang bisa.",APLIKASI
"Mao ngumpulin data buat sebarin judol selubung apa bagaimana ini masa verifikasi email no hp maksa banget, bank saja asa tidak sampe kayak gtu tidak jadi ah takut",UMUM
"Sangat buruk sekali layan nya, sudah hari penuh tetapi tidak ada tangan nya sma sekali",LAYANAN
Aplikasi sampah sudah ada internet masih ada tulis gangguan,UMUM
"Aplikasi sampah maling, transaksi kadaluarsa tapi saldo sudah potong bagaimana cerita",APLIKASI
Chat sama operator tidak direspon,APLIKASI
Layan cs tidak ada sibuk terus,APLIKASI
Tiap masuk id langgan dan mau beli token coba lagi terus dari kemarin,APLIKASI
Aplikasi ini benar benar lemot.sudah laku beli token via bri virtual account tapi tidak muncul token nya...tetep saja di data aplikasi PLN nya muncul tagihan padahal di email sudah ada notifikasi dan di bri mobile nya juga sudah ada notif.makin kesini makin lambat,APLIKASI
Slow respon,LAYANAN
"Bayar tagihan susul tidak bisa apa min lewat aplikasi ini, KWH rumah mertua saya kena denda kata mcb ukur 3 ampere, yang harus 2 ampere 450 watt, padahal tidak pernah ganti mcb,.",APLIKASI
Sistem tidah baca pada akhir harus nlpn call center 123. habis pulsa saya.,LAYANAN
"Tugas ulp tidak kompeten. pengaduan kali kali lewat aplikasi maupun telp tidak tindak lanjut kapan KWH meter saya yang rusak ganti sejak rusak tgl 2 april saya sudah lapor 5 kali. 4 kali via aplikasi, 1 kali ke ulp tidak ada jelas",LAYANAN
Saya minta refund dana malah kasih nomor token. ini yang bodoh saya atau kalian ya? saya mungkin yang bodoh begitu percaya. perbaiki kerja admin yang sangat tidak professional dan tidak erti maksud customer. saya tidak akan pake lagi. bad apps!,APLIKASI
Tidak dapat subsidi tidak dapat diskon pula,LAYANAN
PLN mobile tidak boleh error harus,UMUM
Tidak pernah batalin pengaduan tiba-tiba status pengaduan batal oleh langgan luar biasa,LAYANAN
"Saya guna KWH ami tapi menu cek guna hari hilang dari PLN mobile, bisa jelas kenapa? apakah sudah tidak ada trnasparansi lagi dari PLN edit koneksi apa koneksi saya tidak kenapa kenapa mau pake simcard atau wifi isp juga sama saja",APLIKASI
"Parah,didaerah batas kota ini bener asa banget dibedainnya. dikit dikit mati lampu,trus yang bikin kesel gilir mati lampu kita buka aplikasi tapi slalu error sinyal aman bagaimana kita mau cari info penyabab dan estimasi waktu madam listrik dari jam 7 malem sampe jam 12 masih tidak hidup,giliran hidup langsung mati dan itu tidak 1 atau 2 x tapi lebih dari 3 x sampe barang elektronik 2 pcs rusak,dan ini lanjut sudah 3 hari begini terus padam tidak tanggung tanggung lebih dari 7 jam.",LAYANAN
Aplikasi sampah topup kena adm pas mau tarik harus minimal 25 rb pantes PLN rugi terus aplikasi tolol masih saja dipake. jajar idiot,APLIKASI
Aplikasi aneh sudah laku pembayaran malah kadaluwarsa mana saldo tidak di kembali pas di chat cs nya malah sistem gangguan coba lagi pas aju banding malah file kecil,APLIKASI
"Sudah beberapa hari akhir ini pengaduan listrik padam tidak bisa laku karena ada bug, di mana tiap saya tap kirim pengaduan ada error message third party error, error simpan unit belum pilih - v 004. tolong perbaiki bug ini karena sangat menganggu. saya sudah pakai dua device, error yang sama selalu keluar padahal kemarin-kemarin, dengan cara pengaduan yang sama, belum pernah jadi",APLIKASI
"Halo admin,terkait dengan SPKLU untuk mobil perlu di perbaiki lagi, utama untuk charging type ac 22 kw. banyak mesin sebut suka error ketika laku pembayaran atau pada saat mau charger. kami dukung program presiden untuk mobil listrik akan tetapi jika tiap ingin laku cas selalu alami kendala, kami jadi males untuk guna mobil listrik, lebih baik pakai mobil konvensional. saran kami sering di maintenance mesin lapang dan system. terimakasih.",LAYANAN
"Di daerah saya sering banget mati listrik se kolom, karena trafo rusak tapi belum di ganti, hampir tiap malam pasti listrik mati. mohon segera di perbaiki",LAYANAN
"Layan lambat, saya kirim pengaduan tetapi tidak ada respon yang cepat, 2 pengaduan saya di cancel. pengaduan pertama saya buat jam 19 22 tapi saya tunggu sampai jam tengah 10 tidak ada proses jalan ke rumah saya. pengaduan dua saya buat jam 21 56 dan sempat ada proses jalan jam 23 02 itu karena saya hubung lalu telpon SMS tetapi jam 00.08 tiba tiba saja di cancel. saya datang kesana langsung pada esok pun sama saja tidak ada tangan",LAYANAN
"Bagaimana si PLN sudah beberpa kali padam, dan harus ganti trafo malah tidak ada tindak lanjut ini lampu jalan juga jadi padam, rawan celaka jadi tolong segera ganti trafo alamat jalan raya desa karang gambas, camat padamara mohon segera! sudah beberapa kali ada celaka akibat lampu jalan sering mati!",LAYANAN
Muter-muter terus...keburu token habis payah,APLIKASI
Coba cek kembali di fitur pengaduan... ada urut mulai dari jam pengaduan - tugas regu - dapam jalan - dalam kerja sering kali tugas belum datang ke lokasi jadi tetapi riwayat status sudah pada dalam kerja percuma guna aplikasi real time kalau tim internal PLN tidak integrasi,LAYANAN
"Banyak error, isi token di aplikasi officialnya malah rusak aneh saja PLN",APLIKASI
"Mau beli dari aplikasi terus pilih metode bayar dari bsi mlah ngk bisa, pandu pembayaran sma yang d aplikasi ngk sma, aneh x.",APLIKASI
"Saya sudah laku pembayaran yang hasil namun riwayat transaksi tetap tidak muncul lunas beri token listrik, live chat tidak fungsi",APLIKASI
Respon lambat,LAYANAN
Pengaduan batal pihak oleh tugas voltase selalu rendah bawah 200 va. saya rasa percuma telp 123 dan ada aplikasi ini keluh bulan bulan tidak ada tindaklanjut,LAYANAN
"Baik KWH meter dulu jangan ganti lebih baik kece saja, ini punya saya baru di ganti - 2 bulan sudah mati pas dganti tulis error lagi mana ada bunyi",LAYANAN
Sangat puas atas layan ya,UMUM
Alam sangat buruk aju ubah daya tidak dapat responsif dan tindak yang jelas.,LAYANAN
Respon nya terlalu lama,LAYANAN
Download aplikasi supaya tidak rumit ke kantor untuk pasang baru tapi kata habis mcb kabel dan meterai padahal sudab 2 minggu aju,LAYANAN
Ini PLN bogor barat kurang tindak lanjut nya? sudah lapor lewat PLN moile sudah ada yang chat juga lewat whatsapp tapi cuma nanya saja sampe skarng tidak ada tindak lanjut nya... mau aktipitas juga tidak bisa listrik padam,LAYANAN
Lambat banget app nya,UMUM
"Ini sudah 2 malem listrik padam terus, bagaimana si ini PLN mohon segera di tindak lanjut ganti trafo mau di viralin apa bagaimana ini. alamat jln.raya desa karang gambas, camat padamara",LAYANAN
Gada solusi. listrik tetap mati,LAYANAN
"Sangat sulit token listrik sudah di bayar tetapi aplikasi nya alami bug sampai hubung pihak PLN nya nyata terlalu di putar putar, aplikasi yang harus mepermudah nyata sulit",APLIKASI
Bapuk,UMUM
Tidak bisa login sama sekali,APLIKASI
"Kok rumit banget ya, saldo PLN mobile sisa 50 ribu mau top up 30 ribu tidak bisa, harus ulang sesuai virtual account, kan bisa di kasih pilih bisa top up 20 ribu apa 30 ribu, iya kalau kita ada saldo di mbangking, kalau saldo pas pas banyak mobil listrik kan yang ngecas supir nya bukan yang punya mobil, pasti bapak-bapak dan ibu-ibu di PLN tidak pikir yampe di ke situ.",APLIKASI
"Slalu tugas dri luar kota di utus, tugas PLN di kota kmi kmn? aneh kali, tugas paling jauh yang di kirim sudah kurang gercep, aneh aneh",LAYANAN
Mau lapor pengaduan matlis error terus,APLIKASI
"Layan dimakassar masih perlu dimkasimalkan, slow respon",LAYANAN
"Selamat siang PLN mobil...izin tanya kenapa d daerah kami dari td mlm sampai siang ini alir listrik nya padam...?! beberapa hari yang lalu dari mlm sampai pagi alir listrik nya mati hidup - mati hidup...! ini...!? dari td mlm sampai siang ini masih juga padam...?! mohon untuk segera d hidup alir listrik d daerah kami... demikian, atas perhati kami ucap terimakasih...ma af kali ini kami sangat - sangat kecewa dengan layan PLN mobil",LAYANAN
Saya mau laku pengaduan untuk minta kode ct kok tidak bisa,APLIKASI
Tempat sering mati lampu tidak tau kenapa alas baik belum juga 1 minggu sudah berkali-kali mati lampu. mana madam lama sampek berjam-jam. listrik tuntut jangan sampek telat pembayaran tapi layan seperti ini kalau memang mau ada baik yang jelas jangan di cicil baik di kira tidak butuh listrik sampek berjam-jam listrik padam,LAYANAN
Terlalu banyak bug! aplikasi apa ini mau aju naik daya saja bugnya minta ampun!,UMUM
Jujur layan tagih kurang baik gada soapan dan tidak punya etika.tolong mutasi ataw kasih tegur yang nama asep yang nagih ke daerah bendungan.saya sudah ke pusat ci payung soal keluh mana masih saja yang nama nya asep.udah tidak sopan masuk rumah orang pke sepatu memang rumah saya kandang ayam.gak punya otak...trus leceh kana istri orang segala minta cium.lama lama saya perkarain ke pihak yang berwenang.kasih tegur dan mutasi tu orang tidak punya otak,LAYANAN
"Beli token lalu virtual account bank saat masalah tangan via chat lambat, bahkan sudah hari lanjut namun belum bisa di selesai saat lapor lagi via chat dan email... selalu di tanya hal yang sama yang ulang namun tidak ada hasil penyelesaianya. cobak yang lebih responsif lagi soal keluh yang seperti ini.",APLIKASI
Tidak jelas lapor 3 x lampu sudah 6 jam padam tidak ada digubris...gak jelas layan nya,LAYANAN
"Pusing dengan aplikasi ini, sudah hampir 1 bulan saya coba masuk guna nomer hp tapi tidak bisa. saya coba download di 3 hp yang beda pun tetap tidak bisa masuk, signal wifi ok, sudah perbarui juga sudah hapus cache dan hapus data, lantas masalah mana",APLIKASI
Aplikasi macam apa ini? masuk id langgan erorr,APLIKASI
Kasih bintang 1 layan tiba tiba ke banned,UMUM
Samaph seperti kerja semua yang hubung dengan oemerintah. bikin lporan dicancel pihak tapi d keteranag pelanngn yang cncel. kan tipu. mana cs cuma bisa jawabn template.,LAYANAN
"Verifikasi berapa lama memang sudah dri jumat, skrng sudah minggu, brp hari 3 hari 4 hari? minggu bulan",APLIKASI
"Di kampung tangan sangat lambat, ada pengaduan tapi tidak terlalu direspon oleh tugas PLN tempat",LAYANAN
"Tiap bulan mati lampu, tidak ada tangan permanen",LAYANAN
"Moga di dengar dan jadi perhati tolong layan listrikqu lebih transparan harga nya, cantum di aplikasi... saya kaget banget kerja tanpa konfirm harga, pas selesai hitung biaya per item layan banyak banget service hp saja selalu konfirm biaya belum kerja tolong di cantum biaya kerja jasa baik ansleting, jasa instalasi per titik di aplikasi, saya bagai langgan seperti di prank saat kerja selesai tagihan banyak maaf bintang 1, saya terlalu jujur",LAYANAN
"Gilir telat bayar 1 hari dpet srat ingat tapi kualitas zonk tiap 2 minggu sekali pasti mati listrik kampung tidak ada hujan tidak ada apa-apa sering tiba-tiba mati listrik, apa tidak bisa cek ini sangat rutin mati listrik hlo...! tlong itu para atas juga baca pegaduannya jgn cuma pihak yang perbaiki doang! telfon call center juga cuma dsruh tunggu, kirim pengaduan ke app juga error terus",LAYANAN
"I bought token, but the payment verification take too long.",APLIKASI
Tugas nya tipu,UMUM
Keluh masyarakat tidak di tindak respon tidak baik,LAYANAN
"PLN anjing,pemadaman sampai 2 kali hari ini di fatufia,bahodopi,morowali terus berjam-jam mati asu asu,.tai kau tiap hari ada saja madam listrik,rugilah kami ini bayar listrik.",LAYANAN
Aplikasi lambat lambat tidak karu karuan,UMUM
Tidak mutu,UMUM
"Kenapa ya transaksi saya, sejak jam 21 52 hari ahad tgl 26 april 2026 sekarang belum hasil sudah transfer dengan notifikasi dri bsi transaksi hasil apakah ada gangguan dari aplikasi ini yaa... mohon solusi",APLIKASI
Tiap mau isi token suruh kasi rating terus ganggu anying,UMUM
"Mau tambah data motor listrik, tapi merknya banyak yang tidak ada. padahal sekarang banyak sekali merk motor listrik. aplikasi kudet.",APLIKASI
Kembali uang sangat lama sekali percuma sistem mudah tapi kembali lama dan kena biaya potong yang lumayan beban buat kami rakyat yang hidup pas 2 an tidak pernah dapet bantu perintah,APLIKASI
Buat pengaduan saja tidak bisa lama... jaring padahal bagus... aplikasi sering error untuk atas masalah lambat... tapi listrik tetap bayar... kaga jelas PLN,APLIKASI
"Banyak sekali bug nya, kalian tidak bisa perbaiki apa bagaimana sudah perbarui tetep saja buruk, buruk aplikasi kau! sama saja, sudah clear cache tetep burukk aplikasi buruk seperti layan kaliann!",UMUM
Slow respon lambat respon!,LAYANAN
"Hari minggu bikin pengaduan listrik mati, sudah nunggu 1 jam tiba tiba dibatalin by system, layan nya buruk banget, costumer service tidak bisa di hubungin juga, apa tidak jelas. sudah monopoli jasa, coba PLN ada saing nya, yakin lebih laku selain PLN undang-undang utama yang atur tentang monopoli dagang di indonesia adalah uu no. 5 tahun 19 tentang larang praktek monopoli dan saing usaha tidak sehat",LAYANAN
Rumit,UMUM
"Saldo udaj tefpotong, no token tidak keluar. sangkut",APLIKASI
"Tolong dalam tangan pengaduan listrik padam mbuk ya segera di tangan supaya bagaimana cara segera mungkin bisa nyala,nggak kok nyampai 3 jam baru dapat nyala. tolong kerja sama buat apa aplikasi di buat karena pengaduan selalu saja tidak tepat waktu ada sok wa namun ya tidak ada tangan yang cepat",LAYANAN
Timeline tiket pengaduan tidak sesuai antara informasi dengan lapang live chat agent kes hanya tampung dan tidak ada komunikasi dengan tugas lapang lampu padam,LAYANAN
"Najis sudah najis banget. pop up ngeganggu, mau top up app nya malah error mesti keluar di force stop, baru bisa beneran top up. announcement bilang telah 00.15 bisa top up, nyata lewat dari jam itu masih juga tidak bisa top up. bintang 0. benci banget semua serba aplikasi, mending sesuai ekspektasi.",UMUM
"Layan lambat sekali, ngurus pasang baru KWH saja lama betul sudah 2 bulan sejak pembayaran pasang baru tapi sampai sekarang belum ada jelas dari PLN gilir di komplain cuman bilang gada unit habis itu gada jelas gajelas banget ini PLN kota palopo",LAYANAN
"Respon nya buruk, aplikasi sering error dan loading",APLIKASI
"Pembayaran bca lewat va sudah hasil dan saya tidak dapat token listrik, layan komplain belat belit, ya sudah makan uang saya!",APLIKASI
Sering mati lampu di jalan durian tanjungbalai hampir tiap hari,LAYANAN
"Saya beli token, status tunggu pembayaran, tapi saya sudah beli dan saldo potong buat lapor suruh nunggu 3 menit terus sampai akhir kadaluwarsa. uang tidak kembali...",APLIKASI
"Buruk...saya kecewa sekali.bulan 2 kemarin saya mohon pasang meter lampu 1300,,sampai sekarang belum pasang juga dan sudah mau bulan 5 lagi belum pasang juga. orang PLN di chat tidak di balas. uang administrasi sudah di ambil besar 2.0.0,- terus bgmn saya bisa hubung di live chat sedang meter saya belum di pasang. sedang yang di minta id atau nomor meter langgan untuk bisa live chat. heede",LAYANAN
Untuk fitur live chat respon sangat lama saat benar desak,LAYANAN
Tidak bisa di buka kalau tidak pake wifi. lambat hang.,UMUM
Notifikasi di aplikasi yang notabene jumlah buanyaakk. sama sekali tidak bisa di hapus. dan tidak ada fitur pilih untuk on atau off nya.,UMUM
Layan tdak bagus operator ya banyak omong doang tadka sigab kasi. belit kasi info,LAYANAN
Live chat ngak bisa hubung,APLIKASI
Mesan token uda bayar tapi stts masih tunggu pembayaran.dan masih belum ada ubah,APLIKASI
Aplikasi rumit mau baca meter cuma bisa 4 IDPEL begitu ubah akun biar bisa baca meter lagi code tidak kunjung masuk di email buruk,APLIKASI
"Tepat hari ini tanggal 27/04/2026 pukul 07 06 15 saya lalu beli token listrik nila 100 ribu rupiah lalu mbca uang sudah debet biasa tidak sampai 2 detik nomor token sudah keluar. saya tunggu 10-15 menit status transaksi masih tunggu pembayaran. sampai akhir saya komplain dengan no tiket 3856596. yang mana saya harus tunggu 1 x 24 jam perihal solusi yang akan terima ini jadi yang ke 2 x. jadi lebih baik nanti beli token via ol shop,jgn pake aplikasi sampah ini!",APLIKASI
"Beli token pakai pembayaran va, transaksi hasil di mbanking tetapi di aplikasi PLN mobile di tidak hasil samapi va nya tulis kadaluarsa",APLIKASI
Pembayaran token hasil tapi status transaksi belum ubah,APLIKASI
"Bagaimana kalian bisa dapat respon faktual dari tangan komplain langgan jika tiap pengaduan selesai dengan batal oleh langgan itu tampak di tiap komplain yang aju app ada celah! sama saja dengan bohong jika tugas bisa tutup lambat tangan komplain. oh iya, usaha pelat merah. harap maklum saja walaupun tidak pernah telat bayar, jagan harap bisa dapat layan yang muas",LAYANAN
"PLN gunungsitoli tidak becus kerja baik listrik lama sekali proses sering mati lampu. ketika ibadah hari minggu,ketiga acara acara publik. tidak becus semua. tolong evaluasi semua pegawai nya masuk direktur direktur PLN kota gunungsitoli seperti tidak dukung kerja perintah gunungsitoli.",LAYANAN
Kenapa respon dari kantor PLN lambat ya ini suda 1 jam pengaduan belum respon juga ni dari PLN kalabahi alor,LAYANAN
Tidak bisa di pakai loading doang,UMUM
Registrasi balik nama pake aplikasi ini tidak ada direspon.,LAYANAN
"Lampu mati dari jam 17.00 wib hingga saat ini belum juga hidup, sudah di lapor via PLN mobile dan telp seluler hingga saat ini belum juga ada respon, padahal di rumah km ada anak bayi.",LAYANAN
"Lambat sudah transfer lewat briva, aplikasi PLN mobilenya malah masih tunggu pembayaran sampe nunggu berjam-jam kaga muncul-muncul token nya",APLIKASI
Harga token listrik lebih mahal di aplikasi PLN langsung,APLIKASI
Tambah fitur dark mode!,UMUM
Buruk banget,UMUM
Lambat lambat.,UMUM
"Aplikasi oke, cuma untuk pengaduan tidak oke, rata-rata pengaduan tindak lanjut lama, jika tidak bisa hubung via wa pengaduan abai padahal alamat langgan jelas",LAYANAN
"Jangan pernah beli pulsa atau paket data di aplikasi ini selain kena admin,jika gagal uang kalian langsung masuk saldo refund tapi admin nya ditilep,terus yang mana susah sekali tarik uangnya,cuma ada sedikit bank yang support,dengan minimal 25 k,duitku nyangkut di aplikasi ini 20 k tidak bisa di apa apain,emang kecil tapi sudah berapa orang yang kayak aku,tinggal kali saja",APLIKASI
Mati lampuh terus,LAYANAN
Pada saat buat lapor aplikasi keluar sendiri ke halaman awal jadi harus ulang terus terus mohon di perbaiki masalah sebut,APLIKASI
"Listrik mati terus, layan nya jelek,",LAYANAN
"Sangat kesal saat beli selalu pembayaran kadaluarsa. sangat aneh, perbaiki aplikasi",APLIKASI
"Live chat sibuk terus, klik UI user not found error-402 apa²an ini aplikasi",APLIKASI
No english language,UMUM
"Entah apa saja sich yang bengkel oleh orang PLN daerah kabupaten pasaman mati lampu 79 kali dalam minggu kadang ada yang 20 kali mati lampu dalam hari malam padahal cuaca bagus, tidak ada kendala apa aku sudah muak dengan PLN kami masyarakat bagai guna sangat rugi karena tanak nasi saja tidak bisa, cuma pake kayu bakar kayak jaman dulu, percuma isi pulsa listrik tiap bulan",LAYANAN
"Lapor yang lalu aplikasi tidak di tanggap dengan serius oleh pihak pln/pihak petugas,tidak ada konfirmasi ulang dari tugas kait baik",LAYANAN
"Beli token pembayaran pakai va mandiri dari bank sudah hasil masuk dan dana sudah kurang dari rekening tapi status pembayaran di aplikasi tidak terupdate, sudah aju verifikasi pembayaran manual di aplikasi namun tidak ada respon sampe kadaluarsa bayar dan akhir tidak bisa apa apa lagi, rugi 500 rb",APLIKASI
"Kita mau buat lapor adu malah aplikasi masalah tulis di aplikasi saat ini antusias PLN mobile sedang tinggi, coba kembali beberapa saat lagi ya",APLIKASI
Aplikasi gg woord it bangett,UMUM
Kalau ngecas gagal biaya admin d balikin masa iya gagal 2 kali biaya admin d embat semua gk d refund,APLIKASI
Di minta biaya 150.0 rupiah saat pasang KWH baru hanya karena minta di pasang mcb bagi dalam rumah. terima kasih untuk pungli dari tugas anda.,LAYANAN
Aplikasi bagaimana saya kok tidak bisa masuk.,APLIKASI
Tolong untuk daerah morowali ini kenapa lampu selalu di mati brang elektronik kami yang jadi sasar jika lampu di kasih nyala mati nyala,LAYANAN
"Tolong tim it upgrade sistem sering banget down, jgn mau bintang 5 saja kalau ada pelggan pasang baru KWH",UMUM
"Mati lampu dari jam 8 pagi, jam 11.30 orang PLN naik motor dtg 2 orang kata itu dari tiang listrik dan itu nti PLN nya yang urus yang bawa mobil tangga. stlh itu dari dia dtg sampai sekarang sudah up 4 x pengaduan naik ke urgent belum di tanganin. bravo kalian memang kalau masalah tidak becus",LAYANAN
Bayar sudah cepat tapi masih mati lampu,LAYANAN
"Baru juga tadi siang instal aplikasi sore telah pulang kerja di rumah, buka aplikasi ini, eh.gak bisa login dengan nomor hp yang sama. tidak bisa masuk-masuk...,",APLIKASI
Biaya admin ilangin baru saya kasi bintang 5,APLIKASI
Sekarang live chat lama balas,LAYANAN
Aplikasi buruk,LAYANAN
Padahal saya tidak batal pengaduan tapi tiba tiba di batal pengaduan langgan sangat kecewa,LAYANAN
Ini saran saja buat buat ulp dan up 3 ogan ilir mohon di tambah tim regu tugas nya.untk wilayah ulp indralaya kan luas kalau tim regu cuma satu buat lapor jd lama d respon.saya lapor sudah hmpir 3 jam belum ada yang respon... kecewa kecewa,LAYANAN
Duh buat pusing kepala sudah buat lapor listrik mati dari jam 3 sore smpe jam 10 malem blom ad tindak sama sekali. padahal lampu tetangga hidup semua. satu kata... sangat kecewa,LAYANAN
"Saya lapor ada curi alir listrik di daerah rumah saya tapi tidak ada tanggap dari pihak PLN mobile padahal mereka tidak ada meter listrik tapi mereka bisa nikmat alir listrik itu nama mereka curi alir listrik lokasi di jalan klumpang-hamparan perak gang patok,klumpang kebun kec.hamparan perak kab.deli serdang",LAYANAN
Aplikasi tidak jelas. buat cuma buat repotin orang,UMUM
Pembayaran hasil kirim guna gopay... namun histori masih tulis tunggu proses pembayaran saran tambah pembayaran via bsi dan mudah cara top up,APLIKASI
"Untuk aplikasi PLN ni, percuma di download kalau pas mati listrik tidak bisa guna untuk pengaduan jangan sering mati listrik, bayar hari tepat waktu, gilir mati lama.tolong diperbaiki segera aplikasi PLN ni,",APLIKASI
"Penangaman lamban, tiap lapor ke cs kait pengaduan mati listeik selalu minta tunggu 3 jam, padahal sudah mati lebih dari 3 jam.",LAYANAN
Guna aplikasi ini apa mau pasang baru 1 pintu proses nya sudah 10 hari tidak ada tindak apa-apa. proses masih tetap tunggu verifikasi PLN unit. telepon 123 juga tetap tidak ada tindak apa-apa. buat pengaduan pasang baru tidak ada yang hubungin tiba-tiba pengaduan selesai! tidak ada yang hubungin dan tidak ada tugas PLN yang datang. makin lama makin tidak guna aplikasi ini!,APLIKASI
Lebih bagus pers lama,UMUM
"Mau ganti nomer yang daftar minta perbarui aplikasi, padahal aplikasi sudah paling baru",APLIKASI
Masih bintang 2 karena yang swascam yang dapat kupon bukan yang bayar tagihan jadi peluang besar tugas swascam,LAYANAN
G bisa kirim pengaduan,APLIKASI
"Perbaiki ini bug third party error, error simpan unit belum pilih - v 004",APLIKASI
"Selalu ada mobil non listrik parkir dengan sengaja di SPKLU apruva kempinski, sehingga hambat mobil listrik untuk laku isi daya",LAYANAN
"Masang cm di kasih KWH nya doang, tidak ada mcb kabel dari KWH nya juga modal sendiri. kacau",APLIKASI
Uda anti kritik yaa sekarang? uda beberapa minggu tiap ada pengaduan padam listrik pasti tidak bisa kirim,APLIKASI
"Aplikasi bagus cuma percuma saja kalau kantor untung nang itu jauh, jebak macet dan lain-lain jadi lama. tolong banget ini tiap camat minimal 1 kantor tangan jadi gk perlu nunggu terlalu lama buat tangan",LAYANAN
Isi token PLN 100 rb via briva. saldo bank potong tapi di aplikasi PLN mobile masih proses pembayaran. lapor ke cs slow respon.!,APLIKASI
"Kak maaf matlam lagi daerah wanaherang mohon dari jam satu sampe sekarang jam 6 maghrib belum idup? ada bayi pada nang maaf tolong diperbaiki... mohon mohon kecewa tolong diperbaiki pak. masa listrik saya doang yang mati,yg lain idup. kenapa pak?",LAYANAN
Tidak ada angin hujan daerah pajang bantul diy sering padam. barusan padam sudah 2 jam,LAYANAN
"Mati listrik, gk ada kompensasi, bikin rugi usaha",LAYANAN
Aplikasi ada notifikasi cari koneksi internet yang sangat ganggu tidak dapat guna sama sekali untuk buka apa di dalam aplikasi. sedang jaring internet masih bisa guna di aplikasi lain,UMUM
"Isi token 50.0, pembayaran hasil tapi token belum masuk. dengan terang kadaluarsa dan dana tidak di kembali saldo yang tera di aplikasi PLN mobile juga tidak tambah",APLIKASI
Ini bagaimana suruh masuk ulang pas login kok akun tidak di temu kalau gini kan ngerepotin saja jadi,APLIKASI
Lambat tangan 4 jam gada tugas dateng,LAYANAN
Lampu mati terus di pagerluyung timur camat gedeg. hemat yaa nnti alas baik terus di media PLN bilang rugi tiap tahun,LAYANAN
Sering error padahal signal bagus,UMUM
"Jadi lampu padam di lat. godu jam pukul 23 20 daerah nias selatan, sampai sekarang listrik belum pulih., mohon untuk gerak di pulih tks",LAYANAN
Rumit mau lapor saja rumit,APLIKASI
"Aplikasi lambat lambat sumpah, mau pogin saja susah loding terus, saya sudah nyoba pake wifi 20 mbps pun sama lambat tidak mau login",APLIKASI
"Aplikasi sering gangguan, tolong cepat di baik sistem yang gangguan!",UMUM
Aplikasi ada notifikasi cari koneksi internet yang sangat ganggu tidak dapat guna sama sekali untuk buka apa di dalam aplikasi. sedang jaring internet masih bisa guna di aplikasi lain. tidak seperti belum nya masih bisa buka data bagi yang ofline. kalau sudah ada notifikasi itu apliasi tidak bisa gun sama sekali apalagi live chat. notifikasi tidak dapat di close baik otomatis maupun manual. sudah close aplikasi ulang kali masih tetap tidak bisa,UMUM
"Tolong bapak manager PLN khusus ulp rumbai pekanbaru. adu ke pihak PLN tidak di respon. fasilitas umum sekolah listrik mati, di lapor ke PLN pusat sudah 2 x tidak ada respon tindak lanjut.",LAYANAN
"Sulit untuk login, tetap di halaman isi nomor hp terus",APLIKASI
Sering error. usulbisa bayar cash di tugas untuk antiaipasi error. atau model seperti etoll,APLIKASI
"Sekarang sering loading-loading,jelek ah",UMUM
Uang tidak bisa balik pihak PLN tidak tanggung jawab..malah akun saya di blok. sangat rendah bintang mu...kebanyakan korupsi sii,APLIKASI
"Saya kecewa dengan layan ulp kota timur pekanbaru,saya sudah bayar 16/4/26 lalu untuk naik daya promo 900 ke 2200, info dari tugas harus ada SLO baru bisa dipasang,setelah saya komplain baru tgl 30/4/26 di pasang walau sudah pasang saya kecewa",LAYANAN
Aplikasi lemott,UMUM
Aplikasi tidak guna,UMUM
Buruk,UMUM
Lambat,UMUM
Aplikasi tidak jalan ini hei,UMUM
"Tidak bisa login, gagal terus, lagi menten atau apa.juga tidak ngerti",APLIKASI
Applikasi yang tidak pro guna pengaduan sering di batal pihak PLN lebih parah lagi tulis di batal oleh langgan padahal tidak ada di batal mau pengaduan juga batas kalau mati listrik hari sampe 5 kali tidak bisa pengaduan banyak 5 kali.,LAYANAN
"Sudah pengaduan tapi tidak di tindak lanjut telah beberapa hari, buka aplikasi lagi mau lihat riwayat pengaduan malah tidak bisa di buka...",LAYANAN
Suka padam,LAYANAN
Kurang mudah untuk pengaduan,UMUM
Pengaduan saja lama dan layan tolol...,LAYANAN
"Lambat selesai proses pilih pulsa, mau buat nomor va untuk pembayaran via mbanking lambat nya luar biasa... buat aplikasi jangan terlalu banyak animasi, mau pilih-pilih menu juga animasi logo petir lama banget. langgan butuh cepat bukan animasi yang berat",APLIKASI
Koneksi jaring stabil tapi aplikasi lambat ketika buka menu hanya notifikasi yang muncul di layar yaitu data tidak dapat di muat,UMUM
Krna mslh saya blom slsai,LAYANAN
"Tolong min di tempat ku tidak hujan tidak ada petir listrik padam malam-malam jadi gelap susah untuk aktifitas dan ganggu waktu tidur, tepat di lahat-sumsel buruk kualitas PLN nya",LAYANAN
"Jelek, sering error padahal sinyal bagus. banyak bug tapi tidak dbenerin",UMUM
Gk bisa masuk,APLIKASI
PLN tolol,LAYANAN
"Jelek amat ya, login saja susah, habis masukin OTP stuck",APLIKASI
Tagihan muncul tgl 1 tapi waktu start taruh tengah malam waktu tidur. itu belum tentu langsung bisa tampil apalagi bayar,APLIKASI
Aplikasi lambat parah,UMUM
Sengaja laku ppemesanan hari libur tetapi dari 25 april 2026 sampai 1 mei 2026 tidak ada konfirmasi balik kait dengan ubah daya. dan sampai hari libur panjang akan tiba,LAYANAN
Sampah,UMUM
Ya saya tahu ini indonesia tapi ayo bayar sdm luar gpp bikin app yang fungsional. mau beli token muter-muter doang bos!,APLIKASI
"Jangan buat fitur layan pengaduan, kalau proses nya lebih dari 6 jam masih tidak ada gera",LAYANAN
Digoogle kata biaya anti amper meter ke token gratis mengapa di saya bayar PLN ini sistem bagaimana,APLIKASI
Beberapa kali beli token via PLN mobile bayar pake virtual account saldo potong tapi gagal di aplisai PLN refund susah minta ampun tidak cara otomatis jadi saldo atau kembali ke rekening.,APLIKASI
Aplikasi sangat bantu tapi tolong adakan pembayaran pakai QRIS masak produk negri sendiri malah tidak manfaat sayang banget.,APLIKASI
"Tidak bisa input nomor token, sudah buat pengaduan minta kct,bukan di tindak lanjutin malah di batal good job PLN",LAYANAN
Masih kurang layan,LAYANAN
Aplikasi sering lambat dan mudah blank,UMUM
Telah log out g bisa masuk lagi. payah,APLIKASI
"Loginnya susah benar,.aplikasi perintah rata-rata sampah",APLIKASI
Aplikasi nya tidak bis jalan d latar belakang. saya mau daftar kode email nya nya tidak muncul notitifikasi. otomatis saya harus buja dulu aplikasi gmail dulu. dan pas balik lagi ke PLN malah balik lagi ke awal. sumpah cape banget. hp saya sudah lambat tolong tidak semua orang mampu beli hp bagus. tolong di perbaiki biar bisa jalan di latar belakang. aplikasi lain bisa kok meski di hp yang sama. tapi kok PLN tidak bisa? skali lagi tolong jangan di sulit,APLIKASI
"Beli pulsa token sering macet. saldo sudah potong token stroomnya tidak kirim dan nyata gagal. telp ke call center, layan juga tidak muas tanya berulang-berulang dan belit kecewa",APLIKASI
"Saya telah laku pembayaran namun di app masih proses tunggu pembayaran. telah saya ingin verifikasi pembayaran malah ada problem di app dengan muncul notifikasi sedang jadi gangguan, mohon coba lagi. agak kecewa kalau sampe tidak baca bayar lunas. apalagi invoice sdah potong",APLIKASI
"Mau ganti nama id PLN ribetnya dan sulit kayak mau ngerampok aja,udha kirim bukti sertifikat dan lain-lain kata belum lengkap,minta lagi surat nyata minta lagi surat karena nama lama tidak sesuai hanya karena tidak smaa,kan PLN slawi tolol dan goblog minta ampun kita ganti nama id biar data kita perbarui terbaru,malah tanya data langgan lama,udah siap semua tetap saja rumit",APLIKASI
Tidak bisa lihat tagihan di e-billing! mohon diperbaiki,APLIKASI
Makin lama malah makin susah di buka buat cek id pel,APLIKASI
Aplikasi luemot,UMUM
Perbarui baru malah tidak bisa login,APLIKASI
Error selalu aplikasi,UMUM
"Ini bagaimana ya sudah 6 jam saya lapor tidak ada tindak apa apa. saya lapor kalah meter saya mati karena hujan deras, dan hanya meter saya, tapi lapor di selesai dan buat info padam seluruh tidak ada tugas yang datang. PLN panam, pekanbaru. sudahh lama sekali saya tunggu kata cuma 1-2 jam",LAYANAN
Untuk PLN up 3 lenteng agung tiap hari sabtu minggu ac selalu di mati sama sekurity. kita istirahat jdi tidak nyaman. dan panas. saya juga langgan,LAYANAN
"Mau tanya saja seh, kalau hari libur gini PLN mobil apa sulit akses sangat sayang sekali",UMUM
Listrik rumah 4 amper 900 va bulan rp.250.0 - rp. 300.0 saya aju subsidi sudah pergi ke kantor PLN sama dinsos suruh kesana kemari sudah lapor operator desa juga tapi tidak ada titik cerah apalagi di tambah desil 8 apa maksud nya?,LAYANAN
Lambat,UMUM
"Awal saya kasih bintang 1 bujuk manager dkk rumah untuk ksh bintang 5.stlh saya kasih bintang 5 respone lambat pake banget,smp sekarang saya ulas sudah dari jam 10 krg mati lampu g nyala masih nunggu krg lebih 1 jam.sy rugi krg bayar tukang juga rugi karena saya setor pabrik karena lambat kirim barang jadi lambat lunas",LAYANAN
"Verifikasi email saya bagai akun lama tidak muncul di email saya. kenapa harus pake nomor telepon? malah jadi susah begini. perbarui sudah saja kode di file junk, lalu masuk pin 2 x, dapat notifikasi minta tidak otorisasi gonta ganti pin juga sama. paling benci kalau sudah urus dengan aplikasi buat negeri sendiri, sudah tidak jelas, nyusahin pula. dah uninstall.",APLIKASI
Sampai keluh sudah 3 x tapi g ada respon sama sekali dari pihak PLN,LAYANAN
"PLN mobile aplikasi harus nya mudah bukan malah jauh dengan langgan langsung tapi ini sama juga calo nya tetap banyak, laku saya ada tambah daya di sistem sudah di nyata selesai dan ubah tetapi di actual nya belum di laku ganti nah lucu nya saat kita isi token tidak bisa,seharusnya aplikasi masih di nyata on progress dalam 3 harinkedepan tugas akan laku kerja",LAYANAN
Error teruuss,UMUM
Aplikasi gaje internet saya lancar padahal,UMUM
"Maksud apa login suru pake OTP mau lapor ini pl boja mengapa mainin listrik mati hidup mati hidup hari 3 x, mana wajib lewat apps ini lagi, yang benar saja woy, kenapa sulit",LAYANAN
Sudah 5 kali telpon tugas tidak datang datang. listrik mati dari jam 2 pagi,LAYANAN
"Saya mau login di aplikasi PLN mobile pakai nomer hp begitu klik lanjut tidak ada respon di tgl 1 mei 2026 pukul 15.32 wib. klik fitur live chat tidak ada respon, klik ajar sini untuk coba login pakai akun google hasil data not found. koneksi internet saya stabil dan sangat lancar saat coba aplikasi ini pakai wifi rumah saya dan pakai data internet di hp saya. ini saya coba di hp android 15 di device xiaomi 15.",APLIKASI
"Listrik mati dari jam 2 mlm, sudah buat lapor dari jam 11 siang. tiap 2 jam nlfn nanya kapan di perbaiki, sampe jam 19.00 belum ada tugas PLN yang datang. tangan lambat padahal. ada 3 rumah yang listrik nya masalah karena kabel dari tiang PLN kelupas imbas nya 3 rmah tidak ada listrik. apa seperti ini kerja tugas PLN sudah 16 jam. di tlf jawab nya bikin lapor baru terus",LAYANAN
Busy teroos layan chat,APLIKASI
Kenapa aplikasi muncul tidak ada koneksi internet ya... padahal pakai wifi. bukan sekali 2 x tetapi tiap buka aplikasi,UMUM
Saya edit ulas layan lama. sudah hampir 12 jam tidak ada tugas yang respond. sudah 4 kali pengaduan juga tidak ada baik,LAYANAN
Duit korupsi harus di pakai untuk ngembangkan aplikasi yang lambat ini,UMUM
Layan tidak jelas,LAYANAN
Selalu lola sekarang ya?,UMUM
Aplikasi apa ini mesti tiap jam² pulang kerja ngelag kalau mau ng EV,APLIKASI
Error nggk bisa komplain,APLIKASI
Aplikasi lemot.tolong perbaiki lagi,UMUM
Telah perbarui aplikasi tidak bisa guna mohon perbaiki cepat mungkin,UMUM
Sulit banget live chat,APLIKASI
Bisa sistem buat agar status bayar sukses telah bayar dan tinggal tunggu status realisasi dan buat agar bisa request realisasi di waktu yang tentu agar enak... saya ulang kali alami masalah status tidak ubah dan realisasi tak kunjung laku hingga hari h acara padahal sudah bayar jauh jauh hari.,LAYANAN
Aplikasi tidak guna tbtb dibatalin aku sudah pengaduan dari jam 2 nyampe 9 tidak ada tugas yang dateng,LAYANAN
"Nah gitu dong bos tiap bulan mati lampu dan harus di benar sama teknisi, gara gara kabel lepas dari tiang tidak ada tanggap",LAYANAN
"Sudah ada perbarui dengan sedikit baik sayang masih sering error, susah login, IDPEL yang dapat masuk dalam 1 akun hanya 4. mau cek tagihan/penggunaan harus lewat aplikasi yang sering error sementara yang di web sudah mati layananya. mau cek saja susah bagaimana mau bayar kecewa",UMUM
Aplikasi jelek,UMUM
Mass punya aplikasi tidak bisa buat isi token listrik. kocak PLN,UMUM
Sampahh nyuruh perbarui aplikasi terus padahal sudah versi baru,UMUM
Gk jelas status kerjan masalah,LAYANAN
Semenjak maintenance hone charging saya jadi tidak terkonek dengan aplikasi ini. memang PLN susah seperti biasa kerja tidak becus,UMUM
Aplikasi tidak guna,LAYANAN
"Turut saya, ada kurang dalam guna KWH sebab tidak current arti baca guna KWH hanya dasar estimasi bukan kondisi perbarui hari sehingga ketika guna listrik lebih dan habis, tapi di aplikasi masih baca kira masih misal 22 hari ke depan",APLIKASI
"Aplikasi error tidak fungsi dengan normal, ngeribetin mudah kadaluarsa belum kita laku transaksi, yang kasih full bintang semua nilai tidak jujur",APLIKASI
Cara ferivikas email bagaimana kk susah sekali,APLIKASI
"Saat ingin verifikasi email kode OTP tidak masuk-masuk, kecewa",APLIKASI
Sampah,UMUM
Nunggu kode OTP lama banget,APLIKASI
Masuk nya rumit ajirr,APLIKASI
Transaksi koq nyata kedaluarsa terus aneh,APLIKASI
Masalah jaring terus,UMUM
"Aplikasi tidak jelas, 1 hari berkali-kali pengaduan karena batal sistem. yang akhir lebih ngaco, terang baik sudah selesai padahal tidak ada tugas PLN yang dtg. sudah 2 hari msih belum ada baik juga, ini bagaimana woy tidak bisa pake listrik",LAYANAN
Ciri khas aplikasi perintah ngelaag najis,UMUM
"Terlalu PLN singkawang. lampu padam terus. dalam minggu pasti adaa padam. jam jam 7 malam padam, ini jam 10 malam padam lagi. tiap hari inyan ke baik ye. bayak bayak",LAYANAN
Lambat,UMUM
PLN gacocok satu sama bank bni lambat banget lambat cara kerja bisa hari hari.,LAYANAN
Oke,UMUM
Saya tidak batal pengaduan tiba-tiba batal oleh langgan,LAYANAN
Kurang tangap...karena sudah dari pagi di lapor sudah sore belum juga ada info jelas nya,LAYANAN
"Layan parah banget. dari jam 14.00 siang tempat saya mati listrik, saya buat pengaduan di aplikasi, tiba tiba di closed sama teknisi padahal listrik belum nyala, saya buat lapor lagi langsung di closed, dan saya mau buat lapor listrik padam yang tiga di jam 18.00 akun saya di block tidak bisa biat lapor aplikasi apa ini kocak. aplikasi saya tidak bisa pakai",LAYANAN
Susah ferivikasih bukan mudah tapi sulit,APLIKASI
Aplikasi tidak bisa pakai telah saya sering buat keluh listrik padam aplikasi saya tidak lagi bisa pakai,UMUM
Hari ini tanggal 2 mei 2026 di pasir sakti mati hidup mati hidup sudah berkali-kali apa tidak bikin rusak elektronik loh,LAYANAN
"Tadi 2 kali isi token lewat aplikasi gagal, tapi saldo tidak balik lagi. parah banget, lumayan biarpun cuma 100 rb 50 rb.",APLIKASI
PLN nipu. beli token lewat aplikasi PLN mobile via briva. sudah laku pembayaran dan transaksi di dengan ket. tunggu pembayaran. padahal sudah bayar via briva... PLN nipu balikin duit saya,APLIKASI
"Annoying, keep asking for internet connection padahal my phone already connected to wifi and mobile data",UMUM
"Lambat bukan jaring bukan karena hp, saya pakai serpul lancar, pakai aplikasi lain normal, sudah pakai wifi sudah pakai jaring hp sama saja aplikasi lambat",UMUM
Dulu beli token d warung lupa simpen catat nomer token nya pun masih bisa lihat dari aplikasi ini langsung perbarui beli token terkhir... sekarang aplikasi ini butut,APLIKASI
"Kembali dana refund nya sangat lama,harus tunggu hari hari.padahal di splku lain nya kalau ada dana refund langsung ada kembali",APLIKASI
"Telah perbarui malah ngeblank, bumn gini amat",UMUM
"Layan gila, rakyat kecewa berat!. orang-orang kerja tidur semua, saya laku tari dari PLN mobile ke rekening 5 hari tidak masuk-masuk ngaa ngotak memang",APLIKASI
Id PLN saya tiba-tiba tidak baca dan tidak bisa laku beli,APLIKASI
Semua lapor ganguan di batal PLN mobile sudah tidak konsisten. makin tidak jelas,LAYANAN
"Aplikasi banyak masalah, mati listrik tiba-tiba tidak bisa di akses kata tidak ada sinyal internet, padahal internet lancar, apa guna aplikasi pengaduan listrik padam tapi pas listrik padam app nya tidak bisa di pake",APLIKASI
Useless chat services!,APLIKASI
2 x lapor yang dtulis sudah selesai yang 1 dbatalkan padahl belum ada tindakan.gk jelas ini,LAYANAN
"Tadi saya beli token lewat aplikasi,, dan bayar lewat livin... biasa tidak ada masalah, tapi kok tadi transaksi gagal ya,, terus bagaimana dengan biaya yang sudah saya transfer ya,, sampai sekarang proses masih gagal",APLIKASI
Tangan lambat,LAYANAN
"Niat mau beli token tapi taut akun e-wallet tidak bisa terus, mau ganti no hp yang sudah hangus pun tidak bisa, suruh perbarui aplikasi. padahal di aplikasi tidak tera untuk diupdate. tolong diperbaiki.",APLIKASI
Komenya robot smua. pdhal busuk aplikasi duit cma 50 mau di tarik saja lama bner,APLIKASI
Respon lambat... lapor sampe 5 x tidak ada tugas yang konfirmasi tidak adayg datang. layan nya bututt.bontoo.,LAYANAN
Aplikasi jelek sama seperti wajah anak,UMUM
"Masa verif diggalin mlu, sudah mau jelas apa verif muka, orang jelas-jelas susah liat kalau ktp bareng muka",APLIKASI
Gantung tugas nya ramah apa tidak,UMUM
"Isi token lalu PLN mobile lot nauzubillah, pembayaran lalu bank sudah laku jam 16.00, namun sampai pukul 19.30 belum masuk kode tokennya. padahal uang sudah potong di rekening dan pulsa sudah makin tip harap di perbaiki lagi aplikasi masa kalah sama pembayaran lalu toko oren dan hijau, begitu di bayar langsung ubah status",APLIKASI
Aplikasi tidak jalan loading terlalu lama,UMUM
Biaya admin ilangin baru saya kasi bintang 5. tiap transaksi minta bintang 5. najis ajg kan sudah saya ulas di PS noh bintang 1 ajg,APLIKASI
Percuma lapor tidak ada tindak,LAYANAN
"Kait aplikasi PLN live chatnya slow respon, tidak ada call center bebas pulsa yang bisa di hub langsung kendala isi token tengah malam sering masalah sudah hubung live chat tapi solusi malah suruh beli token tempat lain, la terus ada aplikasi buy token buat apa cb? kalau ujung suruh beli tempat lain? masih belum sampe pikir",APLIKASI
"Bisa bantu untuk kendala saya kenapa ada lonjak tagihan listrik di rumah saya? saya sudah chat live agent tapi suruh nunggu 3 jam, saya sudah nunggu 3 jam tidak ada konfirmasi lebih lanjut dari pihak PLN",LAYANAN
"Makin jelek, kalau tidak nelfon langsung ke tugas nya di 123, aplikasi nya selalu error tidak bisa di pakai untuk bikin lapor sudah ada sekitar 2/3 bulan selalu begini padahal sudah saya clear cache dan simpan nya juga sering di hapus, bahkan harus hapus memori kan jadi nya lama untuk buat lapor",APLIKASI
"Bohong publik, admin chat nya kata tugas listriqu wilayah jatim tidak ada.",LAYANAN
Tidak relevan,UMUM
"Submitted voltage instability with descriptions and a photo of the voltage at submitted time. about an hour after submission, come a chat via whatsapp asking what can they help me with. i replied in 10 mins surprisingly! the messaged didn t delivered but sent, it only has one check on the message. i thought it was because after hour that the staff has gone off duty. today, my submission got cancelled! just wow",LAYANAN
"Bayar telat sudah tempel stiker merah segel semua bayar tagihan masih dikenain biaya administrasi, bukan kalian bayar dari negara hasil dari pajak rakyat, administrasi buat apa? tenaga kalian, alat tulis kalian atau buat tambah beli makan kalian? usaha kaga jelas. paling parah dari bumn lain",LAYANAN
"Beli token gagal tapi dana sudah potong dan fitur pengaduan yang belit belit dan lama, masa untuk kece dana dan refund saja makan waktu 3 hari, dan hrus kordinasi dengan unit tmpat saya tinggal, ini dri aplikasi yang masalah",APLIKASI
Bantu,UMUM
"Aplikasi busuk, layan masalah sangat lambat",APLIKASI
Sering amat padam listrik di kampar... 1 bulan bisa 3 sampai 4 kali... bayar tidak boleh telat tapi listrik sering padam. aneh,LAYANAN
PLN mobile sangat bantu kami semuah untuk bayar listrik,UMUM
Tidak bisa beli token listrik,APLIKASI
Nang sangat lambat,LAYANAN
Kenapa selalu sibuk agents nya? mau makan gaji buta apa bagaimana,APLIKASI
"Migrasi aju di bawah tgl 20 dan di minta untuk pembayaran lunas pembayaran tagihan lebih dahulu,trus pasang meter baru di tgl 26 masak iya dari tgl 20-sampai 26 di bulan yang sama hitung satu bulan",APLIKASI
Aju sudah 1 minggu sudah di survai tapi tidak kujung bisa bayar,APLIKASI
"Saya akui operator fast respon, tapi tidak ada guna kalau tindak lapang tidak se-fastrespon adminnya jawab sudah lebih 10 x saya lapor voltase rumah saya drop, sampai-sampai semua perangkat elktronik saya rusak, solusi yang disampailan tidam masuk akal, saya suruh untuk tidak guna perangkat elektronik, apakah mereka maksud saya kembali ke zaman batu? solusi cuma dibuatin lapor teknisi datang cuma liat-liat doang, tidak ada yang dikerjain, miris kita bagai langgan setia PLN",LAYANAN
Gk bisa masuk padhl dy yang kirim kode verifikasi,APLIKASI
Tolong segera di tangan madam listrik apalagi di mlm hari... ini sudah hampir mau 3 jam. belum nyala juga,LAYANAN
"Kak maaf matlam lagi daerah wanaherang mohon jam 3 malam,kak maaf kok matlam terus ya?",LAYANAN
"Saya ngisi saya di SPKLU up 3 lenteng agung jam 3 pagi. cuma SPKLU error dan tidak bisa isi daya atau di cancel. dari beberapa orang yang saya jumpa juga alami hal yang sama. sangat rugi banget buat konsumen yang lagi buru buru ke bandara atau ada sibuk dadak dan layan dari live chat PLN mobile juga tidak bagus, bukan langsung bantu selesai masalah malah suruh ngelapor kesana sini, mengapa ada fitur live agent kalau tidak ngebantu sama sekali.",LAYANAN
"Saya guna layan aplikasi PLN mobile untuk sambung baru, namun sepertix lapor antara aplikasi dan nyata di lapang tidak sesuai, dalam waktu 10 hari belum ada pasang meter sedang di aplikasi di lapor pasang telah selesai,... entah siapa yang salah.",LAYANAN
"Sudah 2 x gagal beli token,tapi uang gk kembali,tulisannya masih dalam proses padahal sudah berbulan-berbulan buruk sekali layan kembali uang nya",APLIKASI
"Sudah beberapa kali buat pengaduan lalu aplikasi ini, belum ada tindak lanjut di lokasi namun sudah muncul tindak lanjut di aplikasi.",LAYANAN
"Semua langgan jangan pernah lapor lewat mobile PLN khusus untuk pindah meter karena hanya di survey saja, terus di suruh bayar dulu.setelah. bayar bilang 2 minggu baru di pindah, tapi pada nyata tidak di pindah pindah.",LAYANAN
Nunggu sampe 5 hari untuk tarik saldo refund eh malah gagal terus sering juga hasil tapi saldo tidak masuk ke rekening. sepele tapi dari sekian banyak guna apa tidak untung itu,APLIKASI
"Ngisi token gagal, tidak langsung refund, nanya ke cs juga proses rumit lamban.",APLIKASI
Aplikasi sangat lambat dan seringkali keluar sendiri,UMUM
"Telah tambah daya, janji sisa saldo belum akan di wa,sampai ber bulan-bulan tidak di wa",LAYANAN
Tangan lambat terlalu remeh masalah banyak kerja tunda,LAYANAN
Lampu mati tidak pernah ada info! memang sosmed dan segala macam canggih teknologi tidak bisa di perbarui buat info,APLIKASI
"Aplikasi sampah buat lapor saja tidak bisa, third party error babi",APLIKASI
"Mati lampu tidak ada info, nyalah nya lama nya tengah mati",APLIKASI
"Beli token gagal tapi dana sudah potong dan fitur pengaduan yang belit belit dan lama, masa untuk kece dana dan refund saja makan waktu 3 hari, kalau memang sedang d tindak lanjut hrusnya tidak makan waktu lama ini ya, ini sudah hari ke 4, dan masih belum ada jelas dana saya bisa kembali, semua dokumen beli dan data sudah saya serah semua, mungkin saya sudah 3 x serah data, tiap laku pengaduan d minta data",APLIKASI
Sungguh buruk playanan sekarang 123 PLN lapor kabel PLN putus dari jam 03 pagi hingga 12 00 siang belum ada tanggap untuk PLN citeureup dan gunung putri. kerja yang profesional pusat bantu tunggu 3 jam tapi lebih dari 3 jam sampai 10 jam. kalau tidak bisa kerja ganti saja orang-orang nya. dulu pas jaman jokowi gercep kerja kenapa sekarang lambat,LAYANAN
"Sumpah lambat banget,,... anjrit,. aplikasi sampah",UMUM
"Kenapa ya invoice transaksi tidak bisa di unduh, padahal sudah di perbarui",UMUM
"Aplikasi sampah! tidak bisa guna sama sekali. untuk login dengan nomer hp yang sudah daftar tidak bisa sama sekali, suruh live chat pun tidak bisa masuk. sudah hapus cache bahkan data, signal wifi ok, masih tetap tidak bisa. tolong diperbaiki agar guna nyaman pakai aplikasi ini.",APLIKASI
Apa apa pembayaran gagal tapi biaya adminnya tidak direfund,APLIKASI
Aplikasi gagal. PLN anggar besar buat aplikasi sengah jadi. beli token bulak balik kadaluarsa. hapus saja dari playstore. gagal penasaran aplikasi nya.,APLIKASI
Live chat bussy terus,APLIKASI
"Beli token lewat aplikasi gagal dan dana tidak kunjung balik, beli token di kredivo pending dan mau beli di aplikasi lagi kok yang bisa beli kurang dan token malah sudah isi padahal belum dapat nomor voucher nya dan meter sudah harus isi parah.",APLIKASI
Kenapa layan PLN rayon panam untuk pasang baru agak lambat banding PLN rayon lain di pekanbaru propinsi riau?,LAYANAN
Pembayaran sering kadaluwarsa ketika,APLIKASI
Kelas PLN bumn malah tidak bisa bayar beli token listrik pakai QRIS kocak.,APLIKASI
Saldo refund kenapa tidak bisa dipake buat beli pulsa hp? jadi sia sia ngendep,APLIKASI
Live chatnya tidak beri solusi jangan pernah di download respon ke customer tidak bakal sesuai ekspektasi kalok ada usaha listrik lain mending pakak yang lain dari pada PLN,LAYANAN
"Narik saldo tidak masuk-masuk, komplain ke cs malah banyak amat syarat bapuk.",APLIKASI
"Terimakasih aplikasi hanya ini badan usaha satu-satunya milik perintah yang pihak kepada rakyat kecil mohon bantu untuk tambah fitur ya lagi mohon /thank you, this application is the only government-owned business entity that is on the side of the common people please help to add more features mohon",UMUM
Aplikasi tidak guna,UMUM
"Apa ini tidak pernah ada voucher diskon, mending bayar pake aplikasi swasta saja",APLIKASI
Aplikasi paling ampas. token sudah di bayar tapi masih tunggu transaksi. iconnet bayar saja susah. kebannyakan error drpd hasil mending hapus saja,APLIKASI
Kenapa layan PLN rayon panam untuk pasang baru agak lambat banding PLN rayon lain di pekanbaru propinsi riau? sangat sayang proses cepat di aplikasi PLN mobile kurang di imbang PLN rayon panam yang agak lambat.,LAYANAN
Terlalu kecewa. jika ada sedia listrik swasta pasti saya akan alih,UMUM
Saran perlu di perbaiki lagi dalam proses kembali saldo ketika langgan ada yang lupa saat cantum nominal pembayaran dan bagai lama sekali dalam proses kendala saat beli token.,APLIKASI
Aplikasi lambat,UMUM
"Tidak bisa pembayaran lalu allo bank, keluar notifikasi pembayaran kadaluarsa selalu",APLIKASI
Ini meter spl di PLN up 3 mati 3 meter kok tidak dibenerin,LAYANAN
Internet busuk,LAYANAN
"Kalau bisa, metode pembayaran nya tambah lagi min",APLIKASI
"- rumah griya mega cakra. jln mataram 2 kec. talang jambe kel. kebun bunga palembang sumatera selatan. seringanya jadi pamadaman listrik. - rumah permata bunga kel. kebun bunga kec. sukarami kota palembang, sumatera selatan. tegang listrik tidak stabil sehingga alat elektronik rusak. jadi percuma kalian laku periksa jaring listrik di kota palembang sumatera selatan. arus tegang 125 v. mohon bantu tangan dari pihak kait",LAYANAN
Worst application and worst service,UMUM
"Metode pembayaran tidak user friendly, tidak bisa QRIS atau kk",APLIKASI
Mudah kece tagihan listrik bulan,UMUM
Todak bisa login,APLIKASI
Sering ngebug woilah,UMUM
"Sumpah aneh, chat agen tidak jelas, jawab muter-muter saja",LAYANAN
Aplikasi gila kali kali log in tidak bisa padahal sudah pny aku. awal memang ngebantu banget makin ksinj makin gila ini aplikasi,APLIKASI
Sudah laku mohon pasang baru sampai 2 x tetapi status batal coba lagi nunggu verifikasi saja hari apa susah ini mau jadi langgan,APLIKASI
Jelek banget masha allah. gabisamasuk sama sekali,APLIKASI
"Desa nglaban ngaglik sinduharjo sleman, tugas tangan gangguan kes amatir dan tidak kompeten kerja gangguan tidak runut. sehingga hari ini rabu 6 mei 2026 mati lampu 5 kali cara untun nyalah mati,, nyalah mati,, nyalah mati,, mohon kerja tugas yang benar-benar kompeten terimakasih",LAYANAN
Aplikasi tidak mutu bukan mudah kalau masih nyuruh datang kantor nya... tidak cepat tanggap. buruk banget,LAYANAN
"Buat lapor mcb trip di KWH tulis pengaduan di batal oleh langgan padahal saya tidak rasa batalkan,giliran kita ganti sendri kena denda,kocak",LAYANAN
"Mesin sering error tidak bisa kerja ya,sampe hal se penting ini tidak di perhati",LAYANAN
Aplikasi tidak bisa tampung jumlah konsumen kerap kata harap kembali karena sedang ramai,UMUM
Selalu mati lampu... sampai-sampai satu rt ke ulp semarang timur dan apa tanggap hanya bilang tugas kami akan segera datang cek emang kalau mati baru di cek? padahal sudah langgan mati kenapa tidak ada tindak lambat,LAYANAN
"Dan jadi lagi tangan lebih dari 3 jam...tidak cepat tanggap,lelet dan alas sedang dalam proses...",LAYANAN
Apa online 24 jam si kocak,UMUM
"Bin token via app ini, transfer va bca hasil di app diaebutkan transaksi gagal. such a suck app",APLIKASI
Layan ulp cikande sangat buruk sekali. masa aju pasang baru dari tgl 13 maret sampai sekarang tidak di verifikasi bahkan. mohon nya pun kadaluwarsa. percuma ada aplikasi PLN mobile juga kalau layan seperti ini. sudah gtu tidak ada yang konfirmasi maupun ada yang hubung konsumen nya.,APLIKASI
Payah sekali pelayann unit PLN cikande. banyak calo / oknum nya. masa mau pasang baru supaya biar cepat harus lewat orang dalem nya supaya di acc kalau tanpa orng dalem mohon bisa 1 bulan baru bisa ke proses dan verifikasi mohon pasang baru nya.,APLIKASI
PLN cikande layan nya sangat buruk dan jelek sekali. masa mohon pasang main tolak saja tanpa konfirmasi maupun hubung konsumen nya percuma ada PLN mobile juga kalau layan nya seperti ini,APLIKASI
Susah login sudah 1 jam lebih,APLIKASI
Blom kerja tapi sudah selesai,LAYANAN
"Tidak reliable, sudah laku pembayaran via bca va, kode token tidak muncul, sudah chat sama chatlive juga, terimakasih-terimakasih saja dan seperti nya tidak baca screenshot saya dari apps ini. sampai saya post ini, kode token blom masuk. respon time troubleshooting lama kait token",APLIKASI
"Kenapa sudah 3 hari 3 malam lapor di aplikasi sampai sekarang belum di perbaiki padam. 35 unit KWH drop tegang 165 tegang kabel sr tiang kayu harus butuh travo tiang pak lokasi malu utara halmahera tenga weda, desa sawai",LAYANAN
"Ini aplikasi kenapa korup habis perbarui kenapa suruh daftar lagi, gk ada opsi masuk kembali,",APLIKASI
"Sudah lihat dari aplikasi bahwa kerja kurang bagus, tidak perhati dan lain-lain sed kelas PLN milik negara, banner event lama saja masih pampang belum ganti misal asa mudik bareng, banernya sampai saat ini masih pampang ini pingin puji atau bagi app nya yang males uodate tidak eja profesional",UMUM
Aplikasi tidak jelas.akun logout.udah masukin no telpon... solusi sudah saya informasi ke pihak kait uninstall saja lah.chat lama-lama jawab kaya gtu. masih banyak aplikasi laen yang tidak rumit,APLIKASI
"Aplikasi apa tau, masa transaksi gagal saldo tetep potong mohon untuk ada pengaduan via wa... masa tidak ada live chat atau pengaduan via wa...",APLIKASI
Saya beli token 100.0 gagal dan proses kembali sangat tele tele susah langgan,APLIKASI
"Beli token listrik 2 hri token tidak muncul-muncul. lapor via call centre n live chat hari pertama 6 x jawab nnt hubung via wa, nnt hubung via kait tggu 3 jam, lagi verifikasi 1 x 24 jam. tapi smpe hari ikut tidak masuk-masuk tokennya. bukti tf sampai mutasi rek minta sudah kasih tapi tetap saja tidak muncul itu token. hari sudah 2 x bikin lapor dan masih minta bukti pembayaran n mutasi rek. tapi jawab sama. hellooww kita ini beli token, pake listri bayar bukan gratis. masa sudah 2 hari gada lanjut",APLIKASI
Kemaren ada bug bisa tingkat lagi,UMUM
"Login susah, aplikasi banyak bug, mau report rusa di close terus tiket nya keren.",APLIKASI
"Pasang listrik mushola dari akhir maret, sampai sekarang mcb belum ada. sudah di fu ke wa kantor PLN waktu pasang wa tidak dibales, fu ke PLN mobile ke cs baru balas wanya. wa nanya kapan mcbnya tapi kata belum ready, minggu kemudian fu ke wa lagi, tidak dibales lagi. fu ke PLN mobile, wa baru balas wa lagi nanya kapan, tidak dibales lagi. sudah bulan lebih dari pasang baru, mcb belum pasang",LAYANAN
Tidak ada untung,UMUM
Login ulang nya bagaimana ya kok muter muter ke daftar lagi,APLIKASI
Beli gagal saldo potong tidak kembali proses lama dan tidak konsisten csnya juga lambat,APLIKASI
Jelek bayar susah pake e wallet dana,APLIKASI
Saya tidak bisa login dengan nomor handphone saya,APLIKASI
Tolong diperbaiki itu nomor meter dalam aplikasi kenapa di buat asterik? guna bisa salah isi kalau tidak tau nomor atau nama yang daftar di meter,UMUM
Saya dua kali tarik refun saldo ke bca keteranganya masuk tapi mutasi rekening tidak masuk,APLIKASI
Proses lama,UMUM
Kocak mati listrik terus cuih kek bbi,LAYANAN
Daftar cepat dan mudah mantap,UMUM
Hampir tiap minggu selalu ada madam tiap mau buat lapor madam lewat app ini tidak bisa. selalu muncul pop up third party erorr. coba diperbaiki,LAYANAN
Error terus. jos,UMUM
Tidak dapat diaksee,APLIKASI
"Tolong min, daerah camat lawang kidul kabupaten muara enim prov sum-sel terlalu sering mati lampu, padahal kami lumbung energi masa tiap hari harus mati lampu, masa hujan sedikit madam listrik. tolong di audit ini para kelola bagaimana minn. tindak lanjutin minn, dari tahun ke tahun bukan ada maju masalah madam malah makin parah.",LAYANAN
Aplikasi nya bagus cukup bantu hanya team di lapang saja yang kurang respon...laporan dari malam senin sampai hari jumat tidak direspon sama sekali dengan alas tunggu tim lapang mengerjakan...good job PLN,LAYANAN
Aplikasi nya lambat,UMUM
Bagiamana cara ganti email baru? email lama blokir lupa password tidak dapat di pulih,APLIKASI
"Gajelas aplikasi boyot, beli token metode pembayaran dana. sudah masukin nomor, pas verifikasi pin, salah terus, pdhal pin nya benar sampe kali ngecek bolak balik pin nya benar sampe kluarin akun dana dan coba login di aplikasi dana, pin nya benar bisa login, tapi di aplikasi PLN pin salah terus. gajelas",APLIKASI
Penganann lamabat buat ngcek satu rumah saja harus berkali-kali bikin pengaduan,LAYANAN
Pasang baru lama.,LAYANAN
"Telah liat riview banyak buzzernya PLN yang bilang aplikasi bagus liat banget nyuruh karyawannya buat google riview yang baik baik, sangat jelek sekali untuk listrik telat bayar 1 minggu denda listrik sering mati, pakai sudah wajar eh itungan kwhnya beda jadi bayar pindah daya di sulit terus ada banyak bayar extra buat apa itu, entah masuk kantong mana",LAYANAN
"Tolong diperbaiki, habis perbarui baru login pake akun email yang sudah daftar malah tidak bisa",APLIKASI
Cara isi saldo pon mobile bagaimana?,UMUM
"Bikin 3 lapor kena proses ubah daya yang tidak ada tindak lanjut sampai sekarang, tapi semua lapor mereka perbarui jadi selesai tanpa ada tindak saran saya, perbarui status lapor tanpa bukti harus tidak boleh",LAYANAN
"Untuk ulp sui jawi kota pontianak,saya sudah 3 hari laku tambah daya via aplikasi,tapi sampai sekarang belum di verifikasi,gimana saya mau laku pembayaran?",APLIKASI
"Saya daftar pasang listrik baru lewat PLN mobile dan sudah bayar lunas tapi sudah mau 1 bulan belum ada tindak atau tugas yang datang untuk instalasi ke rumah, sudah hubung kantor PLN dekat dan sudah hubung pihak-pihak teekait lewat telpin tapi tidak ada solusi. bingung mau bagaimana lagi, padahal saya butuh cepat pasang listrik baru",LAYANAN
"Aplikasi yang sangat tidak guna ngisi token 200 rb, bayar sudah hasil tapi status pembayaran aplikasi gk kebaca-kebaca, hilang gitu saja duit gk besar turut orang orang, tapi untuk harga aplikasi bodoh",APLIKASI
"Lama sekali untuk pasang baru, sudah 3 bulan lebih. mau tunggu sampai berapa lama lagi?",LAYANAN
Susah buat login. poko aplikasi perintah itu jarang ada yang mulus,APLIKASI
"Telah perbarui malah tidak bisa masuk,malah suruh daftar lg,tidak ada pilih loginnya",APLIKASI
"Aplikasi kendali petugas,laporan sering batal tidak bisa beri rating dan feedback",LAYANAN
Mohon kami hubung kasih estimasi jam,LAYANAN
Makin rumit kalau ada pengaduan,LAYANAN
Burik sangat burik,UMUM
SPKLU d karawang kurang optimal layan padahal kami beli listrik ruang rehat driver d satu dengan ruan layan umum,LAYANAN
"PLN itu kan usaha listrik negara, tapi aneh malah kok belum ada sistem pembayaran QRIS yang resmi milik dan sistem dari negara. padahal makin mudah dan murah biaya adm pembayaran sistem maka makin bagus, lancar dan akuntabel. makanya saat inj saya kasih nilai bintang 1. biar tidak aneeh.! kalau sudah diperbaiki saya tambah minimal bintang 4.",APLIKASI
Sering error bayar beberapa kali gagal terus,APLIKASI
"Parah listrik mati 1 hari bisa 3 sampai 4 kali dan tiap hari. desa wonoketingal kec karanganyar demak. bayar telat denda, kalau PLN layan jelek tidak mau denda parah",LAYANAN
Kok login selalu keluar lagi,APLIKASI
Tidak bisa masuk,APLIKASI
"9 mei 2026 sudah perbarui aplikasi, habis login terus logout sendiri terus lagin lagi terus logout sendiri lagi terus suruh login lagi terus logout sendiri lagi terus suruh lagin lagi terus logout sendiri lagi terus suruh login lagi terus logout sendiri lagi terus suruh login lagi terus logout sendiri lagi terus saja gitu sampe PLN jual air isi ulang. aplikasi mu ngebug gini tim dev, qa tester mengapa saja saya akan ganti bintang 1 nya kalau aplikasi sudah di perbaiki",APLIKASI
"Error, login ulang berkali-kali sukses tapi suruh login terus",APLIKASI
"Sumpah busuk, bolak balik login terus",APLIKASI
"Tidak bisa login,error",APLIKASI
Aplikasi kalau mau manfaat jgn rumit aku uda login kali kok suruh login terus masak ya uda login laur terus. becus tidak bikin aplikasi. mudah apa sulit iya. marah,APLIKASI
"Baru login langsung kena jegal keluar otomatis berkali-kali, jadi app ini tidak bisa pakai sama sekali. hapus cache dan hapus data juga masih sama",APLIKASI
Mau pasang listrik baru tapi kenapa pas foto ktp hasil telah diuploadnya malah jadi pecah pecah gambar tidak baca sudah coba di 2 hp hasil tetap sama,APLIKASI
Aplikasi jelek 9 mei 2026 uda log in muncul notifikasi suruh log in lagi log in lagi.inikan mau bayar token malah tidak bisa.pelayanan publik apa ini,APLIKASI
Kata SPLU nyata pas datang chargeran winvast tidak bisa buat motor. mana sudah habis batrei lagi.,LAYANAN
"Akun ter-logout sendiri dari aplikasi dan saat sudah login langsung ke-logout lagi dan minta login ke aplikasi lagi, any perbarui kait case ini? jadi di aplikasi android hari ini 9 mei 2026, pukul 07.00",APLIKASI
Sistem sedang sibuk mohon di perbaiki lagi ya padahal saya baru login sudah keluar dengan alas sudah ada yang login mohon di perbaiki,APLIKASI
Aplikasi masalah lagi urgent mau beli token tapi login susah,APLIKASI
Kenapa saya tiap login selalu langsung logout...?,APLIKASI
"Sudah hasil login masuk, mtiba tiba logout minta login ulang, terus ulang ulang",APLIKASI
Kenapa habis perbarui login ulang kali,APLIKASI
"Bro, why do i keep getting logged out, even though i ve logged in using my phone number and pin? but i keep getting logged out, logged back in, and logged out again. i m tired.",APLIKASI
"Hari ini tgl 9 mei 2026 tidak bisa login aplikasi sudah masukin no hp pin tetap saja tidak bisa. balik lagi ke tampil awal login, sudah coba sampe 20 x tetap kyk gitu terus. bagaimana ini",APLIKASI
"Lagi isi EV tau-tau status ilang, tidak bisa traceback mau lanjut apa stop. bagaimana ini aplikasi. kalah sama yang swasta-swasta jadi ayo diperbaiki",APLIKASI
"Telah diperbarui malah tidak bisa masuk, sudah login kali kali tetap sama saja",APLIKASI
"Aplikasi tidak jelas, jembot",UMUM
Telah di perbarui malah tidak bisa masuk k aplikasi. minta log ini terus,APLIKASI
"Perbarui 3 mei 2026 bikin kita suruh login terus sampai mampus. perbarui aplikasi bukan makin bagus malah makin tidak karuan. sudah uninstall juga masih suruh login berkali-kali. habis nyawit di mana ini? coba cek lagi. jangan suruh user yang cek gadget terus suruh cek jaring ini itu, itu di kantor pasti ada cermin kan, coba ngaca dulu",APLIKASI
Bukan makin mudah guna aplikasi PLN mobil telah apdate ko makin sulit... it nya lewat pinter di rubah rubah terus gimn mau guna PLN mobil. sudah masuk ko kembali harus masuk lagi memang lewat pinter... pinternya lewat balik lagi...,APLIKASI
"PLN tai, habis perbarui suruh login ulang malah ilang data gua",APLIKASI
PLN cabang pangkalpinang layan minus,LAYANAN
Aplikasi nya bagus... tapi PLN kampar ini kurang tanggap nya. rumit kali untuk mehubunggi nya,LAYANAN
"Sudah dwonload dari 2 hari lalu tapi g bisa daftar, kata antuasi pngguna lgi tinggi aneh",APLIKASI
"Tidak bisa masuk karena tidak di kirim kode 6 digit sudah nunggu lama padahal, cs juga useless",APLIKASI
PLN pelit amat cuma bisa 10 x transaksi doang bulan marah,APLIKASI
.2 kali lapor 2 x langsung di batal aplikannya tidak funngsi skarang,LAYANAN
Sering error,UMUM
Semenjak di aplikasi di perbarui malah tidak bisa login. aplikasih payah.,APLIKASI
Aplikasi cacat pembayaran kadaluarsa terus,APLIKASI
"Makin uodate makin kaga jelas app, susah log in",APLIKASI
Untuk tangan dari cs nya sampah! slowresp banget. beli token pembayaran sudah hasil dan potong dari shopeepay. tapi di riwayat transaksi PLN mobile malah gagal. sudah nyoba hubung cs tindak lanjut sampe sekarang gada lambat sekali! worst!,APLIKASI
"Baru perbarui aplikasi PLN 3 hari lalu. saat ini mau login tidak bisa. minta daftar ulang, masuk no telp email. di 2 form ini tidak ada pilih login untuk yang punya akun. sudah ikut masuk nomor telp email tapi tidak bisa karena sudah daftar di form ini ada notifikasi kl sudah punya akun masuk email daftar sudah laku minta masuk nama. sudah dasukkan nama tetap tidak bisa karena sudah daftar ini bagaimana ya? perbarui aplikasi lnya tidak beres.",APLIKASI
Hampir tiap hari padam listrik di jalan durian tanjung balai asah sumut,LAYANAN
Lapor tidak ada tindak lanjut. live chat nanya nanya sudah kaya wartawan saja muter muter,LAYANAN
Telah perbarui yang saya tidak tahu otomatis keluar login aplikasi. masalah tidak bisa login dan tidak ada pesan error. nanya ke PLN nya mas sabri hasil malah buang-buang waktu alias tidak solutif informatif.,LAYANAN
"Aplikasi yang sangat susah loadingnya terlalu lama,kenapa harus di ulang ulang melulu",UMUM
"App rumit mau cari informasi saja mesti banyak lika liku langkah,, sudah selesai malah tetep gagal",LAYANAN
"Difficult to use. everytime sign in, always asking for email. after email submitted, the app didnot work.",APLIKASI
"In the past, this app showed the balance of my prepaid electricity so i don t have to physically check the electricity meter. when i m not at home, i can check if the balance seems too low so i can promptly buy the prepaid credit - no more trapped in a blackout just because i forgot to check the balance. i love this old feature, but it s gone now. i don t know why you deleted this brilliant feature",UMUM
"Aplikasi buruk sering error sering tidak bisa transaksi,hobi perintah buang²duit bikin produk sampah seperti ini.",APLIKASI
Payah sekarang tugas bisa laku batal pihak tiket gangguan,LAYANAN
App bahaya ada indikasi bocor data.,UMUM
Aplikasi rusak di hapus saja pak... kasihan malah bikin susah rakyat. lapor pakai aplikasi ini tidak bisa. lapor selalu error. layan yang sangat kecewa aplikasi rusak masih di pakai.,APLIKASI
Tolong perbaiki masalah kualitas internet nya,LAYANAN
"Banyak bohong kata antusias langgan tinggi sehingga banyak fitur tidak aktif padahal dasar aplikasi tidak siap, tahu kalau tidak profesional dalam siap layan aplikasi",UMUM
"Saya coba rubah nomor hp, kode OTP kirim lewat SMS aplikasi deteksi OTP otomatis, input OTP isi otomatis persis sama dengan SMS harus kalau isi otomatis, OTP yang masuk benar, tapi aplikasi deteksi OTP nya salah. saya coba 3 kali dan semua OTP salah. akhir user saya blokir",APLIKASI
Lapor kendala di aplikasi ini di gagal terus oleh PLN,LAYANAN
Plis ini tidak bisa di akses kah? uda coba ulang kali tidak bisa,APLIKASI
Kenapa tidak bisa transaksi beli token dengan pembayaran metode allo bank... mohon bantu,APLIKASI
Kok lag banget yaa pdhll jaring baguss,UMUM
"Kalau ada bintang 0, saya kasih 0, asli.",UMUM
"Aplikasi rusak kok di biar tidak ada baik kah? pengaduan listrik pada aplikasi tidak bisa/ error. apa perlu langgan keluarin duit buat kalian? otak di gedein,, jangan korup di gedein.",APLIKASI
"Telah diupdate tidak bisa login kembali, tiap kali masuk alamat email yang sudah pernah di daftar selalu stuck tidak bisa lanjut malah notifikasi arah untuk masuk alamat email lain.",APLIKASI
Bintang 5 karena teh apin unit layan banjaran,UMUM
"Pengaduan meter periksa lewat aplikasi selalu gagal, padahal sudah perbarui ke versi baru masa saya harus selalu telpon 123",APLIKASI
Aplikasi sangat buruk mau daftar pasang baru logout terus,APLIKASI
"Beli token listrik di aplikasi PLN mobile transaksi gagal tetapi kembali uang tidak langsung masuk, harus bikin pengaduan terus terus baru ada tanggap yang jelas, makan waktu yang lama. kapok sudah",APLIKASI
"Aplikasi di perbarui malah susah liat map nya, jadi tidak bisa liat mana skplu yang kosong atau sedang guna",APLIKASI
Untuk beli token listrik kenapa gagal terus tulis terang pembayaran kedaluarso,APLIKASI
PLN up 3 kebon jeruk charge r 2 rusak sudah lama kaga di benar perbaiki padahal makin banyak mol yang charge,LAYANAN
Tolong di perbaiki saya mau laku pengaduan tapi loading sangat lama padahal jaring bagus,APLIKASI
"Bumn tapi tidak ada pembayaran lalu QRIS kalah sama telkomsel,sangat aneh sekali",APLIKASI
PLN mobile layan baik,UMUM
Mau aju tambah daya tapi aplikasi error terus datang ke kantor PLN tetap harus lalu aplikasi tidak ada solusi hanya di suruh tunggu aplikasi normal kembali. sangat hambat,APLIKASI
Tidak ada layan dalam pengaduan say,LAYANAN
Saya mau bayar listrik tidak bisa kata PLN mobile error nanti kalau telat bayar mau di putus,APLIKASI
"Sumpah gk ada guna. mau masang baru pun tetap harus bayar ke kentor, dan harga jauh lebih mahal dari yang tera di aplikasi.",APLIKASI
Aplikasi sangat buruk dalam laksana pasnag baru tmabah daya dan migrasi.,LAYANAN
Cuma di respon tindak lama nunggu-nunggu info madam juga sudah tidak pernah ada akhir tahun 2024 ajib kan itu apus saja dari hp tidak ada kenggulan cuma cek n bayar PLN sama kayak aplikasi e-commerce lain doank fungsi nya,LAYANAN
Data campur dengan langgan lain. tugas tidak bisa jelas,APLIKASI
"Layan sangat buruk, saya sudah aju lapor dari jam 16.00 sampai jam 22.30 belum ada tanggap dan tidak ada satu pun pihak PLN hubung kami,.dan kami sudah buat lapor sampai 7 kali lapor",LAYANAN
Aplikasi babi PLN babi masa spaning rendah sudah 3 jam bangke rusak semua electronic babi babi kaga diperbaiki anjim cok,LAYANAN
Apa telah perbarui malah tidak bisa login akun,APLIKASI
Saya masuk id listrik saya tidak bisa pas saya klik tombol beli token kenapa no id listrik orang lain yang muncul min,APLIKASI
Saya yakin banyak bot ini yang ngerating bisa ampe 4.9,UMUM
"Tolo, cuma g buka appnya dua minggu saja ke log out sendiri, gobloy. padahal butuh bayar juga bulan sekali",UMUM
"Fitur balik nama tidak ada guna ujung-ujungnya tetep harus datang ke PLN unit, hapus saja fiturnya untuk apa. dikirain sudah makin modern dan canggih, eh tau tidak di verifikasi terus, dan akhir ada hubung via wa dan minta kita untuk datang juga ke kantor. belum lagi tiba-tiba siap materai juga di kantor unit padahal di aplikasi tidak ada. bukan makin mudah malah makin rumit",LAYANAN
Telah perbarui akhir login tidak bisa. sudah coba login pakai no. yang daftar malah bilang not registered. apa apa coba,APLIKASI
Kembali dana dari PLN priuk sangat lama sekali sampai detik ini belum di kembali dana tambah dayannya dari 7700 ke 660 va. di kelapa gading...sangat sangat buruk sekali.pelayanan PLN priuk,LAYANAN
Buat pengaduan untuk meter susah sekali dan tidak hubung dengan ada,APLIKASI
"Saya tanya / komplen kena dana refund ke rekening, status hasil tapi dana tidak masuk,, bukan di tindak lanjut malah di disconnet sama custservice nya",APLIKASI
Kemarin instal tetapi tidak bisa pakai selalu muncul notifikasi karena antusiasme langgan lonjak aplikasi belum bisa akses harap coba beberapa saat lagi. maksud bagaimana ini ya?,UMUM
"Lama sekali untuk pasang baru, sudah 3 bulan lebih. mau tunggu sampai berapa lama lagi?",LAYANAN
Kalau salah pin. terus harus hubung cs. minimal itu cepat mekanisme manual gini kan ngeblocker aktivitas langgan masa lama banget orang ada antri jadi susah. buat mekanisme lupa pin ke email. heran.,APLIKASI
"Bukan hanya respon yang lama. tapi layan juga tidak ada? gilir minta bayar cepat... sudah di lunasin dari tanggal 4 maret, sampai sekarang tidak ada tindak lanjut",LAYANAN
Kenapa tidak ada pilih ubah daya dari 1.300 ke 900?,APLIKASI
Aplikasi setan ngelag terus software nya pake apa anj duit sedot tidak dibalikin,APLIKASI
Tidak jelas,UMUM
Listrik padam lebih dari 3 jam. saya di rugi dan tidak bisa kerja ulp jasinga parung panjang. kalau tagihan PLN lewat hari saja sudah dapat ingat putus,LAYANAN
Aplikasi yang kalau ngirim komplen pasti tidak bisa/loading doang. sudah gitu suka ke logout sendiri. lambat banget,APLIKASI
Tidak untuk di percaya,UMUM
Sampah! listrik mati 4 jam lebih lapor cuma di jawab basa basi sekarang malah down aplikasi,LAYANAN
"Aplilasinya diperbaiki, tidak bisa masuk dan home charger tidak bisa kedetect sekarang.",APLIKASI
Useless!,LAYANAN
"Aplikasi bumn kek tidak punya skil,lelet tidak jelas.",UMUM
Aplikasi paling bego,UMUM
Di perbarui malah lambat susah banget buat transaksi,UMUM
Unit wayhalim lambat listrik padam lama sekali,LAYANAN
"Layan lambat. kata maksimal 45 menit, sudah 1 jam tak gubris mending tutup saja aplikasi",LAYANAN
Tangan lambat,LAYANAN
Layan lambat.,LAYANAN
"Isi kuota yang 4 gb, harga asli 20 rban, kena admin jd 23 rban, tiba-tiba d retur, dan saldo cmn masuk 20 rban doang, mau d tarik tidak bisa krna harus 25 rb saldo mau d pakai lagi buat isi pulsa listrik atau pulsa biasa tetep tidak ada pilih untuk pembayaran saldo retur.",UMUM
"Akhir akhir ini sering mati lampu, mau pengaduan aplikasi sangat lambat sekali dan tindak tidak cepat tamggap",LAYANAN
Ini PLN sudah dihub kali kali tapi tidak ada tanggap ke warga sama tidak ada peduli apa tunggu ada yang korban ya marah,LAYANAN
"Mau pengaduan, tapi tidak bisa",APLIKASI
"Aplikasi jelek, tiap akan lapor pengaduan padam listrik tidak bisa. selalu muter-muter.",APLIKASI
"Aplikasi kurang canggih dengan fitur chat langgan mode lama, di kantor pusat kata buka jam 8 di suruh tunggu meeting sampai jam 10 baru buka, harus di beri terang buka jam 10 saja terimakasih",LAYANAN
Tugas PLN mobile pusat dan PLN mobile daerah tidak sekata. dan tidak ada konkrit sama sekali,UMUM
"Beli pulsa token sering macet. saldo sudah potong token stroomnya tidak kirim dan nyata gagal. telp ke call center, layan juga tidak muas tanya berulang-berulang dan belit kecewa",APLIKASI
"Aplikasi tidak guna percuma lapor tidak ada tugas yang datang, bikin lapor bahwa rumah saya sendiri yang padam krna masalah kabel atau meteran,belum ada yang dtg malah dbuat status dalam lapor nya madam luas itu agan palsu apa bagaimana?",LAYANAN
PLN mobile makin hancur. saya laku pengaduan KWH meter periksa sudah 2 x. eh data tidak masuk...,LAYANAN
"Semenjak perbarui jadi jelek, sinyal bagus juga aplikasi busuk",UMUM
Suka ke logout tiba-tiba,UMUM
Layan live chat sangat lambat,LAYANAN
Parah. token baru bayar via briva lalu ada tulis gagal. uang masih belum kembali.,APLIKASI
"Layan lama pol! mau daftar saja verifikasi data doang nungguin nya sampai hampir 2 minggu, tanya langsung ke cs juga gatau estimasi verifikasi nya sampai kapan, cuman suruh nunggu terus tolong lebih cepat lagi layan",APLIKASI
Tidak ada solusi cuma sayangin paket data saja,UMUM
Kurang tanggap dalam respon adu,LAYANAN
Mau bayar saja susah lambat banget aplikasi ampun.,APLIKASI
Agak lambat sekarang,UMUM
Antara cs PLN pusat dan PLN tempat tidak ada komunikasi. kami di jebak supaya bayar mahal.,LAYANAN
Sampai kapan aplikasi PLN mobile tidak bisa guna,UMUM
Tidak guna fitur pengaduan tidak bisa d pakai,APLIKASI
"Jrengik sampang, kalau sudah jelang maghrib dan sampe malem voltase sering turun ganggu kerja di malam hari tolong segera diperbaiki karena bisa rusak ke alat elektronik yang bisa sebab tegang naik turun jadi tidak stabil",LAYANAN
"Aplikasi ini harap bisa mengakomodir semua keluh dan pengaduan langgan tanpa rumit datang kantor PLN KWH meter saya mati-hidup tiap hari dari magrib sampai isya.sungguh sakit hati kecewa ini sudah jalan sejak bulan februari 2026 sampai saat ini, parah karena belum ada tindak pasti dari PLN mohon",LAYANAN
"Minta verif email. tapi OTP di email tidak bisa dimasukin, salah terus notifnya padahal sudah 2 x",APLIKASI
Kenapa sekarang saya tidak bisa masuk PLN mobile? nomer tidak daftar kata padahal seblumnya baik baik sj. malah reward saya banyak sekali,APLIKASI
"Ini aplikasi bagaimana mati lampu hampir 7 jam belum nyala cek aplikasi dengan tanya sudah nyala atau belum saya klik belum malah bad request bagaimana mau bagaimana klik ya sudah nyala orang sini belum nyala sama sekali, saya kira bakal bantu tapi apa tidak sama sekali, terus sudah gitu bad request harus kasih lapor lagi, padahal pemberitahuan saja tidak ada kalau harus laku adu ya kasih pemberitahuan dulu jangan pas begini baru, aplikasi ini tidak guna",LAYANAN
Sering trobel kalau mau chat layan langgan padahal mau chat listrik sering mati karena trafo sudah tidak kuat... kalau mati nyalain trafo sendiri pake bambu panjang buat nyalain kalau nunggu PLN lama banget,APLIKASI
Agen live chat sibuk terus,APLIKASI
"Keluar sendiri kaga jelas, masuk pake akun yang uda daftar kaga bisa",APLIKASI
"Kenapa banyak app bumn kurang baik dalam kelola maintenance apps itu sendiri, PLN mobile, my pertamina masih cukup sering bug jadi",UMUM
3 jam lebih listrik padam tugas mengapa saja,LAYANAN
Layan lama KWH meter rusak dari tgl 25 mei ampe sekarang belum di perbaiki.,LAYANAN
Yeah you change the UI a bit and i got kicked out to login page so frequently event when i m making payment through va. i need to retype everything from the beginning before i cab start the charging!,APLIKASI
Sangat rumit untuk masuk ke akun yang lama,APLIKASI
Lambat parah,UMUM
Sering error padahal belum aman.,UMUM
Aplikasi tidak singkron,UMUM
"Padahal aplikasi sudah mudah dipake, beli token lebih mudah tapi semenjak login pake nomer hp malah bikin susah. liat id langgan yang sudah daftar ilang semua. mau beli token harus daftarin lagi satu-satu. rumit banget buat yang harus isi token banyak tempat dalam 1 waktu. rumit rumit",UMUM
Percuma pakek PLN mobil... untuk pasang baru tetep harus ke kantor PLN untuk ferivikasi,APLIKASI
Tidak bisa masuk telah di perbarui padahal sudah benar data,APLIKASI
"Layan busuuk, listrik turun terus karena low voltase di damanhuri samarinda... hal ini jadi bisa 2-4 kali dalam bulan karena hal ini kulkas ac saya sudah ada yang rusak. btw ini voltase drop 1 daerah ya damanhuri bukan drmh saya doang, solusi kok kurang guna elektronik pribadi, ini tengah malem ya dmn guna perangkat elektronik dalam jumlah sedikit",LAYANAN
"Tidak guna lapor dsni, tidak ad tindak tugas seandainy ad opsi listril yang lain sayang nya ini konoha",LAYANAN
Pengaduan madam listrik untuk area jakarta belum tuntas namun lapor batal oleh tim PLN tempat,LAYANAN
Sangat kecewa duit saldo ko g bisa dipake terus buat apa banyak-banyak sini tahan buat apa kalau belum siap kembang system jangan coba-coba gaji gede-gede bikin system ko ruwet refund saldo ko sampe 3 hari kerja buat apa nahan-nahan uang orang woiy.hubungi no hotline jawab lama... itu pada mengapa,APLIKASI
"Lucu benar habis perbarui malah logout sendiri dan malah suruh input pin? sudah input pin dengan benar malah salah terus lol, ngaco ini.",APLIKASI
"Sudah buat pengaduan dan sudah disurvey kenapa tidak ada pemberitahuan lagi,ditolak atau sedang proses jadi ada jelas padahal hampir 1 bulan, adminnya di chat cuma baca saja ndk ada tanggap kecewa kecewa",LAYANAN
Transaksi expired terus,APLIKASI
"Lapor tidak ada tindak lanjut. live chat nanya nanya sudah kaya wartawan saja muter muter. telah pakai PLN mobile, banyak dapet telpon tawar pinjol dan judol. apakah nomor nya di bocor dari aplikasi ini?",LAYANAN
"Aplikasi ke logout sendiri, mau login lagi susah banget",APLIKASI
Padahal saya sudah punya akun mapah suruh daftar lagi.,APLIKASI
Parah. token baru bayar via briva lalu ada tulis gagal. uang masih belum kembali. perbarui 13/5/2026 sudah lapor via pengaduan dengan serta bukti screenshot lengkap. cs kata 3-4 hari untuk pemrosesan.,APLIKASI
"Aplikasi nyebelin, tiap selesai transaksi minta rating menganggu banget apalagi kalau sinyal lagi gk stabil lagi masukin nomor stroom malah ganggu sama popup rating yang muter lama. mana sistem makan banyak resource hp,untuk poin juga aneh kira beli token tiap hari buat apa poin kalau di reset terus",UMUM
Dan ledak lagi.trafonya... capek mati lampu sendiri trafo desa sungai sirih jalur 6 singingi kab. antan singingi,LAYANAN
"Aplikasi cacat, ngelag terus sinyal bagus sampe pake wifi juga tetap saja pada saat proses pembayaran malah ngelag, sampah",APLIKASI
Bagaimana ini capek PLN di tempat kami hampir tiap minggu trafo ledak terus sungai sirih jlr 6 singingi kuansing,LAYANAN
"Tolong PLN yang hormat tempat kami travo jlr. 06 sungai sirih singingi antan singingi listrik sering mati karena travo letus akibat lebih beban, kami masyarakat sangat rugi sbab jadi ini ulang kali jadi apa sudah harus bila masyarakat yang kena mati lampu suruh sabar, kami beli loh.! tidak ngutang tolong PLN perhati yang serius",LAYANAN
Ni kenapa telah di perbarui malah di suruh daftar lagi saldo refaund saya jadi ilang pada hal nomer nya sama email nya sama,APLIKASI
Belkangan ini sering logout sendiri,UMUM
"Perbaiki aplikasi dan layan cs nya, tolol. slowres dan layan buruk",LAYANAN
"Kata semua bisa lalu PLN mobile, tapi mohon ubah daya saja sampe 1 bulan bahkan lapor sampai kadaluarsa. tidak ada tindak lanjut, rumit amat mau ubah daya saja",LAYANAN
Loading,UMUM
"Bintang 1 saja aplikasi banyak gangguan, masa iya kita mau pake SPKLU r 2 gangguan nya lama tidak jelas, hubung cs PLN malah tambah tidak jelas",LAYANAN
Buruk,UMUM
"Saya guna mol sering nemuin aplikasi tidak bisa guna seperti saat ini jam 19.50 tgl 14 mei 2026,sy mau ngecas motor tapi aplikasi tidak bisa pakai hdeeuh payah ini PLN profesional dikit bintang 1 kecewa karena bbrp kali nemuin kasus gini.",APLIKASI
Ini kenapa saya tidak bisa isi dari jam 5 sore sampe skrng jam 8 malam? mau ngecas motor listrik jadi susah. padahal jam 3 sore lancar saja tolong di perbaiki lagi sistem untuk ngecas mol nya. terima kasih,APLIKASI
"Waktu ada madam listrik, dan ingin aju pengaduan lewat live chat tidak bisa. live chat selalu sibuk",APLIKASI
"Tolong min, PLN kab simalungun, sumut. baru saja sambar petir di jalan kenang huta i, purbasari camat tapi dolok, kabupaten simalungun, sumut. padam total min. ada nomor yang bisa hubung soal cs 123 tidak bisa di hubung terimakasih min mohon mohon mohon mohon",LAYANAN
"Cek padam sekitar tidak bisa, ubah titik lokasi tidak bisa, lapor padam lambat minta ampun, apa",LAYANAN
"Banyak sekali bug nya, kalian tidak bisa perbaiki apa bagaimana sudah perbarui tetep saja buruk, buruk aplikasi kau! sama saja, sudah clear cache tetep burukk aplikasi buruk seperti layan kaliann! inti kalian instansi paling buruk! kalau tambah daya saja gercep, kalau listrik padam kalian ikut padam atau pura pura padam, buruuk!",UMUM
Kalau mau baik plis jangan d waktu yang d butuh dn juga lama banget... ini 1 aplikasi se indonesia saya mau berangkat juga susah kendala tidak bisa beli KWH tidak semua nya juga tiap skplu ada isi token sudah hampir 5 jam saya nunggu belum juga ada baik kemarin subuh sampe jam 11 siang. tidak tau sekarang dan mohon untuk skplu semua titik yang di garut mohon buat cas motor kasih atap biar cas kami aman pas hujan mohon,APLIKASI
"Tidak bisa login,percuma downloud aplikasi nya dan kirim email juga tidak ada balas",APLIKASI
Ada dana refund di PLN mobile...mau di tarik ke rekening masa harus nunggu 2-5 hari.kenapa engga per detik itu juga masuknya...orang banyak butuh tau...,APLIKASI
Tugas makan gaji buta! sudah 3 x komplain lewat aplikasi tetep saja tidak ada kunjung dari tugas nya padahal di aplikasi terang nya sedang dalam jalan tidak lama dalam jalan status nya ubah lagi jadi dalam baik nyata di lokasi rumah saya tidak ada sama sekali tugas yang datang. tolong di evaluasi kembali tugas yang tidak jelas,LAYANAN
App gag guna,LAYANAN
"Mati lampu dari jam 7 malam sampai jam 3 pagi, lapor via PLN mobile baru di whatsapp operator gangguan ketika uda nyala. sampah",LAYANAN
Mohon tunggu terus,UMUM
Perbaiki aplikasi nya ya saya tadi mau aju adu dan info padam sekitar tidak bisa karena pada bagai lokasi selalu tidak bisa.,APLIKASI
Bukan mudah pln...malah di bikin rumit sama PLN bagai mana kalau belum bayar sudah bayar saja susah benar kembali dan 72 jt tambah daya dari 7700 ke 66.0 sampai detik ini belum ada kembali danannya.sangat sangat buruk sekali layan PLN nya.sudah tidak percaya lagih sama PLN tanjungpriuk,LAYANAN
Proses realisasi pasang baru di PLN rayon kota barat agak lambat. tidak cepat proses di PLN mobile.,LAYANAN
"Tidak bisa guna selalu terang pembayaran kadaluarsa, padahal belum ada duabdetik saya telat pembayaran. tapi terang sudah begitu, berulamg kali coba tetap sama, sampe hari ini tidak bisa guna",APLIKASI
"1. bayar tagihan PLN pascabayar tidak bisa cetak bukti pembayaran langsung dari aplikasi, yang sedia hanya download bukti pembayaran. 2. tidak bisa ganti email. gagal terus saat masuk kode verifikasi yang kirim ke email baru.padahal angka yang masuk sudah benar dan belum lewat waktu",APLIKASI
Puarah,UMUM
Layan sangat buruk,LAYANAN
"Alhamdulillah aplikasi nya sangat membantu,semua trnsaksi digital,pengaduan dan lain-lain ok bgt,trimakasih sangat membmembantu bangett bagus",UMUM
Mau narik saldo di tanggal merah atau hari libur tidak masuk nunggu hari kerja baru bisa. memang tidak ada yang standby aplikatornya?,APLIKASI
Rumit bangat sekarang pembayaran pasang baru sekarang tunggu ferifikasi verifikasi nunggu 1 x 24 jam tolong mudah dan tidak rumit PLN lenteng agung,APLIKASI
"Jadi tidak bisa login. pakai nomor handphone,disuruh pakai email daftar pakai email daftar bingung input login nya mana",APLIKASI
"Kenapa layan sekarang susah harus nunggu verifikasih pembayaran, tinggal bayar saja tunggu terus! mending balikin sudah kyk dulu PLN lenteng agung sytem kyk ginj nyusahin.",APLIKASI
Layan jelek banget,UMUM
Sering error.sdm korup dan bodoh...,UMUM
Layan PLN mobile sangat tidak muas di saat buat lapor pengaduan pasti kilah aplikasi tidak bisa di jalan,LAYANAN
Ganti no hp bug...nomor sudah guna padahal nomor jelas-jelas bebas dari aplikasi nya,APLIKASI
Buruk. servee lambat tidak bisa masuk,APLIKASI
Saran perlu di perbaiki lagi dalam proses kembali saldo ketika langgan ada yang lupa saat cantum nominal pembayaran dan bagai lama sekali dalam proses kendala saat beli token. pernah salah masih nominal beli tokennya. refundnya sangat lama. sampe 2 minggu. tidak di refund kecewa mending beli di e-walet saja. cepat refund dana bila ada salah beli token.,APLIKASI
Tidak layak di pakai...sering hang... bwt sampah ja di hp...bagus isi di provider lain... marah,UMUM
Customer servis tidak guna,LAYANAN
Knapa saya login tidak bisa ya,APLIKASI
Telah di baharu laku pengaduan gagal terus empty value. sudah coba ulang kali sama gagal.,APLIKASI
Tidak responsif,UMUM
Aplikasi tambah lambat saja sekarang,UMUM
Makin rumit,UMUM
Tidak jelas suka ulang-ulang,UMUM
"Kenapa tidak bisa login akun.? suruh masuk pin, kolom pin tidak ada",APLIKASI
Saran perlu di perbaiki lagi dalam proses kembali saldo ketika langgan ada yang lupa saat cantum nominal pembayaran dan bagai lama sekali dalam proses kendala saat beli token. pernah salah ketik nominal beli tokennya. sampe 2 minggu. tidak di refund kecewa mending beli di e-walet saja. cepat refund dana bila ada salah beli token. lebih teliti lagi teman-teman saat beli token nominal harus pas. hati-hati kalau salah ketik tidak bisa refund. kecewa kecewa kecewa kecewa,APLIKASI
"Sangat sangat kecewa dengan aplikasi ini sudah lebih dari 3 kali lapor bahkan sudah telpon ke call center tapi layan buruk,laporan tidak difollow up,tidak ada konfirmasi dari tugas lapangan,makin lama layan makin kurang dulu responnya sangat baik,sekarang lapor juga batal cara pihak",LAYANAN
Untuk pasang PLN baru kurang cepat soal aplikasi kok lambat,LAYANAN
"Bisa tidak kalau pengaduan listrik padam itu ditanggapinnya di aplikasi saja tidak perlu japri wa pribadi ke nomer aku, risih banget, sudah jelas di aplikasi ada lokasi ada alamat masih nanya sharelok... malah nanya berapa rumah, memang sana tidak ada sensor kalau kampung sini mati lampu semua... sudah gitu tugas pada nyuruh di batalin adu tidak tau kenapa... aneh... ngrepotin banget...",LAYANAN
Untuk PLN kalau n aplikasi nga bisa guna untuk pengaduan buat apa ada aplikasi kalian buang-buang anggar negara saja.,APLIKASI
"Parah banget bayar pake allo bank gagal terus sudah coba sampai puluh kali. saldo allo bank masih banyak tapi untuk transaksi gagal terus, contact live chat juga tidak bisa loading terus.",APLIKASI
"Aplikasi keluar sendiri, mau masuk sulit kembali, verifikasi tidak jelas ulang tapi tidak koneksi",APLIKASI
Baik,UMUM
Aplikasi yang sangat buruk yang pernah saya guna mohon ubah daya yang saya aju selalu tidak hasil dan suruh coba lagi ulang ulang.,APLIKASI
"Aplikasi nya makin sulit, pembayaran lewat allo bank tidak bisa sekarang, kata suruh upgrade pake ktp, sudah di upgrade sama saja hasil cuman gegara ada biaya adm nya, skrang di sulit",APLIKASI
"Tidak bisa login. saat ini antusias guna PLN mobile sedang tinggi, coba kembali beberapa saat lagi ya kata gitu terus",APLIKASI
"Layan nya jelek, tidak komunikatif. rumah saya mati listrik sudah 19 jam tetep saja belum ada teknisi yang datang kesini padahal sudah telfon cs 2 kali sudah di wa oleh PLN bekas kota nya langsung tapi benar benar tidak bantu sama sekali... sampe di datengin langsung ke kantor nya nyata tutup hadeuh bagaimana si min?",LAYANAN
"PLN makin hari makin buruk layan nya kta lapor gangguan tugas nya tidak mau datang kata nya,krna hal yang sepele seperti kmi yang tdak thu kek mn ini",LAYANAN
Lambat banget ini aplikasi gembel,UMUM
Aplikasi susah masuknya.pengaduan gagal trs.percuma ada aplikasi kl gk bisa guna,APLIKASI
"Aplikasi sampah, tidak guna. layan betele tele",LAYANAN
Harga listrik makin mahal. pakai listrik makin cepat habis. tidak pernah ada diskon dari PLN untuk guna 2200 va ke atas di kondisi ekonomi seperti sekarang. kami kelas tengah juga berat dengan bagai naik biaya hidup,LAYANAN
Aplikasi punya perintah tidak ada yang becus ganguan terus mau lapor kaga bisa,APLIKASI
"Aplikasi send lapor sering gagal, hosting busuk",APLIKASI
"Susah banget untuk masuk/daftar. telah masuk nomor handphone hanya muter saja, tidak bisa masuk menu ikut padahal hp yang saya pakai hp flgshif. PLN harus segera perbarui syistem atau di tinjau ulang",APLIKASI
Sekarang aplikasi nya lambat sekali... pengaduan sering batal begitu saja...,LAYANAN
"Sudah isi no ktp, no kk, untuk apa upload ktp sama kk lagi",APLIKASI
Download untuk aju pengaduan listrik padam di responnya lama dan loading,LAYANAN
"Hari ini belum juga beli/isi token, tapi sudah batas dan minta isi minimal harus 50.0, aplikasi sampah",APLIKASI
"Aplikasi ampas! orang lagi mati lampu darurat malam-malam butuh tangan cepat, malah stuck di mohon tunggu sampai jam lebih. tidak guna bikin aplikasi kalau servernya begini pas masyarakat lagi butuh bantu bikin emosi saja",APLIKASI
Busuk banget,UMUM
"Mobile apps nya ngelag, usaha monopoli tidak sanggup beli server?",UMUM
"Aplikasi busuk. pas listrik padam tidak bisa di download, pas nyala baru bisa. aplikasi sama bumn nya sama-sama korup",UMUM
Aplikasi sering error tidak ada cara untuk minta code clear tamper,LAYANAN
Tidak bisa login sudah lebih dari 12 jam. lapor di live chat alesannya suruh nunggu terus.,APLIKASI
"Tidak bisa minta kode clear tamper, padahal tanpa kode tidak bisa isi token",LAYANAN
"Loading lama, tidak bisa login",APLIKASI
"Ini kenapa aplikasi PLN mobile beberapa hari ini susah banget untuk buat lapor listrik padam, paket sudah di isi bahkan sampai di hotspot tapi tetap tidak bisa buat lapor mohon di perbaiki untuk aplikasi nya boss PLN",APLIKASI
Aplikasi busuk.login lagi logika lagi...memang kalau bau perintah tidak ada yang becus.sampe aplikasi saja tidak becus,APLIKASI
Aplikasi lambat,UMUM
"Mohon diperbaiki aplikasi mau lapor gangguan tidak bisa apalagi kalau mau lapor meter periksa mohon di tindaklanjuti segera, sedikit ganggu untuk para kerja soal mohon",APLIKASI
Lagi upgrade kah min?gagal terus sudah verifikasi kode juga capek bgt.masukin pun kenapa salah terus,APLIKASI
Ngeleg,UMUM
"Tiap mau masuk,mesti masuk nomor ulang...masuknya pun sulit, lambat",APLIKASI
"Fitur tarik saldo PLN sangat rugi yang harus langsung di terima konsumen sampai sekarang beberapa hari belum masuk rekening, ada ya aplikasi yang tahan uang konsumen",APLIKASI
Aplikasi kentot. kok tidak bisa isi saldo. lha kl mau beli token bagaimana,APLIKASI
Kamu punya server lambat,UMUM
"Nilai ini saya ubah dari bintang 1 ke bintang 5 sesuai dengan kerja dalam atas atau tanggap masalah serta keluh dari langgan terima kasih PLN atas perhati penuh kepada langgan hingga datang ke rumah dan bicara sama kena keluh dan nilai dari langgan moga ke depan ada tingkat untuk lebih baik lagi. edit tugas lapang PLN sudah bagus dalam beri tangan langsung, hanya saja respon dari agen perlu tingkat dan diperbaiki.",LAYANAN
"Tgl 30 april jam 21.32 saya beli token, saat pembayaran lalu virtual account, nyata status kadaluwarsa sedang dana sudah debet dari rekening bank dan status hasil saya sudah kirim email dan telpon 123 beberapa kali, jawab selalu masih investigasi oleh tim it. hari ini, 17 mei, saya call 123 dan jawab masih konsisten. bagai user yang sering guna PLN mobile, hal ini amat kecewa",APLIKASI
"Cpp 01 dan cpp 0-cpp 0 transmart cempaka putih rusak 2 unit, tolong diperbaiki, terimakasih",LAYANAN
Tiap ambil ct atau kode untuk gangguan lama banget kadang-kadang tidak ada balas tah apa sedang ada gangguan sistem atau apa gax ada kabar nya,LAYANAN
"Pada saat mau pembayaran otomatis langsung expired, aplikasi macam apa ini",APLIKASI
Error jika laku pembayaran tagihan via ewallet...,APLIKASI
Layan sudah bagus tapi sayang respon aplikasi sering lambat padahal jaring sudah bagus,UMUM
"Tidak beres,, mau buat pengaduan, tidak bisa-bisa, tidak tembus,, aplikasi aneh tidak beres, perbaiki itu biar beress.",APLIKASI
Lambat susah mau daftar nya,APLIKASI
"Saya langgan PLN adu ke PLN mobile. keluar no pengaduan, histori adu 1. pengaduan di terima, 1 menit 2. tugas tim untul cek lokasi 10 menit 3. dalam jalan 1 jam lebih jarak rumah dengan kancab plan tidak lebih dari 15 menit. 4. dalam kerja padahal tugas belum datang sudah 1 jam 30 menit 5. di telepon ke tugas baru berangkat. perbaiki manajemen layan langgan gilliran telat bayar putus lamgsung, gilir gangguan delay nya minta ampun",LAYANAN
"Aplikasi belum siap guna respons lama, tiap mau laku pembayaran untuk tagihan perlu 5 s/d 10 x dan itu tidak jamin sukses, hasil tetap sj harus pakai aplikasi pihak tiga",APLIKASI
Niat tidak buat aplikasi? buat lapor saja bisa-bisa nya gagal terus.,APLIKASI
Super rumit lapor susah telpon pakai xl belum kelar ngomong pulsa habis via wa tidak ada guna aplikasi loading gk kelar kode area gk bisa hubung,APLIKASI
"Per 18 mei 2026. beli token transaksi kadaluarsa tiba telah 1 detik proses pembayaran dan terus ulang kali error beli di platform lain aman lancar, tidak ada masalah sama perangkat saya dan kapasitas beli KWH masih jauh dari batas.",APLIKASI
Konfirmasi untuk pasang baru lambat respon,APLIKASI
Beberapa waktu akhir ini error tidak bisa submit pengaduan. tolong cek,APLIKASI
Percuma lewat PLN mobile...tetap harus nunggu verifikasi kantor dekat tidak seperti dulu.tidak harus nunggu verifikasi. kantor cabang pun harus nunggu juga verifikasi.ada apa dengan PLN,APLIKASI
"Kecewa banget sama aplikasi ini, saya beli token terus gagal, saldo saya tetep potong tidak di kembali sudah ngadu ke cs malah tidak di peduli",APLIKASI
Sudah tegang turun banget kalau malam. eh. ini mati dadak tidak ada info. buat apa ada PLN mobil bos,APLIKASI
Sangat buruk mau daftar sangat sulit loading lambat,APLIKASI
"Aplikasi tidak bermanfaat,,buat seluruh para tugas dan staf lapang kerja lambat,,giliran belum bayar cepat banget asal putusin listrik aja,pas sudah bayar lunas lambat untuk sambung lagi,,untuk para atas atas PLN tolong untuk lebih tingkat kualitas lapang lg,,4 hari bengkalai listrik saya,,padahal sudah bayar lunas tidak ada tunggak",LAYANAN
Beli yang gagal pada aplikasi ini uang tidak akan kembali dan beli tidak akan terima apa itu token atau uang kembali. ini baru minggu yang lalu saya alami.,APLIKASI
"Parah. token baru bayar via briva lalu ada tulis gagal. uang masih belum kembali. perbarui 13/5/2026 sudah lapor via pengaduan dengan serta bukti screenshot lengkap. cs kata 3-4 hari untuk pemrosesan. perbarui 18/5/2026 dasar riwayat transaksi, status transaksi masih gagal. saya gatau kenapa kok tidak cara otomatis refund ke saldo PLN mobile layak aplikasi payment lain ketika transaksi gagal? saya sedang hubung cs via whatsapp nanti saya perbarui lagi.",APLIKASI
Beli yang gagal pada aplikasi ini uang tidak akan kembali dan beli tidak akan terima apa itu token atau uang kembali. ini baru minggu yang lalu saya alami.,APLIKASI
"PLN tarutung tidak tindak lanjut lapor saya, sudah terus tlp call center PLN tetapi tidak tindak lanjut hanya info tutup lapor sangat kecewa dengan layan PLN tarutung.",LAYANAN
Dengan ada aplikasi PLN mobile saya rasa bantu dan tidak bingung lagi kalau ada kendala kelustrikan,UMUM
"Telah perbarui tiba akun saya log out sendiri,mau masuk sudah makin rumit ckckckck.,parah",APLIKASI
"Aplilasinya diperbaiki, tidak bisa masuk, pesan traffic sedang tinggi. dan pesan iti muncul tiap hari.",APLIKASI
"Listrik di ranca gede. kec. gunung kaler. tangerang banten. sangat parah. listrik sering error mati hidup mati hiup. kerja tidak becus. rugi masyarakat. elektronik pada rusak,",LAYANAN
"Bukan mudahin. malah nyusahin. bagi roti, bos.",UMUM
Lambat laambat,UMUM
"Layan buruk,aplikasi tidak bisa login dan sini sering mati lampu daerah saya",APLIKASI
"Tangan hanya saat inti masalah tidak ada selesai sama sekali, padahal sebab sudah tahu, trafo yang telah cek dari pihak kait nyata sudah oferlout lebih beban, sudah tahun tahun tidak ganti ganti olah olah biar begitu saja.",LAYANAN
"Madam gaada pemberitahuan, padahal kata ada fiturnya di sini, apes banget jadi wni umur hidup. terus madam listrik juga di jam sangat penting, kaya waktu subuh sekitar jam 4-6, ini gila ya? sudah gaada pemberitahuan, lama lagi mati lampu tambah di jam penting, hadeuhh...",LAYANAN
Tidak ada feedback telah laku pengaduan,LAYANAN
Telah diperbarui tiba tiba log out. mau lagin lagi dengan nomor dan email. gk bisa login rena email sudah daftar,APLIKASI
Kerja lambat banget tolong ubah pola kerja,LAYANAN
Mati lampu lagi lagi lagi. paksa bintang ubah dari bintang 1 ke bintang 5 tapi kerja kalian tidak ada mati masih tiap hari mati. lokasi jalan durian kota tanjungbalai,LAYANAN
Kereyn,UMUM
Taik live chat PLN mau komplain saya tidak bisa. kok bisa madam 1 minggu 4 x madam alas pelihara taik,APLIKASI
Tugas proses sambung baru lama,LAYANAN
Ubah titik malah ke laut terus,APLIKASI
Makin hari makin parah avlikasi PLN mobile.gangguan lagi gangguan lgi.kita daftar pasang baru gangguan terus,APLIKASI
Ini bagaimana kok pembayaran kadaluarsa terus pas pake allo wallet perbaiki la gk bisa ngisi jadi,APLIKASI
"Tugas lapang kerja bagus, tetapi admin atau operator di command center call back slow respon, mohon kepada pimpin PLN untuk perhati dan diperbaiki lagi layan itu.",LAYANAN
Tidak tau,UMUM
"Aplikasi bagus, lapang zonk",LAYANAN
"PLN mobile sering sekali gangguan skarang, selalu tidak bisa buat daftar KWH error terus",APLIKASI
"Kata bisa balik nama KWH listrik via PLN mobile, tapi sudah 1 bulan masih tunggu verifikasi. bagaimana ini?",LAYANAN
Lambat banget jaring normal tapi lot minta ampun. tolong diperbaiki,UMUM
"Kenapa listrik di tempat kami sudah 1 tahun lebih tidak pernah normal, selalu besar kecil listrik sehingga banyak barang yang sering rusak",LAYANAN
"Aplikasi tidak jelas transfer an suda hasil tapi di aplikasi ini gagal,ga ngotak uang hangus listrik gagal",APLIKASI
Layan buruk lapor d cancel smdiri oleh aplikasi. bahkan telpon sampai 5 kali... dari jam 6 pagi sampe 20.28 12 jam lebih padam belum ad tindak di samperin bilang lapor hangus... plnkotabaru jambi. mau viral?,LAYANAN
Aplikasi ngak bisa login pake email,APLIKASI
"Kenapa susah diupdate ya?, mau bayar tagihan jadi kendala",UMUM
"Tidak manfaat tidak ada respon dari pihak gangguan, rugi saja kita lapor",LAYANAN
Lama responnya,APLIKASI
Kenapa susah banget di download padahal mau keluar keluh karena kampung kami listrik akhir-akhir ini tidak stabil banget takut elektronik rumah pada rusak gara-gara listrik ini,APLIKASI
"Aplikasi tidak jalan di hp saya redmi note 13 pro 5 g. sudah saya coba sih cache memory, restart, tetap tidak bisa jalan bisa bantu solusi",UMUM
Tiap hari mati lampu. 3 x hari paksa ubah bintang 1 jadi bintang 5 sampai di datang ke rumah... kata kalau bintang 1 kami ini macam g kerja...luar biasa memang jalan durian kota tanjungbalai ini...,LAYANAN
"Parah. token baru bayar via briva lalu ada tulis gagal. uang masih belum kembali. perbarui 13/5/2026 sudah lapor via pengaduan dengan serta bukti screenshot lengkap. cs kata 3-4 hari untuk pemrosesan. perbarui 19/5/2026 telah 6 hari kerja akhir status di riwayat hasil pada sore hari. namun di pagi hari saya sempat kirim token yang sudah pakai dari cs. ini turut saya janggal, di era yang serba otomatis, saya harus tunggu 6 hari, kasih token yang pakai bru bisa sore.",APLIKASI
Untuk buka gitur pengaduan lama dan seperti error atau blank,APLIKASI
"Di aplikasi mohon turun daya mudah,pada nyata kalau bukan milik itu sulit hanya huni kontrak",APLIKASI
Pembayaran selalu kadulawarsa,APLIKASI
Aplikasi niat tidak ini? lambat banget kelas bumn kok gini amat pak kualitas aplikasi,UMUM
"Hanya tombol daftar, harus ada tombol masuk untuk masuk ke akun yang sudah ada akun lama keluar, coba masuk ke akun lama tidak bisa perbarui aneh. not user friendly",APLIKASI
Ketika daftar ubah daya aplikasi nya lambat,APLIKASI
"Aplikasi error, pilih pengaduan loading harap tunggu lama banget sampe 10 menit lebih di tungguin sama saja di close open lagi sama saja loading harap tunggu di menu pengaduan. ini listrik padam sampe 4 jam lebih macam apa coba kelas di kota.",APLIKASI
"Aplikasi banyak bug nya gini kok bisa dapat 4,9 aneh pasti yang reting bot",UMUM
"Mending PLN kasih kelola aplikasi PLN mobile ini ke developer luar negeri, kelola negeri sendiri malah kualitas sangat buruk, saat butuh malah gangguan, malu bukan baik diri malah kutat di sistem yang buruk,",UMUM
"Dulu login dan register pakai email, belum naut ke no hp sekarang jadi susah login karena opsi hanya daftar harus ada option login",APLIKASI
"Slalu tugas dri luar kota di utus, tugas PLN di kota kmi kmn? aneh kali, tugas paling jauh yang di kirim sudah kurang gercep, aneh aneh kek mn nya tugas kmu ni, smpai sekarang tidak ad respon, sudah lebih jam mati lampu",LAYANAN
Hapus cache di aplikasi tidak sedia,UMUM
"Mau upgrade premium gagal terus apa nya yang kurang,ktp sudah selpi sudah tapi kenapa gagal terus,saya hanya mau hubung kan pembayaran bukan mau pinjam uang",LAYANAN
"Di aplikasi dalam tangan tugas sudah satu jam tunggu PLN nya tidak ada yang datang miris kali cara kerja nyaa, untuk ulp medan 6",LAYANAN
"Aplikasi PLN mobile sering gangguan, beli token listrik sudah di bayar tapi status tunggu pembayaran terus",APLIKASI
"Beli token lama banget, tolong di up",APLIKASI
"Kesan sengaja di buat tidak boleh lagi punya alplikasi PLN mobile, saya mmg vocal dan kritis atas layan listruk yang sering padam. kadang hari bisa 5 mati lampu. pernah jyga 24 jam lebih. kahir-akhir ini, aku saya sering minta daftar ulang. padahal itu tidak perlu juga. akhir malah blokir nya. ouas ya? itu mmg yang kalian harafkan.",APLIKASI
"Saldo potong tapi di aplikasi nya masih tunggu pembayaran,uninstall saja",APLIKASI
Gk guna kelah bumn malu ada fitur pengaduan gk guna zudah satu jam pengaduan gk datang-datang teknisi,LAYANAN
"Aplikasi payah. masa tombol yang sedia cuma satu dengan tulis masuk atau daftar telah klik lalu masuk nomor hape dan dapat kode verifikasi, minta alamat email. telah masuk alamat email tulis alamat email telah daftar memang daftar tapi kamu tidak nyediain tombol masuk login. ada tombol masuk atau daftar jadi satu. bagaimana",APLIKASI
Bayar listrik tidak pernah telat tapi PLN rugi.,UMUM
"Tambah id langgan lagi susah banget, gagal gagal... klik livechat tidak temu wk masih salah, sudah saya cek.",APLIKASI
Kontol,UMUM
Sering lambat,UMUM
2 minggu 4 kali mati lampu. tolong di benar bukan di reda sementara.,LAYANAN
"Akun tiba-tiba logout sendiri, mau login lagi tidak bisa... download pake hp yang satu lagi tetep saja tidak bisa hadeh",APLIKASI
"Tugas kurang respon pengaduan kait madam listrik. lokasi sulawesi tengah, kec. bahodopi, kel. lalampu, jln. areta",LAYANAN
Tiba-tiba log out.login ad saran lewat email.pas di masuk email sdah terdaftar...dan g ad pilih lain. aplikasi tolol,APLIKASI
Tahun lalu sempat ada masalah dan saya rating jelek ke PLN sampe tugas PLN akhir respon masa harus di rating jelek dulu baru benar kerja istri sudah berkali-kali telpon dan bikin lapor lapor selalu ubah jadi batal parah PLN,LAYANAN
"Jambi, rabu 20 mei 2026. sejak magrib dengar suara listrik konslet di kabel luar dan listrik padam. nyata hanya area kecil yang dampak 3 x buat pengaduan di mobil PLN status tiba-tiba batal pihak 2 x nelpon 123, 1 x live chat, hanya batas konfirmasi, minta maaf dan suruh pantau pengaduan di aplikasi. tetangga sampai harus ke kantor upt dekat tapi mereka alas tugas sibuk, sedang banyak pengaduan dan sedang antri. saya curiga tidak ada tugas standby.!",LAYANAN
Aplikasi sampah buat pengaduan tidak boleh salah kalau ulang adu tunggu 3 jam aplikasi yang bangun untuk untung pihak,APLIKASI
Akhir-akhir ini listrik sering padam. pengaduan lalu aplikasi gagal. terima kasih layan bintang bintang bintang bintang bintang,LAYANAN
"Sudah bayar NIDI SLO biaya pasang baru tapi tidak pasang di wa cuma diread doang. layan nya buruk sekali, lambat lambat lambat",LAYANAN
Boleh tidak dalam tiap status di pengaduan dapat laku kece tugas jadi bagai langgan tahu kendala ganggu mana karena tiap lapor telah status dalam kerja hanya selang beberapa menit ubah status jadi info padam luas dan tidak ada pilih solusi lagi,APLIKASI
Biasa aplikasi perintah perbarui ngrepotin.,UMUM
"Bikin pengaduan madam tidak pernah di respon, aplikasi tidak guna",LAYANAN
